Link,Source,Kategori,Title,Tanggal,Isi Berita
https://sport.detik.com/sport-lain/d-8666076/lina-hisage-atlet-muda-potensial-cabor-tolak-peluru-dari-papua,sport.detik.com,olahraga,"Lina Hisage, Atlet Muda Potensial Cabor Tolak Peluru dari Papua",2026-09-16 22:02,"Lina Hisage, atlet tolak peluru asal Wamena, Papua Pegunungan, mulai menunjukkan perkembangan signifikan sejak bergabung dengan Papua Athletics Center (PAC) pada Januari 2024. Dalam kurun waktu kurang dari dua tahun, atlet berusia 18 tahun itu mampu meningkatkan catatan lemparannya hingga meraih juara sekaligus memecahkan rekor nasional. Lina mencatat prestasi di ajang ASEAN School Games. Pada 2024, dia meraih juara ketiga dengan tolakan sejauh 12,7 meter. Setahun kemudian, prestasinya meningkat dengan meraih juara pertama setelah mencatat tolakan 14,72 meter pada ASEAN School Games 2025 di Brunei Darussalam. Catatan tersebut sekaligus menjadi bagian dari perjalanan Lina dalam memecahkan rekor yang sebelumnya dia buat sendiri. Rekor pertamanya tercipta dalam ajang invitasi atletik di Jakarta pada 2025 dengan tolakan 13,3 meter. Catatan itu kemudian kembali diperbaiki menjadi 14,72 meter saat berlaga di Brunei.  ""Yang 2024 itu juara 3, 12,7 meter. Kalau yang 2025 ini juara 1, 14,72 meter,"" kata Lina di Mimika Sport Complex, Rabu (16/9/2026). Perkembangan tersebut tidak lepas dari rutinitas latihan yang dijalaninya setiap hari. Karena tetap harus mengikuti kegiatan sekolah, Lina biasanya menjalani latihan pada sore hari.   Materi latihan yang dijalaninya meliputi rotasi, penguatan, hingga latihan kecepatan. Rutinitas tersebut dijalani hampir setiap hari sebagai bagian dari persiapannya menghadapi berbagai kejuaraan. Di tengah rutinitas itu, Lina mengaku pernah mengalami kejenuhan. Untuk mengatasinya, dia biasanya menghabiskan waktu bersama teman-temannya di asrama, seperti berjalan-jalan atau sekadar berkumpul. ""Kalau jenuh biasanya duduk di tempat teman atau jalan-jalan, beli sesuatu, cerita bareng-bareng,"" ujarnya. Bagi Lina, dukungan keluarga menjadi salah satu alasan untuk terus meningkatkan performa. Dia selalu mengingat perjuangan orang tuanya yang selama ini mendukung perjalanannya sebagai atlet. ""Hasilnya saya selalu ingat orang tua saya karena mereka yang sudah berusaha untuk saya. Mereka juga selalu mendukung saya. Itu motivasi saya,"" tutur Lina. Menjadi atlet tolak peluru juga bukan sekadar aktivitas yang dijalani Lina. Dia menyebut atlet tolak peluru adalah cita-citanya. Salah satu sosok yang menjadi inspirasinya adalah atlet tolak peluru putri Amerika Serikat, yang saat ini memegang rekor dunia. Selama menjalani pembinaan di PAC, Lina juga mendapatkan dukungan fasilitas latihan yang menurutnya telah memenuhi kebutuhan atlet. ""Fasilitas sangat bagus dan sangat memadai karena semua peralatan yang kita butuhkan semua ada di sini,"" katanya. Program Latihan Terukur Pelatih tolak peluru PAC, Yeremias Kiriwaib mengatakan perkembangan Lina merupakan hasil dari program latihan yang disusun secara terukur. Materi latihan tidak dibuat secara sembarangan, melainkan melalui evaluasi dan koordinasi dengan tim teknis. ""Materi sehari-hari yang dikasih kami dapatkan dari hasil bongkar pasang dan juga koordinasi dengan tim teknis. Kami punya tim teknis khusus dari PB PASI, sehingga materi dan program latihan yang kami berikan secara harian terukur dan bisa dipertanggungjawabkan progresnya ke depan,"" kata Yeremias. Lina sebelumnya merupakan jebolan PPLP (Pusat Pendidikan dan Latihan Olahraga Pelajar Papua) di Jayapura. Potensinya kemudian membuat Lina dipanggil untuk bergabung dengan PAC pada awal 2024. Menurut Yeremias, kemampuan Lina berkembang karena mampu menyerap program latihan yang diberikan. Selain memiliki potensi, karakter Lina yang dinilai baik juga membantu proses pembinaan. ""Lina jebolan dari PPLP Jayapura di bawah asuhan Coach Tyo, karena mempunyai potensi dipanggil dan bergabung di sini di awal 2024. Kemudian saya latih, syukur anaknya punya karakter yang baik sehingga program yang kami susun dalam tim bisa dia serap dengan baik,"" ujarnya. Hasilnya terlihat dari catatan yang terus meningkat. Setelah memecahkan rekor pada ajang invitasi di Jakarta, Lina kembali memperbaiki catatannya saat tampil di ASEAN School Games di Brunei. Ke depan, Yeremias menargetkan Lina dan atlet lainnya, Elis, dapat terus memperbaiki catatan terbaik masing-masing. Khusus Lina, targetnya adalah kembali meningkatkan personal best pada nomor tolak peluru. ""Untuk Lina dan Elis memang ada target-target tertentu untuk kejuaraan dalam waktu dekat ini. Paling tidak mereka bisa memecahkan personal best mereka masing-masing,"" katanya. Untuk mencapai target tersebut, latihan dilakukan dengan berbagai variasi. Sesi latihan dimulai dengan pemanasan dan aktivasi yang berkaitan dengan pendukung teknik sebelum atlet masuk ke latihan teknik inti. Setelah latihan teknik, atlet kembali menjalani latihan beban yang kemudian dilanjutkan dengan penggunaan medicine ball. Mereka juga mendapatkan latihan penguatan otot inti yang mencakup bagian perut, pinggang, dan punggung. ""Jadi itu semua dilakukan tiap hari,"" kata Yeremias. Selain menjaga aspek fisik dan teknik, pelatih juga memperhatikan kondisi psikologis atlet selama menjalani rutinitas latihan. Yeremias mengatakan atlet diberikan ruang untuk beristirahat dan melakukan aktivitas lain ketika mulai mengalami kejenuhan. Menurut dia, aktivitas di luar latihan seperti berjalan-jalan, nongkrong, atau menonton film dapat membantu atlet mengurangi kebosanan sebelum kembali menjalani program latihan. ""Saya tidak mengekang mereka. Apabila saya lihat mereka sudah jenuh, saya arahkan, ayo nongkrong di situ. Atau ayo bioskop. Syukurnya mereka mengerti sehingga bisa mengurai kebosanan mereka di tengah-tengah sesi latihan,"" ujarnya."
https://sport.detik.com/sport-lain/d-8665977/tim-equestrian-indonesia-turunkan-12-atlet-di-asian-games-2026,sport.detik.com,olahraga,Tim Equestrian Indonesia Turunkan 12 Atlet di Asian Games 2026,2026-09-16 21:26,"Timnas Equestrian Indonesiasudah bertolak ke Jepang jelang bergulirnyaAsian Games 2026. Ada 12 atlet yang turun di sana untuk mendapatkan medali. Timnas Equestrian bertolak ke Aichi-Nagoya, Jepang, Senin (14/9) malam WIB kemarin. Sebelum keberangkatannya, para atlet mengikuti prosesi pelepasan yang dilakukan oleh perwakilan NOC Indonesia, Krisna Bayu di Terminal 3 bandara Soekarno-Hatta, Tangerang, Banten. Ke-12 atlet yang dibawa terbagi dalam 3 disiplin yakni : Dressage, Jumping dan Eventing. Dalam persiapannya menghadapi Asian Games 2026, seluruh atlet Equestrian Merah Putih telah melalui pemusatan latihan intensif selama kurang lebih 6 bulan di Jerman.  Berbekal latihan tersebut membuat tim Eventing yang di perkuat Steven Menayang, Fergi Tri Nur Fajar, Marcho Alexandro dan Muhamad Zaki, optimistis dapat memberikan hasil terbaik.  Sementara itu menurut tim Dressage atau Tunggang Serasi, proses adaptasi antara atlet dan kuda menjadi bagian penting sekaligus tantangan tersendiri. Tim dressage terdiri dari Dara Ningar Prameswari, Karen Herjawan, Audirania Amanda Putri dan Alfaro Manayang.Di hari yang sama, empat atlet dressage yang baru saja menuntaskan latihan di Jerman, yakni Dirga Wira Ramadhan Sahputra, Marco Hence Wowiling, Arserl Rizki Brayudha dan Brayen Nathan Brata-Coolen, juga berangkat menuju Negeri Sakura. Hal tersebut diungkapkan oleh Kellin Baquita sebagai Ketua Pembina NEPI sekaligus penanggung jawab program pelatihan para atlet, yang aktif mendampingi para atlet sejak masa persiapan hingga keberangkatan menuju Aichi-Nagoya. Setibanya di negri Sakura, seluruh atlet Equestrian Indonesia masih memiliki waktu beberapa hari untuk melakukan adaptasi dengan lingkungan dan cuaca setempat, sebelum memasuki masa perlombaan yang dimulai 19 September hingga 4 Oktober."
https://sport.detik.com/moto-gp/d-8665638/marc-marquez-adalah-makhluk-mars,sport.detik.com,olahraga,'Marc Marquez adalah Makhluk Mars',2026-09-16 19:14,"Dalam dua seri terakhir MotoGP 2027, Marc Marquez sukses sapu bersih poin maksimal. Penampilan rider Ducati itu membuat pengamat MotoGP Carlo Pernat menyebutnya seperti makhluk dari Mars. Marquez menyapu bersih MotoGP San Marino di Misano. Ia meraih kemenangan pada Sprint Race dan balapan utama sehingga mengamankan 37 poin dalam satu akhir pekan. Hasil tersebut melanjutkan performa apik Marquez pada seri sebelumnya, ketika meraih 37 poin di MotoGP Aragon. Artinya, Marc mengumpulkan 74 poin maksimal dalam dua seri beruntun.   Bagi Pernat, yang membuat Marquez berbeda bukan sekadar kecepatannya. Gaya balap rider asal Spanyol itu dinilai sudah berubah seiring bertambahnya usia dan pengalaman. Pernat menilai Marquez kini lebih mampu mengendalikan situasi balapan dibandingkan beberapa tahun lalu, tidak lagi terlalu sering mengambil risiko hingga berujung crash. Ia lebih baik dalam membaca kondisi dan mengelola balapan. ""Marquez adalah makhluk Mars. Bahkan seiring bertambahnya usia, dengan semua masalah yang pernah dia alami, dia mampu mengelola balapan dengan cara yang tidak bisa dilakukan pebalap lain,"" ucapnya seperti dilansirMotosan. ""Kita selalu bersulang untuk Marquez. Dalam beberapa Grand Prix terakhir, kita selalu bersulang untuknya, sekarang sudah dua kali berturut-turut. Jika dia adalah Marquez empat atau lima tahun lalu, saya akan mengatakan tidak ada yang seperti dia dalam hal cara dia membalap, meskipun terkadang dia terjatuh.""  ""Sekarang, gaya balapnya juga sudah berubah: dia tidak lagi terjatuh, dia mengelola situasi yang dihadapinya. Karena waktu terus berjalan, dia pernah mengalami masalah pada bahu, tetapi dia mampu mengatasi semuanya. Dan dia mengelolanya dengan sangat baik sampai-sampai, dalam tanda kutip, dia membuat pebalap lain terjatuh. Bukan karena dia mendorong mereka, tentu saja."" Pernyataan Pernat tersebut muncul setelah Marquez tampil dominan di Misano. Ia berhasil mengambil alih posisi terdepan setelah Marco Bezzecchi terjatuh dan kemudian menahan tekanan Jorge Martin sebelum meraih kemenangan. Marc Marquez kini berada di puncak klasemen MotoGP 2026 dengan 274 poin, sama dengan Jorge Martin tetapi unggul jumlah kemenangan. Kemenangan di Misano menjadi kemenangan GP kelimanya dalam tujuh balapan terakhir."
https://sport.detik.com/raket/d-8665674/alwi-ubed-hingga-yusuf-petik-pengalaman-dari-kento-momota,sport.detik.com,olahraga,"Alwi, Ubed, hingga Yusuf Petik Pengalaman dari Kento Momota",2026-09-16 19:14,"Alwi Farhan, Moh Zaki Ubaidillah dan Muhamad Yusuf memetik pelajaran berharga dari Kento Momota. Itu untuk modal tampil diAsian Games 2026. Tim bulutangkis Indonesia telah menyelesaikan rangkaian pemusatan latihan di Tokyo dan akan bertolak ke Nagoya pada Kamis (17/9) pagi untuk masuk ke perkampungan atlet. Pada training camp terakhir tim bulutangkis di Tokyo, Momota menjadi mentor sekaligus sparring partner tim tunggal putra Indonesia.   Tiga dari empat tunggal putra Indonesia yaitu Alwi, Ubed sapaan akrab Moh Zaki Ubaidillah, dan Yusuf, berstatus debutan dan akan menjadi andalan tim bulutangkis di Asian Games Aichi-Nagoya 2026. Selain ada Jonatan Christie. ""Kami tahu Kento Momota sesuperior apa dulu jadi bisa bermain bareng hari ini pastinya senang dan sebuah kehormatan. Pengalaman yang tidak bisa dilupakan,"" kata Alwi dalam keterangan tertulisnya, Rabu (16/9/2026). ""Senang bisa berbagi lapangan dengan dia, tadi juga Momota sempat memberikan evaluasi dan masukan tentang cara main ke saya,"" ucap Ubed. Bagi Alwi dan Ubed, walaupun ini Asian Games pertama, namun mereka punya pengalaman memperkuat Indonesia untuk ajang dengan persaingan ketat seperti SEA Games, Piala Sudirman, hingga Piala Thomas. ""Pastinya kami bersyukur dan senang juga bisa mewakili Indonesia di Asian Games. Kami ingin memaksimalkan kesempatan yang ada. Ini Asian Games pertama dan dengan hasil kemarin di SEA Games untuk saya dan Ubed cukup meyakinkan jadi ada modal bagus untuk ke multievent yang levelnya lebih tinggi,"" ucap Alwi. ""Persiapan individunya sejauh ini Alhamdulillah cukup lancar. Persiapan bersama tim pun juga berjalan dengan baik. Kami siap untuk bertanding di minggu depan,"" tambah Ubed.  Berbeda dengan Yusuf yang belum punya pengalaman tampil di turnamen besar. Dukungan senior sangat berguna baginya untuk meningkatkan percaya diri. ""Pastinya awal-awal ada groginya tapi dari senior terus mengingatkan buat lebih enjoy saja,"" ucap Yusuf. ""Mereka selalu berpesan untuk menganggap ini seperti turnamen individu saja. Tetap fokus, semangat dan lebih tenang,"" ujarnya. Asian Games Aichi-Nagoya 2026 cabang bulutangkis bergulir pada 20-24 September (beregu) dan 25-29 September (perorangan) di Ichinomiya City Municipal Gymnasium, Aichi, Jepang."
https://sport.detik.com/sport-lain/d-8665623/viral-soal-cepirit-atlet-hyrox-ini-malah-didiskualifikasi-karena-ke-toilet,sport.detik.com,olahraga,"Viral soal Cepirit, Atlet Hyrox Ini Malah Didiskualifikasi karena ke Toilet",2026-09-16 18:14,"Di tengah viral insiden cepirit pada ajangHyrox, ada atlet Malaysia mengaku sebaliknya. Ia didiskualifikasi karena pergi ke toilet. Melansir The Rakyat post, adalah Zarif Zakaria yang kena apes. Atlet Malaysia itu didiskualifikasi dari Hyrox Bangkok, Thailand, bulan lalu. Gara-garanya, ia mengaku sempat pergi ke toilet sebelum perlombaan dimulai. Zarif jadi agak telat, dan akhirnya malah didiskualifikasi.  Hal itu ia bagikan di media sosial Threads-nya. Ia kesal sebab pada ajangHyroxBeijing, atletJoanna Wietrzykjustru diperbolehkan menyelesaikan perlombaan meski cepirit dan kotorannya ke mana-mana. ""Saya kena DQ cuma karena pergi ke toilet sebelum perlombaan. Kok bisa orang ikut lomba saat kena diare dan tidak didiskualifikasi,"" tulisnya. Zarif juga membagikan foto aksinya di Hyrox Bangkok dan catatan waktunya. Ada keterangan tertulis DQ atau diskualifikasi di catatan waktunya.  Saat disinggung soal alasan kenapa bisa didiskualifikasi, Zarif menjelaskan dirinya memang telat ikut start. Namun, ia tetap mempertanyakan kenapa ada atlet yang mencret dan tetap diperbolehkan ikut lomba. Unggahan itu ia buat menanggapi insiden viral di Hyrox Beijing akhir pekan lalu. Pemegang rekor dunia, Joanna Wietrzyk, kedapatan berlomba meski cepirit di tengah sesi. Atlet asal Australia itu mengalami diare hingga mencret di celana, namun tetap melanjutkan race. Kotorannya mengalir di kakinya, dan fotonya viral di media sosial. Wietrzyk akhirnya bisa menyelesaikan perlombaan, bahkan memenangkannya. Ia kemudian mengunggah foto sedang di rumah sakit, dan menyindir mereka yang mengkritiknya. Hyroxkemudian disorot karena dianggap mengabaikan protokol kesehatan dan standar perlombaannya. Sempat pasang badan, pendiri olahraga indoor itu, Moritz Furste, akhirnya meminta maaf dan akan mengubah aturanHyroxgara-gara insiden tersebut."
https://sport.detik.com/raket/d-8665432/dukung-eks-partner-di-asian-games-dejan-jaga-impian-main-di-olimpiade,sport.detik.com,olahraga,"Dukung Eks Partner di Asian Games, Dejan Jaga Impian Main di Olimpiade",2026-09-16 18:14,"Dejan Fedinansyah/Felisha Alberta Nathaniel Pasaribu memberikan dukungan kepada dua pasangan ganda campuran Indonesia yang tampil di Asian Games 2026. Keduanya tak iri meski kesempatan tampil di multievent Asia belum datang kepada mereka. PBSI mengirimkan dua pasangan ganda campuran ke Asian Games Aichi-Nagoya 2026 yang berlangsung pada 19 September hingga 4 Oktober. Mereka adalah Amri Syahnawi/Nita Violina Marwah dan Nikolaus Joaquin/Siti Fadia Silva Ramadhanti. Amri/Nita merupakan pasangan ganda campuran murni. Sementara Joaquin/Fadia merupakan ""pasangan cabutan"" dari sektor ganda putra dan ganda putri. Tapi Dejan tetap memberikan dukungan kepada keduanya.   ""Ada harapan lah. Ini juga buat Indonesia kok. Kalau mix double bagus, mau Amri/Nita, Joaquin/Fadia juga kan untuk Indonesia juga. Jadi kita doakan lah buat mereka,"" kata Dejan saat ditemui di Pelatnas PBSI, Cipayung, Rabu (16/9/2026). Dejan sejatinya juga memiliki keinginan untuk tampil di Asian Games. Apalagi, eks tandemnya, Fadia, kembali bermain di sektor ganda campuran. Namun, Dejan tak mempermasalahkan komposisi pasangan yang dipilih untuk Asian Games 2026. Ia menilai keputusan tersebut merupakan bagian dari strategi dan tetap ditujukan untuk kepentingan Indonesia.  ""Enggak lah. Ini kan strategi, akhirnya buat Indonesia juga. Belum rezekinya saja,"" lanjutnya soal komposisi pemain. Dejan tetap menyimpan ambisi untuk tampil di ajang multievent tersebut. Namun, untuk saat ini, ia memilih menatap target yang lebih besar, yakni Olimpiade. ""Pengen lah (main di Asian Games). Semua pasti ingin main Asian Games, cuma kan belum waktunya. Olimpiade? Amin. yang penting Itu saja, dan juara Olimpiade. Amin,"" pungkas Dejan."
https://sport.detik.com/raket/d-8665429/bagas-apri-tak-minder-mulai-dari-nol-di-ganda-campuran,sport.detik.com,olahraga,Bagas/Apri Tak Minder Mulai dari Nol di Ganda Campuran,2026-09-16 17:14,"Bagas Maulana/Apriyani Rahayu tak minder meski harus kembali berjuang dari nol. Mereka menjadi pasangan baru di sektor ganda campuran dan siap menjalankan peran sebagai pelapis Amri Syahnawi dkk. Seperti diketahui, Pelatih Kepala Ganda Campuran Nova Widianto mengubah komposisi sebagian pemain di sektor ganda campuran. Bagas/Apri pun mulai menjalankan status sebagai tandem sejak September ini. ""Pelatih pasti menginginkan ada pelapis untuk mix double dan kami ingin juga. Sekarang kami juga sudah pure main mix, tak bisa (pindah) ke ganda. Jadi kami mau memaksimalkan itu dan tak ingin menyia-nyiakan pelatih karena sudah dipercaya. Kami ingin membuktikan,"" kata Bagas di Pelatnas PBSI, Cipayung, Rabu (16/9/2026).  Baik Bagas maupun Apri sejatinya bukan atlet baru. Keduanya sudah berpengalaman dan mengoleksi gelar di turnamen besar dari sektor masing-masing, yakni ganda putra dan ganda putri. Bagas pernah menjuarai All England 2022 dan Korea Open 2024. Sementara Apri merupakan peraih medali emas Olimpiade 2020 di Tokyo.  Dengan status sebagai pemain yang sudah senior, matang, dan kenyang pengalaman, bukan tidak mungkin ada rasa minder ketika harus kembali membangun semuanya dari awal. Namun, hal itu tidak dirasakan Bagas/Apri. Pasangan yang sama-sama berusia 28 tahun itu justru melihat tugas tersebut sebagai tantangan baru yang harus dihadapi dengan jiwa petarung. ""Sebenarnya dilihat dari situ sudah matang. Cuma kami harus berpikir kembali lagi jangan berpikir seperti itu. Awal dari ganda putra, ke mix juga, sama harus dari nol lagi. Ini sebenarnya enggak apa-apa sih,"" ujar Bagas. ""Kalau jiwa petarung sih enggak ada begitu. Anggap saja ini tantangan baru. Gas lagi. Lagian masih muda kan,"" ucapnya mantap. Apri sepakat dengan Bagas. Baginya, keputusan pindah ke ganda campuran merupakan pembuktian bahwa dirinya masih mampu bersaing dan masih banyak hal yang bisa dieksplorasi.  ""Ini perubahan baru, tantangan buat saya untuk lebih, kenapa tak diambil karena saya merasa masih bisa. Dari diri sendiri merasa lebih mampu. Masih banyak yang bisa dieksplore, dan saya masih mau belajar lagi. Bagas juga sama ya sudah kita hajar saja,"" kata Apri. ""Challengesih. Tantangan baru juga buat kami. Kami tak ingin melihat, kami sudah lama nih di sini, sudah senior. Masih muda lah kami,"" tegasnya. Tak hanya itu, Bagas/Apri juga siap bekerja lebih keras. Sebagai pasangan baru, mereka belum memiliki peringkat di sektor ganda campuran. ""Kalau saya dan Bagas memang harus ekstra karena poin kami tak ada. Jadi harus ekstra banget. Harus benar-benar hasilnya yang baik saja. Yang bagus banget gitu. Bukan bagus saja. Karena modal buat poin kami tahun depan,"" kata Apri."
https://sport.detik.com/sport-lain/d-8665500/alfamart-run-2026-siap-digelar-3-3-juta-orang-berebut-5-000-tiket,sport.detik.com,olahraga,"Alfamart Run 2026 Siap Digelar, 3,3 Juta Orang Berebut 5.000 Tiket",2026-09-16 16:14,"Ajang lari bergengsi Alfamart Run 2026 siap digelar di Plaza Parkir Timur Senayan, Gelora Bung Karno (GBK), Jakarta, Minggu (18/10). Gelaran olahraga yang dipadukan dengan ragam hiburan ini diikuti oleh 5.000 peserta terpilih. Tingginya antusiasme publik terlihat dari jumlah pencari tiket di aplikasi Alfagift dan mekanisme ballot yang sukses menembus angka 3,3 juta orang. Kompetisi lari berskala nasional ini sekaligus menjadi bagian dari kemeriahan perayaan ulang tahun ke-27 Alfamart. Marketing Director Alfamart Ryan Alfons Kaloh memaparkan ajang olahraga bergengsi ini sengaja dirancang sangat eksklusif.  ""Alfamart Run memang kami rancang eksklusif dengan jumlah peserta terbatas. Tahun ini slot kami tambah menjadi 5.000 peserta, namun antusiasmenya jauh lebih besar. Sekitar 3,3 juta orang mengikuti war ticket melalui Alfagift. Artinya, tingginya peminat memang belum sebanding dengan kapasitas yang tersedia,"" papar Ryan pada keterangan tertuilsnya, Rabu (16/9/2026). Ryan menyebut antusiasme peserta dari berbagai daerah selalu sangat luar biasa setiap tahunnya. ""Peserta Alfamart Run tidak hanya berasal dari Jabodetabek. Pada penyelenggaraan sebelumnya, kami melihat ada peserta yang datang dari Bandung, Yogyakarta, Surabaya, bahkan dari luar Pulau Jawa. Jadi memang antusiasmenya cukup luas,"" ungkap Ryan. Daya tarik utama perhelatan kelima ini terletak pada goodie bag spektakuler dengan berat mencapai 50 kilogram. Peserta bisa membawa pulang berbagai produk makanan, minuman, hingga kebutuhan rumah tangga senilai lebih dari Rp 4 juta. Tas berukuran jumbo tersebut diproduksi secara khusus dengan menggandeng UMKM Intako Tanggulangin asal Sidoarjo. ""Peserta Alfamart Run bukan hanya mendapatkan pengalaman berlari. Setelah mencapai garis finis, mereka juga membawa pulang goodie bag dengan isi yang cukup banyak, bahkan bobotnya mencapai sekitar 50 kilogram,"" jelas Ryan. Pihaknya menegaskan buah tangan seberat puluhan kilogram tersebut merupakan bentuk apresiasi tertinggi dari perusahaan untuk para pelari. ""Kami ingin memberikan pengalaman yang lebih bagi 5.000 peserta yang tahun ini berhasil mendapatkan tiket,"" sambungnya. Alfamart telah menyiapkan total hadiah podium senilai Rp 250 juta bagi 252 pelari tercepat di kategori lomba 5K dan 10K. Terdapat pula pengundian doorprize fantastis berupa dua unit mobil listrik Wuling Aira EV. Perhelatan sport entertainment ini turut dimeriahkan oleh penampilan Padi Reborn hingga Brand Ambassador Ibnu Jamil dan Ririn Ekawati. Acara ramah lingkungan ini mengusung konsep keberlanjutan lewat penggunaan jersey hasil daur ulang 12 botol plastik. Menteri Pemuda dan Olahraga Republik Indonesia Erick Thohir turut memberikan apresiasinya terhadap penyelenggaraan ini. Alfamart Run dinilai sukses mendorong gaya hidup aktif dan memperluas ekosistem olahraga secara nasional."
https://sport.detik.com/raket/d-8665358/tatap-tur-eropa-dejan-felisha-lapar-gelar-juara,sport.detik.com,olahraga,"Tatap Tur Eropa, Dejan/Felisha Lapar Gelar Juara",2026-09-16 16:14,"Pasangan baru ganda campuranDejan Ferdinansyah/Felisha Alberta Nathaniel Pasaribuakan menjalani tur Eropa dalam waktu dekat. Mereka lapar gelar! Dejan/Felisha diumumkan menjadi tandem sejak Nova Widianto masuk sebagai pelatih ganda campuran diPelatnas PBSI.Saat ini, keduanya masih dalam tahap mematangkan chemistry. ""Lebih ke polanya seperti apa, mainnya seperti apa, karena satu sama lain sudah tahu lah cara mix double main. Cuma lebih ke kebiasaannya saja sih. Seperti 'Oh mainnya seperti ini, polanya seperti ini'. Memadukan seperti itunya yang masih harus dicari-cari lagi,"" ujar Dejan saat ditemui di Pelatnas PBSI, Cipayung, Rabu (16/9/2026).   Bagi Dejan, perubahan pasangan bukan hal baru. Sejak bergabung Pelatnas pada awal Januari 2025, ini menjadi kali keempat ia berganti pasangan.Tiga pasangan sebelumnya yaitu Siti Fadia Silva Ramadhanti, Bernadine Anindya Wardana, dan Apriyani Rahayu. Ia berharap duetnya dengan Felisha bisa lebih langgeng dan berprestasi.Kendati pada akhirnya, status pasangan baru tersebut membuat keduanya kembali merintis dari awal. ""Harapannya prestasinya jauh lebih dari sebelumnya. Kalau prestasi bagus, ya pasti lama (tandemnya). Ya semoga ini jadi awal mula kebangkitan,"" katanya.  Sementara bagi Felisha, setelah cukup lama absen dari turnamen BWF, dia mengaku sudah sangat lapar untuk kembali bertanding dengan partner barunya. Felisha terakhir kali bertanding di Indonesia Open Juni 2026. Rencananya, mereka akan tampil Denmark Open mulai 13-18 Oktober dan French Open pada 20-25 Oktober mendatang. ""Saya sudah lapar pertandingan. Lapar. Dalam arti ya seperti, orang lagi kelaparan, maksudnya nafsu banget. Saya kondisinya begitu. Lapar juara? Ya lapar juara bukan lapar pertandingan,"" tegasnya. Melihat optimisme Felisha, Dejan tak kalah antusias. Dia merasa terpacu dengan semangat rekannya tersebut. ""Ya bagus lah. Dia saja sudah lapar apalagi saya. Saya senang sih bisa main level atas, dikasih lagi kepercayaan di sana. Tujuan saya ke sini adalah ingin cari prestasi. Apalagi ada kesempatan seperti ini, pasti lah, dia lapar, saya mau makan. Kita makan prestasinya,"" ucap Dejan"
https://sport.detik.com/moto-gp/d-8665387/senna-agius-lengkapi-grid-motogp-2027-simak-daftar-lengkap-rider-musim-depan,sport.detik.com,olahraga,"Senna Agius Lengkapi Grid MotoGP 2027, Simak Daftar Lengkap Rider Musim Depan",2026-09-16 15:14,"Grid MotoGP 2027 akhirnya lengkap. Senna Agius resmi naik kelas dari Moto2 ke MotoGP dan akan memperkuat Tech3 KTM mulai musim depan. Pebalap Australia berusia 21 tahun itu menjadi bagian dari line-up baru Tech3 bersama Luca Marini. Kepastian tersebut sekaligus melengkapi susunan pebalap MotoGP untuk musim 2027. Agius akan menjalani debutnya di kelas premier pada era baru MotoGP. Mulai musim depan, MotoGP menggunakan mesin 850 cc dan ban Pirelli.  Tech3 KTM resmi mengumumkan Agius sebagai pebalap untuk MotoGP 2027. Rider kelahiran Australia itu mendapatkan kesempatan naik kelas setelah menunjukkan performa kompetitif di Moto2. Agius sudah mengoleksi empat kemenangan di Moto2. Ia juga menjadi salah satu pebalap yang akan menjalani debut MotoGP pada musim 2027.  Selain Agius, ada empat rookie lainnya yang diproyeksikan tampil di MotoGP musim depan. Mereka adalah David Alonso, Dani Holgado, Izan Guevara, dan Nicolo Bulega. Alonso, Holgado, dan Guevara merupakan pebalap yang berasal dari Moto2. Sementara Bulega naik ke MotoGP setelah berkiprah di WorldSBK. Agius menyambut kepastian tersebut sebagai pencapaian besar dalam kariernya. ""Hari ini, saya sudah mewujudkan sebuah impian jangka panjang: menembus MotoGP,"" kata Agius seperti dilansirCrash.net. ""Saya sudah bekerja keras selama bertahun-tahun untuk mencapai momen ini. Saya sangat berterima kasih kepada Guenther dan seluruh orang di Tech3 yang percaya kepada saya dan memberikan kesempatan ini."" ""Saya tidak sabar membalas kepercayaan mereka. Saya tahu tantangan yang menanti, tetapi saya siap belajar, bekerja keras, dan menjadi versi terbaik dari diri saya bersama tim ini,"" tuturnya.  Kepastian promosi ke MotoGP datang ketika Agius masih bersaing di Moto2 2026. Agius sudah empat kali memenangi balapan Moto2. Ia juga meraih pole position untuk Moto2 San Marino di Misano. Namun, akhir pekannya di Misano berakhir mengecewakan. Agius tersingkir pada Tikungan 1 dan gagal menyelesaikan balapan. Insiden tersebut juga membuat posisinya di klasemen Moto2 turun ke peringkat keempat dengan 149 poin. Tapi performanya sepanjang musim sudah cukup untuk meyakinkan Tech3 KTM memberinya kesempatan tampil di MotoGP. Manajer tim Tech3 Nicolas Goyon menyebut Agius memiliki kecepatan dan mentalitas untuk menghadapi tantangan baru di MotoGP.  ""Senna telah menunjukkan sepanjang kariernya di Moto2 bahwa dia memiliki kecepatan dan mentalitas untuk menghadapi tantangan baru ini. Dia masih muda, jadi ada banyak potensi yang bisa kami kembangkan bersama, dan kami senang menjadi bagian dari tahap berikutnya dalam kariernya."" Goyon juga menilai perubahan regulasi MotoGP pada 2027 menjadi tantangan tersendiri bagi seluruh pebalap. MotoGP akan menggunakan mesin 850 cc, sementara Pirelli menjadi pemasok ban menggantikan Michelin. Menurut Goyon, situasi tersebut juga membuka peluang bagi Tech3 dan Agius untuk membangun sesuatu bersama sejak awal era baru. ""Senna sangat ingin belajar, dia bekerja keras, dan dia sudah menunjukkan bahwa dia mampu bersaing di barisan depan. Kami sangat senang dia bergabung dengan Tech3 dan tidak sabar melihat apa yang bisa kami capai bersama."" Promosi Agius membuat Australia tetap memiliki wakil di grid MotoGP 2027. Jack Miller dipastikan pindah ke WorldSBK mulai musim depan. Miller telah menandatangani kontrak dengan Yamaha untuk tampil di WorldSBK pada 2027 dan 2028. Dengan demikian, Agius akan menjadi satu-satunya rider Australia di grid MotoGP musim depan. Kehadirannya juga bertepatan dengan masuknya Adelaide ke kalender MotoGP. Mulai 2027, Grand Prix Australia akan digelar di Adelaide, menggantikan Phillip Island sebagai tuan rumah."
https://sport.detik.com/raket/d-8665053/ana-trias-fokus-medali-di-asian-games-2026,sport.detik.com,olahraga,Ana/Trias Fokus Medali di Asian Games 2026,2026-09-16 14:14,"Ganda putriFebriana Dwipuji Kusuma/Meilysa Trias Puspitasarimenyatakan siap tempur diAsian Games Aichi-Nagoya 2026.Meski berstatus debutan dan senior, keduanya sepakat menargetkan medali. Ana/Trias merupakan salah satu pasangan ganda putri yang diturunkan PBSI di multievent terbesar se-Asia empat tahunan tersebut. ""Target ada cuma kita harus fokus satu-satu. Medali,"" kata Trias kepada pewarta di Pelatnas PBSI, Cipayung.   Asian Games tahun ini bakal menjadi pengalaman yang berbeda bagi keduanya. Trias akan melakoni Asian Games pertamanya, sementara Ana sudah yang kedua. ""Persiapan sejauh ini cukup baik. Apa yang perlu diperbaiki, akan terus kami perbaiki setiap hari,"" kata Ana, yang mengaku senang kembali dipercaya tampil di Asian Games. ""Saya senang bisa bermain Asian Games untuk kedua kalinya. Ini benar-benar menjadi kesempatan besar bagi kami untuk menunjukkan yang terbaik,"" lanjutnya. ""Rasanya mungkin lebih senang pertama. Yang kedua, mempersiapkan mainnya mau gimana,"" tambahnya.  Sementara Trias mengaku tidak gugup meski ini Asian Games pertamanya. Pengalaman bermain beregu di SEA Games membuatnya lebih tenang. ""Ini Asian Games yang pertama. Kekuatan. Aku sedang meningkatkan kekuatanku. Aku sudah terbiasa bermain beregu di SEA Games, jadi aku netral saja,"" ungkap Trias. Keduanya juga saling berbagi demi menjaga kekompakan satu sama lain. ""Kami selalu sharing apa yang perlu diperbaiki, apa yang sudah baik, dan apa yang perlu ditingkatkan. Kami selalu berkomunikasi, tidak hanya dengan Trias, tetapi juga dengan para pelatih kami,"" kata Ana. Menyoal janji pemerintah terkait bonus Rp3 Miliar bagi peraih emas Asian Games, Ana menyebut hal tersebut sebagai motivasi tambahan. Tapi ia juga tak ingin jadi mengganggu fokus. ""Tentu kita semakin semangat mendengar itu tapi harus lebih fokus dalam mainnya, match per match. Nanti hasil akan mengikuti dengan usaha kita,"" tegasnya."
https://sport.detik.com/moto-gp/d-8664822/jadwal-motogp-austria-2026-di-akhir-pekan-seri-ke-15-musim-ini,sport.detik.com,olahraga,"Jadwal MotoGP Austria 2026 di Akhir Pekan, Seri ke-15 Musim Ini",2026-09-16 13:14,"MotoGP 2026 berlanjut ke Austria akhir pekan ini. Red Bull Ring menjadi arena seri ke-15 musim ini, dengan persaingan perebutan posisi teratas klasemen yang semakin panas setelah Marc Marquez merebut puncak klasemen MotoGP dari Jorge Martin walaupun kedua rider punya poin yang sama. Marquez untuk pertama kalinya memimpin klasemen MotoGP musim ini setelah meraih kemenangan ganda di Misano, ditambah hasil Jorge Martin yang finis kelima. Hasil itu membuat persaingan klasemen makin sengit dengan kedua rider kini memiliki jumlah poin: 274. Namun, Marquez berhak berada di posisi teratas karena memiliki jumlah kemenangan balapan utama lebih banyak. Marquez sudah mengoleksi lima kemenangan Grand Prix musim ini, sedangkan Martin baru meraih satu kemenangan.   Martin sebelumnya memimpin klasemen sejak seri Assen. Kini, juara bertahan MotoGP tersebut harus mempertahankan posisinya saat persaingan berlanjut di Red Bull Ring. GP Austria menjadi balapan kedua secara beruntun di Eropa setelah seri San Marino. Rangkaian MotoGP 2026 kemudian berlanjut ke Jepang sebelum Indonesia menjadi tuan rumah di Mandalika pada Oktober. Selain persaingan Marquez dan Martin, akhir pekan di Austria juga akan dimulai dengan rangkaian sesi latihan, kualifikasi, Sprint Race, hingga balapan utama. Jumat, 18 September 202614.00 WIB - Moto3 FP114.50 WIB - Moto2 FP115.45 WIB - MotoGP FP118.15 WIB - Moto3 Practice19.05 WIB - Moto2 Practice20.00 WIB - MotoGP Practice Sabtu, 19 September 202613.40 WIB - Moto3 FP214.25 WIB - Moto2 FP215.10 WIB - MotoGP FP215.50 WIB - Kualifikasi MotoGP17.45 WIB - Kualifikasi Moto318.40 WIB - Kualifikasi Moto220.00 WIB - MotoGP Sprint Minggu, 20 September 202614.40 WIB - MotoGP Warm Up16.00 WIB - Moto3 Race17.15 WIB - Moto2 Race19.00 WIB - MotoGP Race"
https://sport.detik.com/moto-gp/d-8664759/mau-kompetitif-lagi-kenapa-quartararo-tak-coba-dapatkan-motor-ducati,sport.detik.com,olahraga,"Mau Kompetitif Lagi, Kenapa Quartararo Tak Coba Dapatkan Motor Ducati?",2026-09-16 10:14,"Tak bisa dipungkiri bahwaDucatimasih jadi tolok ukur di MotoGP. Lantas, mengapaFabio Quartararotak mencoba bergabung dengan tim yang bernaung di Ducati? El Diabloakan mengakhiri kerja samanya selama delapan tahun dengan Yamaha pada akhir MotoGP 2026. Quartararo telah mengumumkan akan memperkuat Honda pabrikan mulai musim depan. Kesulitan Yamaha di empat musim terakhir jadi latar belakangnya. Quartararo belum lagi memenangi balapan sejak jadi kampiun di Sachsenring pada 2022 alias empat tahun lalu. Semakin mengecewakan karena Quartararo hanya sekali naik podium (P2) dalam 61 seri terakhir.   Di tengah Yamaha yang jeblok, Ducati justru mendominasi. Para penunggang Desmosedici menyapu bersih empat musim terakhir dengan titel-titel juara dunia yang diraih Francesco Bagnaia (2), Jorge Martin, dan Marc Marquez. Enam pebalap telah dipastikan akan menunggangi motor Ducati pada 2027. Ducati pabrikan mengandalkan duet Marquez dan Pedro Acosta, sedangkan tim-tim satelit seperti Gresini dan VR46 menandemkan Joan Mir dan Daniel Holgado serta Fermin Adelguer dan Nicolo Bulega berturut-turut.  Fabio Quartararomenjelaskan alasannya memilih Honda sekaligus tak mencoba mendapatkan kursi pebalap di tim Ducati. ""Karena kupikir Honda, selama beberapa tahun sampai sekarang, telah menjalani periode di mana mereka ingin juara lagi,"" ujar rider Prancis ini. ""Honda mengerahkan seluruh sumber daya yang mereka punya untuk comeback. Dengan perubahan regulasi, motor-motor baru, dan ban baru, kurasa Honda bisa membuat kejutan dan memproduksi sebuah motor yang sangat kompetitif."" ""Kami pernah bertemu dengan beberapa pabrikan, termasuk Honda. Di pertemuan-pertemuan itu, aku punya banyak sekali pertanyaan, dan tidak hanya menjawab pertanyaan-pertanyaanku, mereka menunjukkan kepadaku banyak hal tentang proyek mereka yang membuatku memutuskan untuk bergabung,""Quartararomengatakan kepadaMotorsport."
https://sport.detik.com/sport-lain/d-8664657/sejarah-jakbar-juara-umum-porprov-dki-jakarta-kenneth-dprd-dki-guyur-bonus-jutaan-rupiah,sport.detik.com,olahraga,"Sejarah! Jakbar Juara Umum Porprov DKI Jakarta, Kenneth DPRD DKI Guyur Bonus Jutaan Rupiah",2026-09-16 08:14,"Kontingen atlet pelajar Jakarta Barat (Jakbar) mengukir sejarah dengan menjadi juara umum Pekan Olahraga Pelajar Provinsi (Porprov) DKI Jakarta 2026. Atas prestasi tersebut, Anggota DPRD DKI Jakarta dari Fraksi PDI Perjuangan, Hardiyanto Kenneth, memberikan apresiasi dan bonus kepada para atlet pelajar peraih medali emas. Penyerahan bonus dilakukan di Kantor Wali Kota Administrasi Jakarta Barat, Ruang MH Thamrin dan disaksikan Wali Kota Jakarta Barat Iin Mutmainnah, pada Selasa (15/9/2026). Diketahui, Porprov DKI Jakarta 2026 ini berlangsung dari tanggal 31 Agustus hingga 5 September 2026 di Hall A Gelanggang Mahasiswa Soemantri Brodjonegoro, Jakarta Selatan.  Pada ajang tersebut, Jakarta Barat untuk pertama kalinya mencetak sejarah keluar sebagai juara umum dengan mengoleksi tujuh medali emas, dua perak, dan tujuh perunggu. Jakarta Barat mengungguli Jakarta Timur yang mengoleksi lima medali emas. Posisi berikutnya ditempati Jakarta Selatan dengan lima emas dan Jakarta Utara dengan tiga emas. Tujuh medali emas Jakarta Barat disumbangkan dari sejumlah cabang olahraga, yakni bola basket beregu putri U-15, bulu tangkis beregu putra U-15 dan U-18, sepak bola beregu putra U-15 dan U-18, serta sepak takraw beregu putra dan putri U-18. Sebagai bentuk apresiasi, Kenneth memberikan bonus kepada para atlet pelajar peraih medali emas. Besaran bonus disesuaikan dengan jumlah atlet pelajar yang terlibat dalam masing-masing cabang olahraga. Cabang olahraga sepak bola mendapatkan bonus terbesar, yakni Rp18 juta. Bonus tersebut diberikan karena jumlah atlet pelajar dalam tim sepak bola tersebut cukup banyak. Selanjutnya, tim bola basket mendapatkan bonus Rp14 juta, sepak takraw Rp6 juta, dan bulu tangkis Rp5 juta. ""Kenapa saya sangat mengapresiasi olahraga dan kepemudaan? Karena kebetulan saya suka olahraga. Saya masih main basket dan menjabat sebagai ketua umum catur DKI Jakarta (Percasi). Sayang sekali tim basket putranya gagal mendapatkan emas, cuma putri,"" ujar Kenneth dalam keterangannya. Pria yang akrab disapa Bang Kent itu berharap pemberian bonus tersebut dapat menjadi motivasi bagi para atlet pelajar untuk terus meningkatkan prestasi. Menurutnya, mempertahankan gelar juara umum akan menjadi tantangan yang lebih berat bagi Jakarta Barat pada Porprov berikutnya. ""Ini adalah sebuah awal. Yang paling berat itu adalah mempertahankan, harus di ingat itu. Dan harapan saya tim basket putra tahun depan bisa mendapatkan medali emas. Tradisi ini akan terus saya pertahankan dan konsisten akan terus saya berikan kalau ada kesempatan. Kalau memang bisa diulangi kembali menjadi juara umum akan saya tambahkan lagi bonusnya tahun depan,"" tutur pria yang juga Ketua Umum Percasi DKI Jakarta itu. Kent juga mengajak para atlet pelajar yang meraih medali perak dan perunggu untuk bisa meningkatkan prestasi dan merebut medali emas pada Porprov selanjutnya. ""Saya berikan tantangan juga kepada para atlet pelajar peraih medali perunggu dan perak agar mereka penasaran dan bisa berjuang untuk merebut medali emas di Porprov selanjutnya tahun depan,"" lanjut Alumni PPRA LXII Lemhannas RI itu. Tak hanya atlet pelajar, Kent juga memberikan kejutan dengan memberikan bonus tambahan kepada pelatih dan asisten pelatih yang berhasil mengantarkan tim meraih medali emas. Pelatih mendapatkan bonus Rp2 juta, sedangkan asisten pelatih memperoleh bonus Rp1 juta. ""Saya tambahkan apresiasi bonus untuk pelatih Rp2 juta. Asisten pelatih Rp1 juta. Harus di ingat bahwa tanpa pelatih kalian bukan apa-apa. Kebetulan saya bekas atlet, jadi saya tahu pentingnya peran pelatih. Pelatih adalah pelita kita, jadi harus kita hargai,"" pungkas Kepala BAGUNA (Badan Penanggulangan Bencana) DPD PDI Perjuangan Provinsi DKI Jakarta itu. Sementara itu, Wali Kota Jakarta Barat, Iin Mutmainnah mengapresiasi perjuangan para atlet pelajar yang telah membawa nama Jakarta Barat menjadi juara umum. ""Terima kasih kepada atlet pelajar yang sudah berjuang untuk Jakarta Barat. Saya bangga dengan kalian. Ini perdana dan sejarah mencatatkan Jakarta Barat bisa menjadi juara umum sejak Porprov diadakan pada 2017,"" ujar Iin. Iin juga menyampaikan apresiasi kepada Anggota DPRD DKI Jakarta Hardiyanto Kenneth yang telah memberikan bonus kepada para atlet pelajar Jakarta Barat, sebagai bentuk penghargaan atas prestasi yang telah diraih. ""Kami menyampaikan terima kasih dan apresiasi setinggi-tingginya kepada Bang Kenneth yang telah memberikan perhatian dan bonus kepada para atlet pelajar Jakarta Barat. Ini merupakan bentuk dukungan nyata terhadap perjuangan dan prestasi bagi para atlet pelajar,"" sambungnya. Menurutnya, pemberian bonus tersebut diharapkan dapat menjadi motivasi tambahan bagi para atlet pelajar tersebut untuk terus berprestasi dan mengharumkan nama Jakarta Barat maupun DKI Jakarta dalam berbagai ajang olahraga. ""Bonus ini tentu bukan hanya soal nilai materi, tetapi juga menjadi bentuk penghargaan atas kerja keras, disiplin, dan perjuangan para atlet pelajar ini. Mudah-mudahan ini bisa semakin memotivasi mereka untuk berlatih lebih giat dan meraih prestasi yang lebih tinggi,"" katanya. Ia juga berharap dukungan terhadap atlet pelajar ini dapat terus diberikan oleh berbagai pihak, sehingga pembinaan olahraga di Jakarta Barat ini bisa semakin berkembang dan mampu melahirkan atlet-atlet berprestasi di tingkat nasional maupun internasional. Pemberian bonus tersebut disambut positif oleh para atlet pelajar ini. Celine, salah satu atlet basket pelajar putri Jakarta Barat, berharap apresiasi yang diberikan Kenneth tersebut dapat menambah motivasi para atlet pelajar untuk mempertahankan prestasinya. ""Semoga dengan adanya bonus dari Pak Kenneth ini bisa memotivasi para atlet pelajar agar bisa berjuang lebih keras lagi di Porprov berikutnya dan bisa juara umum lagi,"" kata Celine."
https://sport.detik.com/sport-lain/d-8664618/alti-dki-jakarta-target-5-emas-di-pon-2028,sport.detik.com,olahraga,ALTI DKI Jakarta Target 5 Emas di PON 2028,2026-09-16 06:14,"Asosiasi Lari Trail Indonesia (ALTI) DKI Jakartapunya target besar diPekan Olahraga Nasional (PON) 2028. Mereka ingin membawa pulang lima medali emas. Oleh karenanya, ALTI DKI mulai mempersiapkan diri menuju PON 2028 dan beberapa ajang bergengsi lainnya itu. Diawali dengan Rapat Kerja Provinsi (Rakerprov) ALTI DKI Jakarta 026-2030 di Aula lantai 4 Kantor KONI DKI Jakarta, Selasa (15/9). Usai Raker, sedianya akan dilakukan pelantikan Pengurus baru ALTI DKI Jakarta 2026-2030 oleh Ketua Umum PP ALTI Bima Arya Sugiarto.  Tapi, lantaran Bima Arya mendadak mendapat tugas kenegaraan, pelantikan ALTI DKI terpaksa ditunda. Meski begitu, Ketua ALTI DKI, Eko Putro Hadi Prasetyo, menyatakan penundaan pelantikan itu sama sekali tak memengaruhi semangat perjuangan mereka. Eko mengatakan Rakerprov menjadi momentum untuk memperkuat sinergi organisasi sekaligus menyusun program pembinaan atlet. Menurut Eko, ALTI DKI ingin membangun organisasi yang lebih transparan dan terbuka demi mendukung perkembangan olahraga lari trail di Ibu Kota. ""Rapat kerja tadi berjalan lancar. Kegiatan ini dihadiri oleh Wakil Ketua Umum II KONI DKI Jakarta, kemudian dari bidang organisasi juga hadir. Kami bersama seluruh organisasi dan teman-teman lainnya bersama-sama membangun organisasi ini agar lebih baik ke depannya,"" ujar Eko dalam keterangan kepada media. Dia menyebut sinergi antarbagian menjadi salah satu kunci dalam menyiapkan atlet-atlet potensial untuk menghadapi berbagai kejuaraan. ""Maksudnya di sini, kami sebagai tim berarti harus bersinergi untuk menyiapkan atlet-atlet kami ke depan agar bisa lebih meningkatkan prestasi. Dalam raker tadi juga ada masukan dari teman-teman bahwa ke depan organisasi harus lebih transparan dan lebih terbuka demi kemajuan ALTI di Jakarta,"" sambungnya.  Dalam waktu dekat, ALTI DKI Jakarta akan menghadapi kejuaraan nasional di Gunung Dempo, Pagar Alam, Sumatera Selatan, Desember nanti. Sebanyak 15 atlet disiapkan untuk tampil dalam ajang tersebut. ""Kami menyiapkan atlet untuk persiapan Kejurnas di Gunung Dempo pada Desember tahun ini,"" tutur Eko. Tak hanya fokus pada agenda jangka pendek, ALTI DKI juga mulai menyusun kekuatan untuk menghadapi target jangka panjang yakni PON 2028. KONI DKI Jakarta telah memberikan target kepada ALTI untuk meraih lima medali emas, lima perak, dan empat perunggu pada PON 2028. Mau tak mau ALTI DKI harus berburu dengan waktu untuk mempersiapkan atlet selama dua tahun ke depan. ""Target itu harus kami penuhi karena itu artinya PR buat kami dari Induk yang menaungi kami sehingga harus kami penuhi,"" lanjut Eko. ""Untuk saat ini, dalam waktu dekat kami menyiapkan 15 atlet untuk kejuaraan tersebut. Namun, dalam Rakerprov tadi kami juga sepakat untuk menyiapkan atlet-atlet baru dalam rangka menyambut PON 2028. Kami akan berusaha lebih keras untuk mewujudkan target tersebut,"" pungkasnya."
https://sport.detik.com/sport-lain/d-8664561/jakbar-juara-popprov-dki-jakarta-atletnya-dapat-bonus,sport.detik.com,olahraga,"Jakbar Juara Popprov DKI Jakarta, Atletnya Dapat Bonus",2026-09-16 00:14,"Kontingen atlet pelajar Jakarta Barat baru saja menjuaraiPekan Olahraga Pelajar Provinsi (Popprov) DKI Jakarta 2026. Bonus pun diberikan kepada para juara. Popprov DKI Jakarta berlangsung 31 Agustus-5 September di Hall A Gelanggang Mahasiswa Soemantri Brodjonegoro, Jakarta Selatan. Jakbar untuk pertama kalinya mencetak sejarah keluar sebagai juara umum dengan mengoleksi tujuh medali emas, dua perak, dan tujuh perunggu. Jakbar mengungguli Jaktim yang mengoleksi lima medali emas. Posisi berikutnya ditempati Jaksel dengan lima emas dan Jakut dengan tiga emas.  Tujuh medali emas Jakarta Barat disumbangkan dari sejumlah cabang olahraga, yakni bola basket beregu putri U-15, bulu tangkis beregu putra U-15 dan U-18, sepakbola beregu putra U-15 dan U-18, serta sepak takraw beregu putra dan putri U-18. Atas prestasi tersebut, Anggota DPRD DKI Jakarta dari Fraksi PDI Perjuangan,Hardiyanto Kenneth, memberikan apresiasi dan bonus kepada para atlet pelajar peraih medali emas. Penyerahan bonus dilakukan di Ruang MH Thamrin Kantor Wali Kota Administrasi Jakbar, dan disaksikan Wali Kota Iin Mutmainnah, Selasa (15/9/2026). Besaran bonus disesuaikan dengan jumlah atlet pelajar yang terlibat dalam masing-masing cabang olahraga. Cabor sepakbola mendapatkan bonus terbesar, yakni Rp 18 juta. Bonus tersebut diberikan karena jumlah atlet pelajar dalam tim tersebut cukup banyak. Selanjutnya, tim basket mendapatkan bonus Rp 14 juta, sepak takraw Rp 6 juta, dan bulu tangkis Rp 5 juta. ""Kenapa saya sangat mengapresiasi olahraga dan kepemudaan? Karena kebetulan saya suka olahraga. Saya masih main basket dan menjabat sebagai ketua umum catur DKI Jakarta (Percasi). Sayang sekali tim basket putranya gagal mendapatkan emas, cuma putri,"" ujar Kenneth dalam keterangannya. Pria yang akrab disapa Bang Kent itu berharap bonus itu dapat memotivasi bagi para atlet pelajar untuk terus meningkatkan prestasi. Menurutnya, mempertahankan gelar juara umum akan menjadi tantangan yang lebih berat bagi Jakarta Barat pada Popprov berikutnya. ""Ini adalah sebuah awal. Yang paling berat itu adalah mempertahankan, harus di ingat itu. Dan harapan saya tim basket putra tahun depan bisa mendapatkan medali emas. Tradisi ini akan terus saya pertahankan dan konsisten akan terus saya berikan kalau ada kesempatan. Kalau memang bisa diulangi kembali menjadi juara umum akan saya tambahkan lagi bonusnya tahun depan,"" tutur pria yang juga Ketua Umum Percasi DKI Jakarta itu. Kent juga mengajak para atlet pelajar yang meraih medali perak dan perunggu untuk bisa meningkatkan prestasi dan merebut medali emas pada Popprov selanjutnya. ""Saya berikan tantangan juga kepada para atlet pelajar peraih medali perunggu dan perak agar mereka penasaran dan bisa berjuang untuk merebut medali emas di Popprov selanjutnya tahun depan,"" lanjut Alumni PPRA LXII Lemhannas RI itu. Tak hanya atlet pelajar, para pelatih dan asisten pelatih yang berhasil mengantarkan tim meraih medali emas juga kecipratan bonus. Pelatih mendapatkan Rp 2 juta, sedangkan asisten pelatih memperoleh bonus Rp 1 juta. ""Saya tambahkan apresiasi bonus untuk pelatih Rp2 juta. Asisten pelatih Rp1 juta. Harus di ingat bahwa tanpa pelatih kalian bukan apa-apa. Kebetulan saya bekas atlet, jadi saya tahu pentingnya peran pelatih. Pelatih adalah pelita kita, jadi harus kita hargai,"" papar Kepala BAGUNA (Badan Penanggulangan Bencana) DPD PDI Perjuangan Provinsi DKI Jakarta itu. Sementara itu, Wali Kota Jakbar, Iin Mutmainnah mengapresiasi perjuangan para atlet pelajar yang telah membawa nama daerahnya menjadi juara umum. ""Terima kasih kepada atlet pelajar yang sudah berjuang untuk Jakarta Barat. Saya bangga dengan kalian. Ini perdana dan sejarah mencatatkan Jakarta Barat bisa menjadi juara umum sejak Popprov diadakan pada 2017,"" ujar Iin. Pemberian bonus tersebut disambut positif oleh para atlet pelajar ini. Celine, salah satu atlet basket pelajar putri, berharap apresiasi yang diberikan Kenneth tersebut dapat menambah motivasi para atlet pelajar untuk mempertahankan prestasinya. ""Semoga dengan adanya bonus dari Pak Kenneth ini bisa memotivasi para atlet pelajar agar bisa berjuang lebih keras lagi di Popprov berikutnya dan bisa juara umum lagi,"" kata Celine."
https://sport.detik.com/sport-lain/d-8664389/persiapan-fia-rallycross-world-cup-2026-dimulai-sirkuit-ancol-dimodifikasi,sport.detik.com,olahraga,"Persiapan FIA Rallycross World Cup 2026 Dimulai, Sirkuit Ancol Dimodifikasi",2026-09-15 23:14,"Persiapan menujuFIA Rallycross World Cup 2026dimulai. Sarga Motorsport selaku penyelenggara melakukan modifikasi Sirkuit International e-Prix Ancol hari ini. Jakarta secara resmi menjadi tuan rumah Kejuaraan FIA Rallycross 2026. Ajang balap mobil dunia itu akan bergulir di Ancol, pada 5-6 Desember mendatang. Indonesia akan menggelar dua kategori yaitu RX1 dan RX5. ""Mulai hari ini kami memulai modifikasi. Sebenarnya bukan pembangunan, tetapi memodifikasi sirkuit,"" ujar CEO Sarga.co Nugdha Achadie dalam jumpa persnya di kawasan Jakarta Pusat, pada Selasa (15/9/2026).  Berbeda dengan saat digunakan Formula E yang full aspal, sirkuit Ancol akan dirombak total untuk kebutuhan rallycross. Proses modifikasi ini ditargetkan selesai pada November 2026.  ""Awalnya, sirkuit tersebut digunakan untuk Formula E dan hanya menggunakan lintasan aspal. Nah, di Rallycross ini kami akan menggabungkan lintasan aspal dengan lintasan gravel atau dirt. Jadi, ini akan sangat menarik bagi seluruh pengunjung dan masyarakat Jakarta serta Indonesia,"" kata Nugdha. ""InsyaAllah, mulai hari ini kami sudah mulai melakukan modifikasi. Pada bulan November sudah siap dan Desember sudah bisa digunakan sepenuhnya untuk FIA Rallycross World Cup 2026,"" tambahnya. Sementara itu, Pemerintah Provinsi DKI Jakarta memastikan dukungan penuh. Kadispora DKI Andri Yansyah menyebut persiapan sudah berjalan sejak tahun lalu bersama Ikatan Motor Indonesia (IMI). ""Bicara masalah kesiapan, tadi sudah disinggung oleh Pak Nugraha bahwa kita memang sudah dari tahun lalu melakukan persiapan dan dibantu dengan teman-teman dari IMI,"" kata Andri.  ""Bagaimana pelayanan publik berjalan dengan baik, transportasi berjalan dengan baik, keamanan berjalan dengan baik, serta layanan dan fasilitas berjalan dengan baik. Dan itu tidak bisa kita lakukan sendiri,"" ujarnya. Menyoal pembalap, Sarga Motorsport sudah memastikan dua nama besar yaitu Kevin Hansen dan legenda dunia, Sebastian Loeb untuk nomor RX1. Sementara untuk RX5, akan ada kejutan. Rencananya, ada talenta dari Indonesia yang akan ikut berlaga. ""Untuk pembalap lainnya, kami masih menunggu finalisasi dari FIA. Jadi, kita tunggu bersama. Semoga dalam waktu dekat sudah bisa diumumkan oleh FIA,"" pungkas Nugdha."
https://finance.detik.com/berita-ekonomi-bisnis/d-8666077/dpd-titip-pesan-ini-buat-suahasil-saat-susun-apbn-2027,finance.detik.com,ekonomi,DPD Titip Pesan Ini buat Suahasil Saat Susun APBN 2027,2026-09-16 22:04,"Menteri Keuangan (Menkeu) Suahasil Nazara menyambut baik pertimbangan Dewan Perwakilan Daerah Republik Indonesia (DPD RI) terhadap Rancangan Undang-Undang tentang Anggaran Pendapatan dan Belanja Negara (RUU APBN) Tahun Anggaran 2027. Menurutnya, masukan yang mencerminkan dan aspirasi daerah tersebut akan menjadi bahan penting bagi Pemerintah dalam melanjutkan pembahasan RAPBN 2027 bersama Dewan Perwakilan Rakyat Republik Indonesia (DPR RI). Suahasil menyebut ertimbangan DPD RI hadir pada momentum yang tepat seiring berlangsungnya pembahasan RAPBN 2027 antara Pemerintah dan DPR RI. Hal ini disampaikan usai Sidang Paripurna Luar Biasa ke-2 DPD RI Masa Persidangan I Tahun Sidang 2026-2027, Rabu (16/9).  ""Pertimbangan-pertimbangan dari DPD ini diberikan pada waktu yang sangat tepat, karena kita memang sedang dalam jadwal membicarakan RAPBN 2027 dengan DPR RI. Pertimbangan tersebut menjadi bahan masukan yang mencerminkan aspirasi dari daerah,"" ujar Suahasil dalam keterangan tertulis, Rabu (16/9/2026). Sejumlah isu yang menjadi perhatian DPD antara lain kebijakan transfer ke daerah, pembangunan infrastruktur, dana desa, dan penguatan kapasitas fiskal daerah. Berbagai masukan tersebut menjadi perspektif tambahan dalam pembahasan kebijakan fiskal dan pengalokasian anggaran dalam RAPBN 2027. Suahasil mengapresiasi proses tersebut sebagai bagian penting dari tata kelola ketatanegaraan, khususnya dalam memastikan perspektif daerah turut menjadi pertimbangan dalam penyusunan kebijakan fiskal nasional. ""Saya mengucapkan terima kasih secara khusus atas nama Pemerintah bahwa kami diundang pada Sidang Paripurna kali ini. Ini adalah suatu tata bernegara yang baik, mendapatkan pertimbangan yang mencerminkan perspektif dari seluruh daerah,"" kata Menkeu. Pertimbangan DPD selanjutnya akan diperhatikan Pemerintah dan menjadi bagian dari pembahasan RAPBN 2027 bersama DPR RI sesuai tahapan yang telah disepakati dalam Badan Anggaran DPR. ""Pertimbangan-pertimbangan yang disampaikan akan menjadi masukan yang sangat-sangat kami perhatikan dan menjadi bagian dari pembicaraan dengan DPR RI,"" tegas Suahasil."
https://finance.detik.com/berita-ekonomi-bisnis/d-8666051/prabowo-larang-keras-pembakaran-hutan-dan-lahan,finance.detik.com,ekonomi,Prabowo Larang Keras Pembakaran Hutan dan Lahan!,2026-09-16 21:42,"Presiden Prabowo Subianto meminta penanganan kebakaran hutan dan lahan (karhutla) dilakukan tegas dan menyeluruh. Prabowo mewanti-wanti jangan ada lagi pembakaran hutan dan lahan dengan alasan apa pun. Arahan tersebut disampaikan Prabowo saat memimpin rapat virtual dari Istana Merdeka, Jakarta, Rabu (16/9/2026). Salah satu materi rapat membahas perkembangan penanganan karhutla di Kalimantan dan Sumatera. ""Tidak boleh ada lagi pembakaran hutan dan lahan dengan alasan apa pun. Penanganan karhutla harus tegas, menyeluruh, dan diperkuat dengan pencegahan sejak dari sumbernya,"" tulis akun Instagram @sekretariat.kabinet, dikutip Rabu (16/9/2026).  Prabowo meminta upaya pencegahan diperkuat melalui pengolahan lahan tanpa bakar. Pemerintah juga diminta menyediakan peralatan serta pendampingan bagi masyarakat. Selain itu, Prabowo melarang keras adanya peraturan daerah yang mengatur pembukaan lahan dengan cara membakar berdasarkan izin kepala daerah. Penindakan juga diminta dilakukan terhadap pihak yang terbukti melakukan ataupun lalai mencegah pembakaran hutan dan lahan. Dalam rapat tersebut, Kapolri Jenderal Listyo Sigit Prabowo melaporkan terdapat lebih dari 95 korporasi yang melanggar. Namun, tidak dirinci identitas perusahaan yang dimaksud. Rapat juga membahas penanganan sejumlah bencana dan kecelakaan. Di antaranya kecelakaan KMP Virgo Transport 8 di Laut Jawa, pencarian orang hilang di Selat Sunda, serta penanganan pascagempa di Nusa Tenggara Timur (NTT). Prabowo meminta pencarian korban kecelakaan kapal dimaksimalkan dan Menteri Perhubungan terus memberikan informasi kepada keluarga korban. Ia jugameminta hak keluarga korban dipenuhi serta investigasi kecelakaan dilakukan secara mendalam dan objektif. Untuk penanganan pascagempa NTT, Prabowo meminta proses pemulihan dipercepat. Penanganan mencakup pemberian bantuan stimulan, penyediaan hunian sementara, hingga pembangunan kembali rumah-rumah terdampak."
https://finance.detik.com/berita-ekonomi-bisnis/d-8666025/soal-setoran-dividen-rp-120-triliun-bos-danantara-mau-bertemu-menkeu-baru,finance.detik.com,ekonomi,"Soal Setoran Dividen Rp 120 Triliun, Bos Danantara Mau Bertemu Menkeu Baru",2026-09-16 21:14,"Nasib dividen Badan Pengelola Investasi (BPI) Daya Anagata Nusantara (Danantara) yang akan disetorkan ke kas negara Rp 120 triliun, belum jelas. Wacana ini pernah diembuskan oleh Purbaya Yudhi Sadewa saat masih menjadi Menteri Keuangan. Malah, Menteri Keuangan (Menkeu) Baru  Suahasil Nazara, enggan bicara soal nasib setoran dividen BUMN tersebut. Usai rapat di Istana Kepresidenan, Rabu (16/9/2026) malam, Suhasil memilih diam seribu bahasa. Suahasil juga enggan berkomentar soal apakah benar Presiden Prabowo Subianto tak setuju dengan rencana menarik dividen Rp 120 triliun dari Danantara.   Ketika pertanyaan-pertanyaan itu dilontarkan kepadanya, dia langsung buru-buru masuk mobil dan memberikan gestur minta maaf kepada awak media. Padahal dia sempat menjawab panjang lebar pertanyaan awak media sebelumnya soal nasib perombakan pejabat Kementerian Keuangan. Pertanyaan serupa juga ditanyakan kepada CEO Danantara Rosan Roeslani usai rapat di Istana. Berbeda dengan Suahasil, Rosan buka suara menyatakan perlu berdiskusi terlebih dahulu dengan Suahasil. ""Kita kan ada beberapa hal yang nanti kami duduk dengan Prof Suahasil. Ya semuanya akan kita diskusikan gitu ya. Rencananya juga akan segera bertemu dan apa... Kita komunikasinya sangat-sangat baik dan saya yakin semuanya pasti akan ada selalu solusi yang terbaik gitu,"" ujar Rosan. Ketika ditanya lebih lanjut, Rosan cuma bilang dirinya akan bertemu segera empat mata dengan Suahasil. ""Nanti kita akan ketemu segera kok, ya,"" sebutnya singkat.  Akhir Agustus lalu, Purbaya saat masih menjabat Menteri Keuangan, mengatakan pembahasan dividen masuk kocek negara sudah dibahas dengan Rosan Roeslani. Pemerintah hanya tinggal menunggu eksekusi transfer dana tersebut. ""Sudah dibahas, sudah dipastikan tinggal ditentukan kapan dia mau ngirim itu aja sekitar Rp 120 triliun. Itu yang diputuskan oleh presiden."" ujar Purbaya di kantornya, Jakarta Pusat, Jumat (28/8/2026) yang lalu. Menurut Purbaya, besaran setoran dari Danantara ini menjadi angin segar bagi fiskal negara. Dia membandingkan dengan penerimaan dividen tahun sebelumnya yang hanya mencapai Rp 90 triliun. ""Kalau tahun-tahun sebelumnya saya cuma dapet Rp 90 triliun dari dividen. Kalau meningkat, Rp 120 triliun kan bagus meningkat, malah jadi saya nggak rugi, pemerintah nggak rugi, pendapatan nggak rugi, malah nambah,"" beber Purbaya."
https://finance.detik.com/infrastruktur/d-8665961/ahy-sebut-ada-7-000-titik-kawasan-kumuh,finance.detik.com,ekonomi,AHY Sebut Ada 7.000 Titik Kawasan Kumuh,2026-09-16 20:14,"Menteri Koordinator Infrastruktur dan Pembangunan Kewilayahan Agus Harimurti Yudhoyono (AHY) mengatakan masih ada lebih dari 7.000 titik kawasan kumuh di Indonesia. Dari ribuan kawasan tersebut memiliki tingkat keparahan yang berbeda. AHY mengatakan dari total tersebut, sekitar 100 kawasan masuk kategori kumuh berat. Sementara sisanya masuk dalam kategori sedang dan ringan. ""Ada lebih dari 7.000 titik kawasan kumuh di Indonesia. Tentu dengan berbagai klasifikasi. Yang kelas berat itu sekitar 100. Ada kelas sedang, ada kelas ringan,"" ujar AHY dalam acara Urban Climate Forum 2026 di Jakarta, Rabu (16/9/2026).  AHY menjelaskan kondisi permukiman kumuh ini akan menimbulkan persoalan lain. Misalnya muncul berbagai penyakit. Hal ini terjadi karena kurang keterbatasan akses air bersih dan sanitasi yang buruk. Kemudian terkait persoalan ekonomi. Di mana, kualitas hidup yang rendah turut membuat akses terhadap lapangan pekerjaan menjadi lebih sulit. ""Sudah pasti banyak yang sakit, karena hidupnya tidak mendapatkan air bersih, sanitasinya buruk, stunting terjadi, penyakit menular terjadi, ispa, penyakit kulit, dan lain-lain juga menjadi keseharian mereka. Lapangan pekerjaan sulit karena tidak berkualitas hidupnya,"" terangnya. AHY menambahkan penanganan kawasan kumuh tersebut harus dilakukan secara terpadu dan terintegrasi. Di mana revitalisasi tidak cukup hanya memperbaiki kondisi fisik permukiman, tetapi juga harus dibarengi dengan penyediaan fasilitas publik yang memadai. ""Jadi kalau kita mengubah dengan pendekatan yang terpadu, terintegrasi, termasuk didukung oleh fasilitas publik yang memadai,"" sambung AHY."
https://finance.detik.com/berita-ekonomi-bisnis/d-8665918/suahasil-buka-suara-soal-dirjen-minta-batalkan-perombakan-pejabat-era-purbaya,finance.detik.com,ekonomi,Suahasil Buka Suara soal Dirjen Minta Batalkan Perombakan Pejabat Era Purbaya,2026-09-16 20:14,"Menteri Keuangan Suahasil Nazara buka suara soal permintaan Direktur Jenderal Pajak Bimo Wijayanto membatalkan perombakan pejabat di lingkungan Direktorat Jenderal Pajak (DJP). Perombakan terjadi pada Kamis (10/9/2026) saat Purbaya Yudhi Sadewa masih menjabat menteri Keuangan. Soal permintaan itu, Suahasil mengatakan pihaknya masih perlu melakukan diskusi internal. Khususnya untuk melihat proses perombakan yang sempat dilakukan Purbaya. ""Kita mendiskusikan ya, melihat proses maupun yang sedang terjadi, yang sudah terjadi, proses maupun aktivitas dari yang sudah terjadi,"" ujar Suahasil di Kompleks Istana Kepresidenan, Jakarta Pusat, Rabu (16/9/2026).  Suahasil juga mengatakan masih menunggu rekomendasi dari para eselon satu atau pejabat di tingkat Direktur Jenderal soal perombakan jabatan. Dia menekankan penunjukan pejabat ada jenjang-jenjangnya tersendiri. ""Nah, ini saya masih sekarang mencoba menunggu dari teman-teman seluruh unit eselon satu, karena kan yang namanya penunjukan pejabat itu ada jenjang-jenjangnya dan kemudian juga dilakukan secara bersama-sama oleh seluruh unit,"" beber Suahasil. Pria yang sebelumnya menjabat Wakil Menteri Keuangan itu pun mengatakan pihaknya perlu struktur pejabat yang dapat bekerja sama antar eselon untuk memperkuat sinergi dan koordinasi. ""Karena kadang-kadang kita memerlukan struktur pejabat yang sifatnya itu lintas unit eselon satu, karena itu memperkuat sinergi, memperkuat koordinasi. Jadi ini yang kita sedang pastikan dan akan kita pastikan sinergi dari Kemenkeu terjadi dengan baik,"" ujar Suahasil. Lalu, apakah kemungkinan pembatalan perombakan pejabat seperti yang diminta oleh Dirjen Pajak Bimo Wijayanto bisa dilakukan? Suahasil enggan bicara tegas apakah pembatalan perombakan pejabat bisa dilakukan. Dia cuma bilang pihaknya juga perlu melihat proses pelantikan yang dilakukan, apakah sesuai tata kelola yang benar atau tidak. ""Kita nanti melihat dulu apa yang sudah dilakukan kemarin. Karena kan kalau seperti pelantikan itu ada juga pelantikan yang hybrid. Nah, ada yang waktu itu datang sehingga ini nanti jadi kombinasi yang keseluruhan. Makasih semuanya,"" ujar Suahasil."
https://finance.detik.com/bursa-dan-valas/d-8665814/summarecon-buka-suara-soal-nasib-hgb-yang-bikin-bosnya-diciduk-kpk,finance.detik.com,ekonomi,Summarecon Buka Suara Soal Nasib HGB yang Bikin Bosnya Diciduk KPK,2026-09-16 19:14,"PT Summarecon Agung Tbk (SMRA) buka suara soal kasus Hak Guna Bangunan (HGB) di Kabupaten Bogor yang tengah didalami oleh Komisi Pemberantasan Korupsi (KPK). Diketahui, kasus ini turut menjaring Presiden Direktur SMRA, Adrianto Pitojo Adi, dalam Operasi Tangkap Tangan (OTT) KPK beberapa hari lalu. Summarecon mengakui HGB yang menjadi perkara di KPK merupakan milik entitas anak perseroan. Namun hingga saat ini, belum ada perubahan status hukum terhadap sertifikat HGB tersebut. ""SHGB yang sedang diurus tersebut merupakan milik entitas anak Perseroan dan sedang dalam proses pemecahan dan sampai saat ini belum ada perubahan status hukum dikarenakan proses pengurusan tersebut masih berjalan,"" tulis manajemen Summarecon Agung dikutip dari Keterbukaan Informasi, Rabu (16/9/2026).   Manajemen mengatakan, saat ini permintaan keterangan awal dari KPK masih berlangsung. SMRA juga memastikan belum ada dampak pemberitaan tersebut terhadap status HGB hingga kegiatan operasional perseroan. ""Sampai saat ini belum ada dampak atas pemberitaan dan/atau proses pemeriksaan tersebut terhadap Perseroan, termasuk terhadap status HGB, aset, proyek, kegiatan operasional, maupun kondisi keuangan perseroan,"" jelas. Selain Presiden Direktur perseroan, Direktur SMRA Lydia Tjio juga turut menjalankan diperiksa atau dimintakan keterangan oleh KPK. Perseroan juga mengaku akan mematuhi peraturan dan hukum yang berlaku terkait perseoran tersebut. ""Sejalan dengan hal tersebut Perseroan menghormati proses hukum yang saat ini sedang berlangsung di KPK dan bertindak kooperatif dengan pihak-pihak terkait sesuai ketentuan yang berlaku,"" pungkasnya.  Berdasarkan catatandetikcom, korupsi HGB ini bermula dari lingkungan Kementerian Agraria dan Tata Ruang/Badan Pertanahan Nasional (ATR/BPN). Uang dari sejumlah pengurusan layanan pertanahan diduga dikumpulkan oleh orang-orang kepercayaan Menteri ATR/BPN, Nusron Wahid. Plt Direktur Penyidikan KPK, Achmad Taufik Husein, mengungkap salah satu aliran uang tersebut berkaitan dengan pengurusan HGB milik Summarecon. Kasus ini bermula ketika para pemilik tanah atau ahli waris menggugat penerbitan 9 SHGB Summarecon ke PTUN Bandung. SHGB tersebut diterbitkan oleh Kepala Kantor Wilayah ATR/BPN Jawa Barat dan Kepala Kantor Pertanahan Kabupaten Bogor. Dalam prosesnya, Kantor Pertanahan Bogor mengundang ahli waris untuk melakukan mediasi. Ahli waris kemudian mengajukan blokir terhadap SHGB Summarecon dan mencabut gugatan mereka di PTUN Bandung. Setelah itu, terjadi komunikasi antara Yaser Alfarisi (YA), pihak swasta/perantara Summarecon, dengan Erwin (ERW), pihak swasta yang diduga merupakan orang kepercayaan Menteri ATR/BPN.  Erwin disebut menyampaikan bahwa Sontang Coin Manurung (SON) selaku Kepala Kantor Pertanahan Kabupaten Bogor I, tidak mau membuka blokir dan melakukan pemecahan HGB kecuali mendapat arahan dari atasannya. Yaser dan Rizal Pahlevi (LEV) kemudian mendekati Erwin agar membantu berkomunikasi dengan Sontang. Dari komunikasi tersebut, pada awal Agustus 2026, muncul informasi bahwa untuk pembukaan blokir dan atau penerbitan sertifikat tanah Summarecon, Sontana melalui Erwin meminta fee dengan kode ""dua"". ""Fee dengan kode 'dua' yang diduga sejumlah Rp 2 miliar,"" kata Achmad Taufik dalam konferensi pers di Gedung KPK, Jakarta Selatan, Selasa (15/9/2026). Pihak Summarecon disebut hanya menyanggupi Rp 1,5 miliar. Sebab, masih ada pihak lain yang diduga akan mendapatkan ""fee broker"" dalam pengurusan tersebut. Pada 27 Agustus 2026, Direktur Utama Summarecon Adrianto Pitojo Adi (ADR) melalui Yaser dan Rizal diduga menyerahkan uang Rp 1,5 miliar kepada Erwin. Dari uang tersebut, ERW kemudian diduga menyerahkan Rp 200 juta kepada Sontana. Uang itu diserahkan di sebuah kafe di Jakarta Selatan untuk fee pembukaan blokir dan pemecahan HGB pihak Summarecon."
https://finance.detik.com/industri/d-8665831/34-tahun-eksis-ini-jurus-chandra-asri-group-bangun-industri-petrokimia,finance.detik.com,ekonomi,"34 Tahun Eksis, Ini Jurus Chandra Asri Group Bangun Industri Petrokimia",2026-09-16 19:14,"Selama 34 tahun, PT Chandra Asri Pacific Tbk (Chandra Asri Group) telah menjadi bagian dari perjalanan pertumbuhan industri Indonesia. Sebagai perusahaan pertama yang mengoperasikan naphtha cracker di Indonesia, Chandra Asri Group membangun fondasi industri petrokimia nasional dan terus melayani kebutuhan industri dalam negeri melalui produk-produk yang digunakan di berbagai sektor. Presiden Direktur Chandra Asri Group, Erwin Ciputra, menjelaskan perusahaan telah tumbuh bersama Indonesia selama 34 tahun melalui pembangunan kapasitas petrokimia nasional. Langkah ini terus disesuaikan dengan perkembangan kebutuhan nasional lewat peningkatan kapabilitas serta diversifikasi bisnis. ""Selama 34 tahun, kami telah tumbuh bersama Indonesia. Kami memulai perjalanan dengan membangun kapasitas petrokimia nasional dan melayani industri melalui produk-produk yang kami hasilkan. Seiring waktu, kebutuhan Indonesia juga berkembang, dan kami pun terus membangun kapabilitas baru melalui diversifikasi bisnis,"" ujar Erwin dalam keterangan tertulis, Rabu (16/9/2026).  Erwin menilai ekspansi bisnis ke tingkat regional menjadi bagian penting dari perjalanan pertumbuhan Chandra Asri Group. Ekspansi ini diyakini mampu membuka peluang bagi talenta lokal serta memperkuat kembali basis bisnis perusahaan di Indonesia. ""Bagi kami, pertumbuhan regional juga merupakan bagian dari perjalanan tersebut. Ketika bisnis kami berkembang di kawasan, Chandra Asri Group membuka peluang bagi talenta Indonesia, membawa kapabilitas Indonesia ke pasar regional, dan menciptakan manfaat yang dapat kembali memperkuat basis bisnis kami di Indonesia,"" tuturnya. Selama lebih dari tiga dekade, produk Chandra Asri Group telah digunakan sebagai bahan baku oleh berbagai sektor industri. Komoditas ini menopang industri kemasan, otomotif, konstruksi, elektronik dan mendukung kebutuhan sehari-hari masyarakat Indonesia. Peran tersebut merupakan bagian dari perjalanan panjang Chandra Asri Group dalam membangun kapasitas industri petrokimia di Indonesia. Dengan menyediakan bahan baku dalam negeri, Chandra Asri Group turut menjadi bagian dari rantai pasok industri nasional dan mendukung berkembangnya industri hilir. Komitmen untuk terus memperkuat kapasitas tersebut tercermin dalam pembangunan fasilitas Chlor Alkali dan Ethylene Dichloride (CA-EDC) di Cilegon, Banten. Hingga Juli 2026, pembangunan fasilitas yang dikelola melalui PT Chandra Asri Alkali (CAA) telah mencapai 72% dan memasuki fase utama pembangunan infrastruktur, dengan target mulai beroperasi secara komersial pada 2027. Proyek dengan nilai investasi lebih dari US$800 juta ini menjadi bagian dari strategi jangka panjang Group untuk memperkuat keandalan pasokan bahan kimia dasar bagi industri nasional. Langkah ini diharapkan mampu mengurangi ketergantungan impor, menciptakan lapangan kerja dan membuka peluang bagi tenaga kerja Indonesia di sektor industri dan manufaktur. Di tingkat regional, akuisisi Aster Chemicals and Energy (Aster) memperluas pijakan Perusahaan di sektor energi dan kimia. Sementara itu, integrasi jaringan Esso di Singapura memperkuat pengalaman Group dalam mengelola bisnis energi dan jaringan ritel bahan bakar. Pengembangan ini memperkuat keterhubungan aset dan kapabilitas grup dalam pengelolaan energi, operasional, rantai pasok dan layanan kepada pelanggan. Melalui Aster, Chandra Asri Group juga dapat mendukung ketahanan energi dengan menyediakan produk petroleum, termasuk bensin, bahan bakar jet, gas oil dan bitumen untuk mendukung berbagai industri di Indonesia. Chandra Asri Group terus memperkuat kapabilitas domestik sekaligus memperluas jangkauan operasionalnya di pasar regional. Langkah ini dilakukan guna membangun platform energi yang dapat mendukung kebutuhan bisnis dalam jangka panjang. Sektor infrastruktur menjadi bagian penting dalam perjalanan transformasi Chandra Asri Group. Pengembangan tersebut dijalankan melalui PT Chandra Daya Investasi Tbk (CDI) yang mencakup layanan daya, air industri, kepelabuhanan, hingga logistik guna memperkuat posisinya sebagai platform infrastruktur di tingkat regional pada 2026. Perkembangan ini memperluas peran Group dalam rantai nilai industri. Kini Perusahaan juga membangun infrastruktur yang mendukung pergerakan barang, penyimpanan dan utilitas untuk memenuhi kebutuhan industri. Dengan demikian, bisnis infrastruktur menjadi pelengkap bagi kekuatan Group di bidang energi dan kimia. Langkah ini sekaligus membuka peluang besar dalam membangun ekosistem industri yang semakin terintegrasi. Ekspansi Chandra Asri Group di kawasan tidak hanya memperluas skala bisnis, tetapi juga membuka peluang baru yang dapat memberikan manfaat bagi Indonesia. Salah satunya melalui PT Chandra Asri Sentral Solusi (CASS) sebagai mitra strategis untuk mendukung operasional entitas Group di Singapura sekaligus membangun proses yang lebih terintegrasi dan terstandarisasi, memanfaatkan teknologi digital, serta memperkuat operational excellence. Bagi Chandra Asri Group, hal ini menjadi salah satu bentuk bagaimana pertumbuhan regional dapat menghasilkan dampak bagi Indonesia. Langkah ini dilakukan dengan memperluas bisnis di pasar regional sembari terus memperkuat pengembangan talenta dan fungsi strategis di dalam negeri. Pertumbuhan regional juga memberikan kesempatan bagi Chandra Asri Group untuk membawa nama dan kapabilitas Indonesia ke pasar yang lebih luas. Seiring dengan berkembangnya bisnis Group di kawasan, pengetahuan dan pengalaman yang diperoleh dapat dibawa kembali untuk memperkuat bisnis dan sumber daya manusia di Indonesia. Indonesia tetap menjadi tempat bagi Chandra Asri Group untuk membangun fondasi bisnis, mengembangkan fasilitas industri, menciptakan lapangan kerja, dan menumbuhkan talenta. Pada saat yang sama, ekspansi ke kawasan memberikan ruang bagi Perseroan untuk mengembangkan kemampuan baru, memperluas jaringan dan membawa kapabilitas yang dibangun ke pasar regional. Melalui pendekatan tersebut, Chandra Asri Group terus membangun hubungan yang semakin erat antara bisnis di Indonesia dan operasional regional. Hal ini bertujuan agar pertumbuhan di satu bagian Perusahaan dapat memperkuat kemampuan di bagian lainnya. ""Memasuki tahun ke-34, kami melihat perjalanan Chandra Asri Group bukan hanya sebagai perjalanan Perusahaan, tetapi juga sebagai upaya untuk terus relevan dengan kebutuhan Indonesia. Dari bahan baku yang digunakan oleh industri, investasi pada kapasitas baru, penciptaan lapangan kerja, infrastruktur yang mendukung rantai pasok, hingga kesempatan bagi talenta Indonesia untuk berkembang dalam bisnis regional, kami ingin terus membangun kapabilitas yang memberikan manfaat nyata,"" pungkas Erwin."
https://finance.detik.com/bursa-dan-valas/d-8665757/pt-pos-gagal-bayar-bunga-obligasi-fitch-pangkas-peringkat-utang-jadi-c,finance.detik.com,ekonomi,"PT Pos Gagal Bayar Bunga Obligasi, Fitch Pangkas Peringkat Utang Jadi C",2026-09-16 18:14,"Fitch Ratings Indonesia menurunkan peringkat nasional jangka panjang dan peringkat utang senior tanpa jaminan PT Pos Indonesia (Persero) menjadi C (idn) dari CC (idn). Hal tersebut dilakukan imbas gagal bayar (galbay) yang dilakukan Pos Indonesia terhadap bunga sukuk ijarah. Fitch Ratings juga tidak memberikanoutlookterhadap prospek utang Pos Indonesia. Pasalnya, predikat C pada peringkat utang perusahaan biasanya mencerminkan volatilitas yang sangat tinggi. ""Fitch Ratings Indonesia telah menurunkan Peringkat Nasional Jangka Panjang dan peringkat utang senior tanpa jaminan PT Pos Indonesia (Persero) (POST) menjadi C(idn) dari CC(idn),"" tulis pengumuman Fitch Ratings Indonesia, dikutip Rabu (16/9/2026).   Fitch menjelaskan, keputusan ini menyusul galbay Pos Indonesia terhadap bunga sukuk ijarah tahap kedua yang jatuh tempo pada 28 Agustus 2026. Selain itu, Fitch juga menurunkan Standalone Credit Profile (SCP) Pos Indonesia menjadi 'C(idn)' dari 'CC(idn)' karena proses galbay atau proses serupa gagal bayar. ""Fitch juga menurunkan Standalone Credit Profile (SCP) POST menjadi c(idn) dari cc(idn), karena proses gagal bayar atau proses serupa gagal bayar telah dimulai, sejalan dengan panduan pada bagian Lower Speculative Grade dalam kriteria Public Policy Revenue-Supported Entities Rating,"" tulis pengumuman Fitch. Sebagai informasi, Pos Indonesia melakukan penundaan pembayaran Bunga Sukuk Ijarah Berkelanjutan I Pos Indonesia Tahap II Tahun 2025 Seri A-C ke-5. Adapun pembayaran bunga tersebut jatuh tempo pada 27 Agustus 2026. Dikutip dari Keterbukaan Informasi, total bunga sukuk ijarah sebesar Rp 11.656.250.000. Pos Indonesia mengakui penundaan pembayaran bunga terjadi karena kondisi kas dan likuiditas perseroan yang belum memungkinkan memenuhi kebutuhan tersebut. Kondisi ini yang menyebabkan dipangkasnya peringkat utang Pos Indonesia. Perseoran dianggap telah memasuki masa tenggang kontraktual pembayaran bunga sukuk ijarah. ""POST telah memasuki masa tenggang kontraktual selama 14 hari kerja, berdasarkan dokumentasi sukuk,"" jelas pengumuman Fitch."
https://finance.detik.com/berita-ekonomi-bisnis/d-8665737/pelindo-luncurkan-layanan-onshore-power-supply-500-kva-di-tanjung-priok,finance.detik.com,ekonomi,Pelindo Luncurkan Layanan Onshore Power Supply 500 kVA di Tanjung Priok,2026-09-16 18:14,"PT Pelabuhan Indonesia (Persero) atau Pelindo meluncurkan layanan Onshore Power Supply (OPS) berkapasitas 500 kVA di Terminal PNP Dermaga 004, Pelabuhan Tanjung Priok, Jakarta. Fasilitas ini memungkinkan kapal yang bersandar menggunakan listrik dari darat sehingga penggunaan mesin bantu kapal dapat dikurangi. ""Kami yakin implementasi OPS di Pelabuhan Tanjung Priok dapat menjadi best practice dan menjadi bagian dari transformasi pelabuhan-pelabuhan di Indonesia menuju pelabuhan yang lebih hijau, efisien, berdaya saing dan berkelanjutan"" ujar Kepala KSOP Utama Tanjung Priok, Heru Susanto dalam keterangannya, Rabu (16/9/2026). Pengoperasian OPS menjadi salah satu langkah Pelindo dalam mendorong transformasi Pelabuhan Tanjung Priok menuju green port. Selain mengurangi konsumsi bahan bakar minyak (BBM) selama kapal bersandar, penggunaan listrik darat dapat mengurangi running hours mesin bantu kapal, kebutuhan pemeliharaan, emisi gas buang, kebisingan, dan getaran di area dermaga.  Direktur Utama Pelindo, Achmad Muchtasyar mengatakan pengembangan OPS merupakan bagian dari upaya Pelindo membangun ekosistem pelabuhan yang semakin hijau, efisien, dan siap menghadapi perkembangan standar industri maritim global.   ""OPS bukan sekadar menggantikan sumber listrik kapal dari genset menjadi listrik darat. Ini merupakan langkah konkret dalam transformasi Pelabuhan Tanjung Priok menuju green port, dengan menghadirkan energi yang lebih efisien, lebih bersih, dan lebih andal. Kami ingin membangun ekosistem pelabuhan yang tidak hanya semakin produktif, tetapi juga semakin berkelanjutan,"" ungkap Achmad.  Sementara itu, Direktur Utama PT PLN (Persero), Darmawan Prasodjo mengungkapkan pihaknya turut mendukung pengembangan OPS. Dukungan ini menjadi bagian dari kolaborasi penyediaan ekosistem kelistrikan yang andal untuk mendukung transisi energi di kawasan pelabuhan. ""PLN siap mendukung transformasi sektor kepelabuhanan melalui penyediaan pasokan listrik yang andal untuk kapal sandar. Lewat kolaborasi ini, kami ingin mendorong produktivitas melalui penghematan para pelaku usaha di bidang maritim dan mengoptimalkan aktivitas pelabuhan, sekaligus menekan emisi yang dihasilkan,"" jelasnya. OPS Bantu Tekan Emisi Kapal Saat Bersandar OPS bekerja melalui skema shore-to-ship power. Saat kapal bersandar dan terhubung dengan fasilitas tersebut, kebutuhan listrik kapal seperti hotel load, reefer, pompa, dan kebutuhan operasional lainnya dapat dipasok melalui jaringan listrik darat sehingga auxiliary engine kapal dapat dimatikan selama penggunaan OPS. Berdasarkan pengujian yang dilakukan, implementasi OPS diperkirakan dapat mengurangi emisi gas buang kapal hingga 75 persen. Emisi lokal dari cerobong kapal seperti nitrogen oksida (NOx), sulfur oksida (SOx), dan partikulat juga dapat dihilangkan selama kapal sepenuhnya menggunakan pasokan listrik darat.  Dari sisi efisiensi, pengukuran terhadap dua kapal uji menunjukkan potensi penghematan biaya energi sekitar 40 hingga 64 persen dibandingkan penggunaan genset kapal, bergantung pada jenis mesin dan bahan bakar yang digunakan. Berkurangnya running hours auxiliary engine juga dapat menekan kebutuhan pemeliharaan dan memperpanjang interval overhaul mesin. Dalam pengoperasiannya, Pelindo menugaskan PT Energi Pelabuhan Indonesia (EPI) untuk mengelola layanan OPS. Sebagai bagian dari Pelindo Group, EPI mengelola jaringan distribusi listrik internal kawasan pelabuhan sekaligus memastikan kesiapan dan keandalan pasokan listrik dari darat ke kapal. Direktur Utama PT EPI, Andriyuda Siahaan mengatakan fasilitas OPS di Dermaga 004 telah melalui Site Acceptance Test (SAT) dan berhasil diuji coba pada kapal niaga pada Juli 2026. ""Sebagai operator, PT EPI memastikan keandalan pasokan listrik dan kesiapan teknis layanan di dermaga. OPS juga membuka pengembangan layanan energi yang lebih terukur bagi pengguna jasa berdasarkan konsumsi listrik dan tingkat layanan yang dibutuhkan,"" ucap Andriyuda.  Dorong Pengembangan OPS di Pelabuhan Lain Peluncuran layanan OPS di Pelabuhan Tanjung Priok menjadi tahap awal pengembangan layanan secara lebih luas. Setelah tahap pilot dan komersialisasi di Dermaga 004, Pelindo akan melakukan pengembangan secara bertahap ke terminal lainnya dengan kapasitas yang disesuaikan dengan profil kebutuhan kapal. Dalam roadmap pengembangan, Pelindo mengarahkan pengembangan OPS di Tanjung Priok hingga 24 unit pada 2027. Dalam jangka panjang, model tersebut direncanakan untuk direplikasi secara bertahap ke terminal multipurpose, dermaga umum, serta pelabuhan lainnya, dengan roadmap indikatif pengembangan nasional hingga 123 unit OPS pada 2050. ""Dari Tanjung Priok, kami ingin membangun fondasi untuk memperluas solusi transisi energi ke terminal dan pelabuhan lainnya di Indonesia. Pelabuhan masa depan harus semakin produktif dan efisien, sekaligus mampu tumbuh dengan memperhatikan keberlanjutan lingkungan,"" pungkas Achmad. Sebagai informasi, peluncuran fasilitas layanan OPS tersebut turut dihadiri perwakilan Kementerian Perhubungan (Kemenhub), Kementerian Energi dan Sumber Daya Mineral (Kementerian ESDM), Kantor Kesyahbandaran dan Otoritas Pelabuhan (KSOP) Utama Tanjung Priok, Polres Pelabuhan Tanjung Priok, Asosiasi Pemilik Kapal (INSA), PT PLN (Persero) serta jajaran manajemen Pelindo Group."
https://finance.detik.com/berita-ekonomi-bisnis/d-8665648/sempat-ditunda-purbaya-4-toko-online-mulai-pungut-pajak-seller-1-oktober,finance.detik.com,ekonomi,"Sempat Ditunda Purbaya, 4 Toko Online Mulai Pungut Pajak Seller 1 Oktober",2026-09-16 18:14,"Direktorat Jenderal Pajak (DJP) Kementerian Keuangan akan menerapkan pemungutan pajak penghasilan (PPh) terhadap pedagang di platform toko online alias seller dengan mekanisme Perdagangan Melalui Sistem Elektronik (PMSE) atau e-commerce. Direktur Jenderal Pajak Bimo Wijayanto mengatakan Kebijakan ini direncanakan berlaku efektif mulai 1 Oktober 2026, setelah sebelumnya mengalami penundaan dari rencana awal pada 1 Agustus 2026. ""Oh, sudah siap. Mereka kan sudah siap sebenarnya, tapi ada penundaan sampai 1 Oktober. Nanti Insyaallah kita akan segera aktivasi aturannya dan implementasinya mereka sudah siap. Kita juga sudah siap,"" ujar Bimo.  Saat ditanya terkait penyebab atau masalah yang membuat penundaan penarikan PPh pedagang toko online ini, Bimo menyebut penundaan sebelumnya merupakan arahan dari Purbaya Yudhi Sadewa saat masih menjabat sebagai Menteri Keuangan (Menkeu) guna memastikan kesiapan teknis dari seluruh pihak. ""Bottleneck-nya ya karena Pak Menteri Purbaya keputusannya untuk sementara menunda supaya kesiapannya lebih matang,"" ujarnya. Lebih lanjut, ia menegaskan DJP bersama platform digital terkait telah melakukan uji coba sistem (sandbox) serta stabilisasi sejak tahun lalu, sehingga dapat dipastikan pelaksanaan penarikan PPh pedagang online melalui empat platform e-commerce pada 1 Oktober dapat berjalan lancar tanpa hambatan. ""Empat itu kan ya Shopee, Tokopedia, Lazada, Blibli. Itu prosesnya sudah mulai tahun lalu. Jadino dramas-lah, nggak ada drama,"" pungkas Bimo. Dalam catatandetikcom, DJP secara resmi telah menunjuk empat platform e-commerce atau marketplace sebagai pemungut pajak, yakni Tokopedia, Shopee, Lazada, dan Blibli. Kala itu DJP memberikan tenggat waktu selama satu bulan kepada platform yang telah ditunjuk untuk sosialisasi hingga penyesuaian sistem. Adapun penerapan ini sebagai tindak lanjut dari Peraturan Menteri Keuangan (PMK) Nomor 37 Tahun 2025. ""Kita tunjuk 1 Juli, 4 marketplace. Kemudian akan dilakukan mulai 1 Agustus,"" ujar Direktur Jenderal Pajak Bimo Wijayanto saat konferensi pers di kantornya, Jakarta Pusat, Rabu (1/7/2026). Bimo menerangkan penunjukan ini dilakukan telah mempertimbangkan berbagai hal, mulai dari kesiapan sistem, skala transaksi, kapasitas administrasi, dan penggunaan mekanisme rekening escrow. Ia menegaskan kesiapan marketplace untuk melakukan pemungutan, penyetoran, dan pelaporan pajak secara elektronik juga menjadi pertimbangan. ""Adapun keempat marketplace yang ditunjuk adalah Tokopedia, Shopee, Lazada, dan Blibli, dan ini penunjukan dilakukan oleh Direktur Jenderal Pajak berdasarkan pelimpahan kewenangan dari Menteri Keuangan,"" beber Bimo."
https://finance.detik.com/berita-ekonomi-bisnis/d-8665647/kejagung-siap-kawal-penegakan-hukum-dugaan-pelanggaran-beras-fortifikasi,finance.detik.com,ekonomi,Kejagung Siap Kawal Penegakan Hukum Dugaan Pelanggaran Beras Fortifikasi,2026-09-16 18:14,"Kejaksaan Agung (Kejagung) menyatakan kesiapan mengawal dan berkolaborasi dalam proses penegakan hukum terkait dugaan pelanggaran pada peredaran beras fortifikasi. Kejagung meminta kasus tersebut segera dituntaskan karena berpotensi menimbulkan kerugian bagi masyarakat dalam cakupan yang luas. Hal tersebut disampaikan oleh Jaksa Agung Muda Tindak Pidana Khusus (Jampidsus) Kuntadi pada Selasa, (15/9). Momen tersebut bertepatan dengan Ekspos Hasil Pemeriksaan dan Temuan Beras Fortifikasi di Kantor Pusat Kementan, Jakarta. ""Pada prinsipnya kami dari Kejaksaan mendukung penuh dan siap berkolaborasi untuk ikut mengamankan dan mempercepat proses penegakan hukum yang sedang dilakukan oleh kawan-kawan dari Satgas Pangan maupun dari kepolisian,"" ujar Kuntadi dalam keterangan tertulis, Rabu (16/9/2026).  Kuntadi menegaskan, penanganan kasus tersebut tidak boleh berlarut-larut mengingat potensi dampaknya terhadap masyarakat yang luas. Oleh karena itu, sinergi antar-aparat penegak hukum diperlukan agar proses pendalaman hingga penegakan hukum dapat berjalan secara efektif sesuai kewenangan masing-masing. ""Kasus ini harus segera dituntaskan mengingat berpotensi merugikan masyarakat dalam scope yang luas,"" tegasnya.  Kejagung juga memastikan kesiapan dalam proses penanganan perkara ditemukan indikasi tindak pidana. Langkah ini dijamin akan berjalan sesuai dengan tugas dan fungsi wewenang yang dimilikinya. ""Dan dalam hal di dalam proses penegakan hukum nanti terindikasi ada indikasi tindak pidana di dalamnya, tentunya kami akan siap untuk melakukan penegakan sesuai dengan tugas dan fungsi kami,"" tutur Kuntadi. Dukungan Kejagung tersebut memperkuat langkah pemerintah dalam menindaklanjuti temuan dugaan pelanggaran pada produk beras fortifikasi. Pemerintah sebelumnya melakukan pengawasan dan pemeriksaan terhadap produk yang dipasarkan sebagai beras fortifikasi, termasuk menguji kesesuaian kandungan gizi dengan informasi yang tercantum pada label kemasan. Pengujian laboratorium telah dilakukan di empat lembaga, yakni Saraswanti Indo Genetech, BRMP Kementan, Laboratorium IPB Terpadu, dan Eurofins Angler Biochemlab. Hasil uji ini menemukan adanya dugaan ketidaksesuaian antara klaim kandungan gizi pada label dengan produk yang beredar di masyarakat. Besarnya persoalan tersebut juga tercermin dari potensi kerugian konsumen yang dihitung pemerintah. Berdasarkan perhitungan terhadap dugaan ketidaksesuaian produk beras fortifikasi dengan standar yang ditetapkan, potensi kerugian konsumen diperkirakan mencapai Rp89 triliun.  Menteri Pertanian (Mentan) Amran menegaskan pemerintah tidak akan membiarkan praktik yang berpotensi merugikan konsumen. Langkah ini dinilai penting mengingat produk beras fortifikasi diperuntukkan bagi kelompok masyarakat yang membutuhkan asupan gizi tambahan. ""Ini 89 triliun, kita sudah hitung dengan cermat, 90% yang tidak sesuai, sesuai standar. Nah ini Rp57.000 harusnya 13.000 harganya. Untungnya 44.100 per kilo. Kalau 1 truk 10 ton itu 440 juta. Memang menggiurkan. Memang menggiurkan. Nah, ini tidak boleh,"" tegas Amran. Pemerintah juga menemukan adanya perbedaan signifikan antara biaya tambahan fortifikasi dan harga jual produk di pasaran. Berdasarkan perhitungan pemerintah, biaya tambahan untuk proses fortifikasi diperkirakan sekitar Rp1.000 per kilogram sehingga harga jual produk yang memenuhi ketentuan diperkirakan berada pada kisaran Rp13.500 per kilogram. Hasil pengawasan menemukan produk beras fortifikasi dipasarkan dengan harga rata-rata sekitar Rp23.385 per kilogram. Temuan ini bahkan mencatat adanya produk yang dijual hingga menembus harga Rp57.600 per kilogram. Amran menjelaskan, beras fortifikasi pada dasarnya ditujukan untuk membantu memenuhi kebutuhan gizi kelompok masyarakat rentan. Oleh karena itu, pemerintah memberikan perhatian serius terhadap dugaan ketidaksesuaian kandungan produk maupun informasi yang disampaikan kepada konsumen.  Temuan tersebut selanjutnya telah diserahkan kepada aparat penegak hukum untuk dilakukan pendalaman dan ditindaklanjuti sesuai ketentuan yang berlaku. Pemerintah memastikan proses penanganan dilakukan dengan mengedepankan perlindungan konsumen serta kepastian hukum. Dukungan Kejagung juga memperkuat kolaborasi lintas lembaga dalam mengawal kasus tersebut. Kepolisian Republik Indonesia melalui Inspektur Pengawasan Umum (Irwasum) Polri Komjen Pol. Wahyu Widada menyatakan dukungan terhadap langkah pemerintah dalam menindaklanjuti temuan beras fortifikasi yang diduga tidak memenuhi ketentuan standar keamanan dan mutu pangan. Amran sebelumnya telah menginstruksikan penanganan tegas terhadap produk yang diduga bermasalah di pasaran. Langkah ini mencakup penarikan dan penghentian peredaran produk, pencabutan izin usaha, hingga penegakan hukum jika ditemukan unsur pidana. ""Tarik, moratorium, izin dicabut, dan diproses pidananya,"" pungkas Amran. Pemerintah menegaskan penanganan kasus beras fortifikasi bertujuan untuk memastikan masyarakat memperoleh pangan yang aman, bermutu, dan sesuai label. Dengan dukungan Kejagung serta sinergi lintas lembaga, proses pemeriksaan dan penegakan hukum akan terus dikawal hingga memperoleh kejelasan berdasarkan hasil pendalaman dan alat bukti sesuai kewenangan masing-masing."
https://finance.detik.com/berita-ekonomi-bisnis/d-8665646/produsen-setop-produksi-tarik-25-merek-beras-fortifikasi-abal-abal,finance.detik.com,ekonomi,Produsen Setop Produksi-Tarik 25 Merek Beras Fortifikasi Abal-abal,2026-09-16 17:14,"Pemerintah menindak tegas produsen beras fortifikasi yang diduga tidak sesuai dengan klaim gizi dan label kemasan. Masyarakat harus memperoleh produk beras fortifikasi yang sesuai dengan klaim produsen sebagaimana tertera dalam izin edar dan klaim kandungan gizi pada label kemasan. 11 pelaku usaha sebagai pemilik 25 izin edar merek beras fortifikasi tersebut telah diberikan surat peringatan oleh Otoritas Kompeten Keamanan Pangan Daerah (OKKPD) dalam koordinasi Badan Pangan Nasional (Bapanas). OKKPD yang dilibatkan Bapanas antara lain DKI Jakarta, Jawa Barat, Jawa Tengah, Jawa Timur, D.I.Yogyakarta, dan Sumatera Utara. Sampai minggu pertama September, seluruh merek beras fortifikasi bermasalah tersebut pun terpantau sudah menghentikan produksi merk tersebut. Kemudian sebanyak 12 merek beras fortifikasi  tersebut telah melakukan penarikan stok dari tempat peredaran.  Menurut Kepala Bapanas yang juga Menteri Pertanian, Andi Amran Sulaiman sisa merek lainnya sedang dalam proses penarikan.  ""Ternyata ada dugaan (kecurangan beras) beralih dari premium ke fortifikasi. Katanya fortifikasi, setelah kita cek di lab, ada 4 lab kredibel. Kita cek ternyata tidak sesuai dengan labelnya,"" beber Amran dalam keterangan tertulis, Rabu (16/9/2026). Menurut Amran, praktik tak jujur dalam ekosistem perberasan seperti ini tidak dapat dibiarkan. Ini karena pemerintah berkewajiban memastikan masyarakat sebagai konsumen dapat mengakses produk beras yang sesuai dengan spesifikasi dalam izin edar dan tentunya dengan harga yang wajar pula. ""Mungkin ini agak kasar sedikit, (tapi) itu penipuan. Ini menyusahkan konsumen kita, karena tujuan pemerintah ingin supaya konsumen menikmati harga beras yang baik, tapi petaninya masih bisa untung,"" kata Amran lagi. Senada, Wakil Menteri Hukum Edward Omar Sharif Hiariej menjabarkan tindak pidana penipuan dapat terjadi manakala ada praktik menjual sesuatu yang tidak sesuai dengan kandungan dan mengakibatkan kerugian bagi konsumen. Terlebih produk tersebut dijual dengan harga yang terlampau tinggi daripada yang seharusnya. ""Bahwa ada indikasi dugaan tindak pidana penipuan sebagaimana itu diatur dalam Bab II Nomor 7 Pasal 492, 493, 495 Kitab Undang-Undang Hukum Pidana, termasuk di dalam Undang-Undang Perlindungan Konsumen. Inti dari pasal-pasal tersebut adalah menjual sesuatu yang tidak sesuai dengan kandungannya dan ini tentu merugikan bagi konsumen,"" papar Wamen Edward. Adapun ancaman pidana bagi korporasi produsen beras yang terbukti melakukan praktik culas tersebut dapat berupa denda dengan tambahan ancaman pidana serta pencabutan izin usaha. Ini merujuk pada dugaan pemerintah bahwa pelaku praktik curang ini dilakukan oleh skala korporasi, bukan perorangan. Sebagaimana diketahui, pemerintah bersama Satgas Pangan Polri baru saja membuka tabir adanya temuan terhadap 25 merek beras yang dipasarkan sebagai beras fortifikasi. Akan tetapi diduga tidak sesuai dengan standar dan kandungan yang tercantum pada label. Sebanyak 25 merek beras fortifikasi tidak memenuhi kandungan dan mutu sesuai SNI 9314:2024 untuk kernel beras fortifikan dan SNI 9372:2025 untuk beras fortifikasi. Adapun merek beras yang diduga melakukan pelanggaran adalah WFO, TKS, IMF, NUR, TKL, HOK, BRV, IMR, IHJ, IAK, PBK, GNB, DTR, TKR, WJK, PLK, MKY, IMC, PTK, ARP, ARN, SKM, GNM, TAR, dan CMS. Bapanas mengungkap pula dugaan praktik curang dalam peredaran beras berlabel fortifikasi yang diduga tidak memenuhi standar mutu dan kandungan gizi sebagaimana klaim pada label kemasan. Berdasarkan hasil pengawasan dan pengujian sampel, potensi kerugian konsumen dari selisih harga produk tersebut diperkirakan mencapai Rp 89 triliun."
https://finance.detik.com/berita-ekonomi-bisnis/d-8665618/dirjen-pajak-ungkap-ada-nama-ajaib-di-perombakan-pejabat-era-purbaya,finance.detik.com,ekonomi,Dirjen Pajak Ungkap Ada 'Nama Ajaib' di Perombakan Pejabat Era Purbaya,2026-09-16 17:15,"Direktur Jenderal Pajak Bimo Wijayanto mengatakan ada nama-nama ajaib dalam perombakan pejabat yang dilakukan Purbaya Yudhi Sadewa saat menjabat menteri keuangan. Perombakan ini dinilai jadi persoalan serius. Ia menjelaskan nama-nama ajaib yang masuk dalam rotasi ke lingkungan Direktorat Jenderal Pajak (DJP) terindikasi masuk tanpa melalui prosedur resmi. Bimo tak menyebut siapa nama-nama yang dimaksud. ""Ada beberapa yang nama-nama ajaib yang tidak ikut proses assessment talent management,"" kata Bimo saat ditemui usai acara International Tax Conference di kantor pusat DJP, Jakarta Selatan, Rabu (16/9/2026).  Bimo menegaskan temuan inilah yang kemudian mendorongnya untuk meminta penundaan atau pembatalan perombakan pejabat yang bermasalah. Hal ini dinilai berpotensi menimbulkan masalah di kemudian hari. ""Sinyalnya nggak bagus bagi pasukan yang lain, yang ikut susah payah ikut assessment, ikut ujian, ikut talent management,"" ujarnya. Bimo menegaskan para pejabat yang namanya masuk dalam daftar perombakan tanpa proses seleksi tersebut dipastikan batal dirotasi dan dikembalikan ke jabatan semula. Sementara mereka yang sudah sesuai dengan aturan akan tetap dirotasi. ""Yang nggak memenuhi syarat tadi dibatalkan. Yang lain-lain tetap. (Balik ke posisi awal?) iya,"" ucap Bimo. Untuk diketahui, perombakan ratusan pejabat di lingkungan Kemenkeu terakhir dilakukan oleh Purbaya pada Kamis 10 September 2026. Dalam hal ini, mayoritas perombakan di Ditjen Bea Cukai dan Ditjen Pajak. Perombakan terjadi pada pejabat Pimpinan Tinggi Pratama, Pejabat Administrator, Pejabat Pengawas, Pejabat Fungsional, dan Pejabat pada Unit Organisasi Non Eselon Kemenkeu. Kala itu, Purabaya mengatakan, perubahan jabatan ini dilakukan sebagai bagian dari proses organisasi untuk memastikan Kemenkeu yang lebih adaptif dan semakin baik."
https://finance.detik.com/cpns/d-8665614/seleksi-sekolah-kedinasan-dimulai-22-september-segini-nilai-ambang-batasnya,finance.detik.com,ekonomi,"Seleksi Sekolah Kedinasan Dimulai 22 September, Segini Nilai Ambang Batasnya",2026-09-16 17:15,"Seleksi Kompetensi Dasar (SKD) sekolah kedinasan digelar mulai 22 September 2026. Tahap pendaftaran sendiri telah selesai pada akhir Agustus 2026. Menteri PANRB Rini Widyantini berpesan kepada seluruh peserta untuk menyiapkan diri dan hindari oknum-oknum yang menjanjikan kelulusan otomatis dengan membayar sejumlah uang. SKD tetap akan menggunakan sistem Computer Assisted Test (CAT) yang dikelola Badan Kepegawaian Negara (BKN). Rini menegaskan pemerintah tidak akan membiarkan celah kecurangan dalam proses seleksi.  ""Tidak akan ada celah untuk yang melakukan kecurangan,"" tegas Menteri Rini, dalam keterangan tertulis, Rabu (16/9/2026).  Pemerintah telah menetapkan nilai ambang batas atau passing grade yang harus dicapai dari masing-masing kelompok soal. Nilai ambang batas untuk tes wawasan kebangsaan (TWK) adalah 65, sementara tes intelegensia umum (TIU) adalah 80. Lalu 156 adalah nilai minimal yang harus dicapai peserta untuk kelompok soal tes karakteristik pribadi (TKP). Nilai kumulatif tertinggi SKD adalah 550, dengan rincian: 150 untuk TWK, 175 untuk TIU, serta 225 untuk TKP. Penetapan ini tertuang dalam Keputusan Menteri Pendayagunaan Aparatur Negara dan Reformasi Birokrasi Nomor 406 Tahun 2026 tentang Nilai Ambang Batas Seleksi Kompetensi Dasar Seleksi Penerimaan Peserta Didik Sekolah Kedinasan Tahun Anggaran 2026. Namun nilai ambang batas tersebut dikecualikan bagi peserta dari daerah tertentu yang mendapat afirmasi. Kebijakan afirmasi itu adalah yang sebelumnya telah diusulkan oleh kementerian atau lembaga penyelenggara sekolah kedinasan. Pada materi soal TIU dan TWK, bobot jawaban benar bernilai 5. Peserta akan mendapat nilai 0 jika menjawab salah atau tidak menjawab. Sementara untuk soal TKP, bobot jawaban paling rendah adalah 1, paling tinggi adalah 5, serta mendapat 0 jika tidak menjawab. Para calon praja, mahasiswa, atau taruna, harus mengerjakan 110 butir soal dalam waktu 100 menit. TWK terdiri dari 30 soal, TIU terdapat 35 soal, serta 45 soal untuk TKP. Rini meminta peserta mengikuti tahapan seleksi dengan jujur sesuai kemampuan diri masing-masing. Pengelompokkan soal-soal itu dilakukan untuk menilai pengetahuan, kecenderungan, serta penguasaan para peserta. Jawaban peserta akan menunjukkan pengetahuan dan kecenderungannya tentang nilai nasionalisme, analisis hingga silogisme, kemampuan beradaptasi, hingga pengetahuan tentang anti-radikalisme. Pemerintah menyiapkan 4.770 kebutuhan calon pegawai negeri sipil (CPNS) melalui jalur sekolah kedinasan tahun 2026. Tahun ini sembilan instansi membuka formasi sekolah kedinasan yang berada dibawah naungannya. Setelah mengikuti SKD, setiap instansi akan pengumumkan hasilnya secara resmi pada September hingga Oktober 2026. Sedangkan seleksi lanjutan diatur oleh masing-masing instansi penyelenggara sekolah kedinasan. Detail tanggal tahapan seleksi bisa dilihat atau diakses pada laman[URL]  Lihat juga Video: JPPI Soroti Tata Kelola Sekolah Kedinasan yang Tertutup"
https://finance.detik.com/moneter/d-8665604/ri-dapat-utang-rp-11-5-t-dari-adb-untuk-apa,finance.detik.com,ekonomi,"RI Dapat Utang Rp 11,5 T dari ADB, untuk Apa?",2026-09-16 17:15,"Bank Pembangunan Asia (Asian Development Bank/ADB) menyetujui pinjaman sebesar US$ 650 juta atau sekitar Rp 11,5 triliun (Kurs Rp 17.700) untuk mendukung Indonesia memodernisasi pengelolaan fiskal pemerintah pusat dan daerah. Pinjaman tersebut merupakan bagian dari subprogram pertama Accelerating Decentralization for Improved Local Governance (ADIL) atau Program Percepatan Desentralisasi demi Meningkatkan Tata Kelola Daerah. Direktur ADB untuk Indonesia, Bobur Alimov, mengatakan program ini akan mendukung platform digital nasional baru untuk integrasi dan pelaporan data fiskal, serta penilaian pajak properti yang lebih adil guna meningkatkan pendapatan daerah.  Selain itu, isu-isu terkait perlindungan hak-hak sipil, termasuk perencanaan dan penganggaran yang responsif untuk melindungi perempuan dan anak perempuan, serta integrasi risiko bencana, telah menjadi bagian tak terpisahkan dari kerangka kerja tersebut. ""Aspirasi Pemerintah Indonesia untuk menjadi negara berpenghasilan tinggi pada tahun 2045 didukung secara strategis oleh pembangunan ekonomi di berbagai provinsi, kabupaten, dan desa, tempat layanan publik esensial diberikan,"" ujar Bobur dalam keterangan tertulis, Rabu (16/9/2026). ""Arsitektur fiskal dan digital negara yang semakin diperkuat memungkinkan penyediaan layanan yang lebih baik bagi masyarakat,"" sambungnya. Bobur menyampaikan bahwa 35%-40% dari total pengeluaran publik, termasuk pengeluaran untuk pendidikan, perawatan kesehatan, dan infrastruktur lokal, dikelola di tingkat subnasional. Ia menilai sistem pengelolaan keuangan publik daerah yang masih terfragmentasi serta perbedaan kemampuan fiskal dan administratif antarwilayah dapat memengaruhi administrasi perpajakan, koordinasi kebijakan, hingga penyediaan layanan publik. Menurutnya, dengan program ini nisa mengatasi tantangan struktural dalam sistem fiskal daerah di Indonesia. Selain itu juga dapat mendukung Rencana Pembangunan Jangka Menengah Nasional 2025-2029 dan Visi Indonesia Emas 2045 untuk mempercepat pertumbuhan ekonomi Indonesia, mendorong pengurangan kemiskinan dan ketimpangan, serta memperkuat keberlanjutan lingkungan.  Simak juga Video: Purbaya Sebut Rasio Utang RI Masih Aman"
https://news.detik.com/internasional/d-8666078/saudi-vs-houthi-memanas-perkara-drone-dekat-tanah-suci,news.detik.com,internasional,Saudi Vs Houthi Memanas Perkara Drone Dekat Tanah Suci,2026-09-16 22:07,"HubunganArab Saudidan kelompokHouthi di Yamankembali memanas setelah Arab Saudi mengaku mencegat sebuah drone yang meluncur dekat Kota Mekkah. Saudi menyebut drone tersebut diluncurkan Houthi dan diarahkan menuju wilayah kota suci, tetapi Houthi membantah tudingan tersebut. Awalnya Arab Saudi mengeluarkan peringatan darurat pada Selasa (15/9) yang memperkirakan potensi serangan di beberapa wilayah Kota Suci. Peringatan itu mencakup Mekkah, Jeddah, dan Taif di bagian barat Saudi. Dilansir Anadolu Agency, peringatan dikeluarkan melalui Platform Peringatan Dini Nasional untuk Keadaan Darurat. Badan Pertahanan Sipil Saudi menyerukan masyarakat untuk mencari perlindungan dan mengikuti instruksi keselamatan resmi.  Namun, otoritas Saudi tidak merinci jenis ancaman yang dimaksud dalam peringatan tersebut. Tak lama, peringatan kemudian dicabut. Sebelumnya, koalisi pimpinan Saudi mengatakan serangkaian serangan rudal dan drone Houthi menyasar sejumlah wilayah di Saudi, termasuk Khamis Mushait, Abha, dan Taif. Sedikitnya 13 orang dilaporkan terluka dalam serangan tersebut. Koalisi Saudi menyatakan akan merespons serangan tersebut dengan tegas dan mengambil langkah operasional yang diperlukan untuk melindungi kedaulatan Arab Saudi. Saudi Cegat Serangan Drone Usai Peringatan Darurat Juru bicara koalisi pimpinan Saudi, Mayor Jenderal Turki al-Malki, mengatakan sistem pertahanan udara Arab Saudi mencegat dan menghancurkan drone tersebut pada Selasa (15/9) sekitar pukul 18.50 waktu setempat. Drone disebut berhasil dicegat sebelum memasuki wilayah udara terlarang di atas Mekkah, sementara puing-puingnya jatuh di sebelah selatan kota. Al-Malki menyebut insiden tersebut sebagai upaya kedua Houthi untuk menargetkan Mekkah. Ia merujuk pada peluncuran rudal balistik yang menurut koalisi Saudi diarahkan ke Mekkah pada Juli 2017. Keamanan Dua Masjid Suci dan para jemaah, kata Al-Malki, merupakan ""red line"" atau garis merah bagi Arab Saudi. Dia menegaskan koalisi akan mengambil langkah yang diperlukan untuk mencegah serangan serupa. ""Keamanan Dua Masjid Suci dan para jemaah adalah red line, dan Komando Pasukan Gabungan Koalisi tidak akan ragu untuk mengambil tindakan yang diperlukan dan memberikan efek jera terhadap milisi teroris Houthi,"" kata Al-Malki dalam pernyataan yang disampaikan melalui media sosial X.  Houthi Membantah Kelompok Houthi membantah tudingan Arab Saudi bahwa mereka meluncurkan drone yang diarahkan ke Mekkah. Pejabat biro politik Houthi, Hazem al-Assad, menyebut tudingan 'basi' atau sudah pernah digunakan sebelumnya. ""Klaim mengenai penargetan Mekkah adalah kebohongan usang yang pernah digunakan sebelumnya,"" tulis Hazem al-Assad di akun X, dilansir AFP, Rabu (16/9/2026). Dia menegaskan klaim tersebut tidak lagi dapat memperdaya publik. ""Tidak lagi dapat memperdaya siapa pun,"" imbuhnya. Di sisi lain, juru bicara militer Houthi Yahya Saree mengklaim pihaknya menembak jatuh jet tempur F-15 milik Arab Saudi di wilayah Marib, Yaman. Saree mengatakan jet tempur tersebut ditembak menggunakan rudal yang diklaim dibuat secara lokal. Menurutnya, F-15 itu ditembak ketika sedang melakukan operasi militer di wilayah udara Provinsi Marib. ""Angkatan Bersenjata Yaman, dengan pertolongan dan karunia Allah, berhasil menembak jatuh jet tempur F-15 Saudi saat jet tempur itu sedang melakukan operasi permusuhan untuk mendukung mobilisasi militer mereka di wilayah udara Provinsi Marib,"" kata Saree dalam pernyataannya. Namun, klaim Houthi mengenai jatuhnya jet tempur F-15 tersebut belum mendapat konfirmasi dari pihak Arab Saudi. Saree juga membantah bahwa operasi Houthi menargetkan Mekkah. Dia mengatakan serangan kelompoknya diarahkan ke fasilitas minyak dan pangkalan militer Saudi yang disebutnya berada jauh dari situs-situs suci. ""Operasi kami menargetkan fasilitas minyak dan pangkalan militer mereka, yang lokasinya jauh dari situs-situs suci,"" tegas Saree. Dengan demikian, tudingan mengenai drone yang disebut menuju Mekkah masih menjadi klaim yang diperselisihkan. Arab Saudi menyatakan drone tersebut merupakan serangan Houthi, sementara kelompok Houthi menyangkal telah menargetkan kota suci tersebut."
https://news.detik.com/internasional/d-8665947/kepanikan-di-udara-saat-gangguan-hebat-terjadi-di-boeing-737-iran,news.detik.com,internasional,Kepanikan di Udara saat Gangguan Hebat Terjadi di Boeing 737 Iran,2026-09-16 20:15,"PesawatBoeing 737 milik Sepehran Airlines mengalami gangguan hebat di udara. Peristiwa tersebut membuat penumpang panik hingga berteriak. Dilansir Gulf News dan Al-Jazeera, Rabu (16/9/2026), kepanikan terjadi di dalam kabin pesawat Boeing 737 milik Sepehran Airlines yang baru saja terbang dari Mashhad menuju Kermanshah, Iran, pada Selasa kemarin. Salah satu ban pesawat dilaporkan lepas. Kondisi tersebut kemudian memicu gangguan mesin. Badan pesawat kemudian bergetar hebat.  Dalam rekaman yang viral, guncangan hebat sampai merusak sebagian langit-langit kabin. Kompartemen penyimpanan di atas kepala penumpang juga sampai terbuka. Barang-barang milik penumpang berjatuhan dari kompartemen dan mengenai orang-orang di dalam pesawat.   Para penumpang terdengar berteriak ketakutan dan berdoa karena mereka mengira pesawat dalam bahaya besar. Insiden tersebut terjadi sesaat setelah pesawat meninggalkan Bandara Mashhad. Pilot dilaporkan memberi tahu penumpang mengenai adanya masalah mesin setelah ban terlepas. Pilot kemudian memutuskan berbalik arah dan kembali ke Mashhad. Pesawat akhirnya mendarat dengan selamat. Pesawat mendarat dengan selamat di Bandara Mashhad. Laporan awal menyebutkan tidak ada penumpang yang mengalami cedera. Insiden itu dilaporkan sebagai peristiwa kedua yang melibatkan pesawat Sepehran Airlines di Bandara Mashhad. Iran sendiri menghadapi kesulitan dalam memperoleh suku cadang dan layanan pemeliharaan pesawat akibat sanksi ketat Amerika Serikat. Kondisi itu telah berlangsung selama beberapa dekade."
https://news.detik.com/dw/d-8665799/houthi-dituduh-targetkan-mekkah-arab-saudi-tegaskan-garis-merah,news.detik.com,internasional,"Houthi Dituduh Targetkan Mekkah, Arab Saudi Tegaskan Garis Merah",2026-09-16 19:15,"Arab Saudi mencegat dan menghancurkan sebuah drone di sebelah selatan Mekkah sebelum pesawat nirawak itu memasuki wilayah udara terlarang di atas kota suci tersebut. Kelompok Houthi yang dituduh berada di balik serangan membantah telah menargetkan Mekkah. Juru bicara koalisi militer pimpinan Arab Saudi di Yaman, Mayor Jenderal Turki al-Maliki, mengatakan drone tersebut dicegat pada Selasa (15/9) malam. Ia menyebut upaya itu sebagai ""tindakan memalukan"" dan menegaskan keamanan Mekkah sebagai ""garis merah"". Namun, pejabat Houthi Hazem al-Assad membantah tuduhan tersebut. ""Klaim tentang menargetkan Mekkah adalah kebohongan usang yang sudah pernah digunakan sebelumnya dan sekarang tidak lagi memperdaya siapa pun,"" tulisnya di X.  Pemerintah Arab Saudi sebelumnya mengeluarkan peringatan keamanan untuk sejumlah wilayah pada Selasa, termasuk Mekkah dan Jeddah. Peringatan tersebut kemudian dicabut. Otoritas Saudi tidak segera melaporkan apakah ada proyektil yang mencapai wilayahnya, sementara tidak ada pihak yang langsung mengaku bertanggung jawab. Otoritas di Mekkah meminta warga tetap tenang dan mengikuti instruksi resmi. Menurut Reuters, peringatan tersebut merupakan yang pertama kali dikeluarkan untuk Mekkah sejak eskalasi terbaru konflik. Al-Maliki mengatakan insiden kali ini merupakan upaya Houthi kedua untuk menyerang Mekkah setelah kelompok tersebut meluncurkan rudal balistik ke arah kota itu pada Juli 2017. Houthi kembali membantah tuduhan tersebut. Mohammed al-Farah, anggota biro politik Houthi, mengatakan kelompoknya tidak menargetkan Mekkah dan menyebut tuduhan itu sebagai ""kebohongan terang-terangan"", menurut kantor berita SABA yang dikelola Houthi. Perdana Menteri Pakistan Shehbaz Sharif tetap mengecam serangan yang oleh koalisi Saudi dikaitkan dengan Houthi. ""Rakyat Pakistan sedih dan terganggu oleh tindakan keterlaluan ini,"" kata Sharif melalui X. Ia menyebutnya sebagai tindakan ""keji dan mengerikan"". Insiden di sekitar Mekkah terjadi setelah sepekan serangan Houthi terhadap Arab Saudi. Kelompok tersebut mengumumkan sejumlah serangan, termasuk terhadap sebuah pangkalan udara pada Senin (14/9), yang mereka klaim sebagai pembalasan atas serangan udara Saudi terhadap Yaman. Koalisi pimpinan Saudi mengatakan serangan tersebut melukai 13 warga sipil. Pada saat yang sama, pasukan Houthi memperluas penguasaan mereka di pesisir barat Yaman. Pejabat pemerintah Yaman yang didukung Saudi dan menentang Houthi mengatakan kelompok tersebut kini secara efektif menguasai hampir seluruh pesisir barat negara itu di sepanjang Laut Merah. Houthi juga menguasai sejumlah wilayah yang menghadap Bab el-Mandeb, salah satu jalur pelayaran utama dunia. Pemerintah Yaman mengatakan pasukan Saudi dan Yaman merespons dengan meningkatkan serangan udara terhadap posisi Houthi, termasuk di sekitar pelabuhan Mokha yang direbut kelompok tersebut pekan lalu. Duta Besar Yaman untuk PBB Abdullah Al-Saadi mengatakan pasukan pemerintah sedang mengatur kembali kekuatan untuk mencegah Houthi mengancam Bab el-Mandeb dan pelayaran internasional. ""Kami tidak akan membiarkan Houthi sekali lagi mengubah keuntungan di medan perang menjadi kenyataan,"" kata Al-Saadi dalam pertemuan Dewan Keamanan PBB pada Selasa. Duta Besar Saudi untuk PBB Abdulaziz Alwasil mengatakan aktivitas Houthi di kawasan tersebut telah meningkatkan risiko terhadap jalur perdagangan dan energi global. Menurutnya, kelompok tersebut telah ""memiliterisasi selat internasional untuk memeras ekonomi global"". Eskalasi di Laut Merah berlangsung ketika Arab Saudi juga menghadapi gangguan terhadap jalur ekspor minyaknya. Riyadh menuduh kelompok berbeda yang didukung Iran dan berbasis di Irak sebagai pelaku serangan Jumat (11/9) terhadap East-West Pipeline. Pipa sepanjang 1.200 kilometer tersebut menghubungkan ladang minyak Saudi di kawasan Teluk dengan Laut Merah dan menjadi jalur ekspor utama ketika pelayaran melalui Selat Hormuz terganggu. Arab Saudi belum mengatakan kapan operasi pipa akan kembali normal. Namun, Menteri Energi Amerika Serikat (AS), Chris Wright, mengatakan minyak mentah diperkirakan kembali mengalir ""dalam hitungan hari"". Para pedagang yang dikutip Reuters memperkirakan penutupan berkepanjangan dapat mengurangi hingga 4% pasokan minyak global. Harga minyak Brent naik melewati 108 dolar AS per barel pada Selasa, sementara harga rata-rata diesel eceran di AS mencapai hampir 6,27 dolar per galon. Putra Mahkota Saudi Mohammed bin Salman pada Selasa bertemu Presiden Mesir Abdel Fattah el-Sisi di Kairo. Kedua pemimpin menekankan perlunya menjamin kebebasan dan keamanan pelayaran di Bab el-Mandeb dan Laut Merah. Mohammed bin Salman sebelumnya juga menghubungi Presiden AS Donald Trump untuk meminta dukungan militer. Menurut Reuters, dukungan Amerika sejauh ini terbatas pada bantuan intelijen. Sementara itu, Wakil Duta Besar AS untuk PBB Jennifer Locetta mengatakan kemajuan Houthi di sekitar Bab el-Mandeb mengancam keamanan energi global. Ia menyerukan penghentian pengiriman senjata dan bantuan keuangan Iran kepada Houthi. Editor: Rizki Nugraha  Lihat juga Video Arab Saudi Gagalkan Serangan Drone Houthi Dekat Makkah"
https://news.detik.com/dw/d-8665780/operasi-penargetan-lgbt-di-turki-tuai-gelombang-kritik,news.detik.com,internasional,Operasi Penargetan LGBT di Turki Tuai Gelombang Kritik,2026-09-16 19:15,"Penggerebekan yang menyasar aktivis dan organisasi LGBTQ+ berlangsung di Turki pada akhir pekan lalu. Langkah pemerintah Turki tersebut menuai kritik tajam dari berbagai kalangan di dalam negeri maupun dari Uni Eropa. Menurut kelompok hak asasi manusia dan tokoh oposisi, penangkapan ini menjadi eskalasi terbaru terkait kampanye yang semakin meluas terhadap komunitas LGBTQ+. Dalam sepekan terakhir, otoritas Turki menggerebek kantor sejumlah organisasi, memblokir situs web, dan memenjarakan tersangka di berbagai provinsi.  Menteri Kehakiman Turki, Akin Gurlek, mengatakan penyelidikan yang dikoordinasikan oleh jaksa di Istanbul, Ankara, Izmir, Aydin, dan Mersin mencakup 162 tersangka, sembilan asosiasi, dan 13 bisnis di 15 provinsi. Presiden Turki Recep Tayyip Erdogan sebelumnya mengumumkan operasi tersebut sebagai bagian dari program ""Decade of Family and Population"", strategi nasional yang diluncurkan pada Mei 2025 untuk mengatasi penurunan angka kelahiran dan memperkuat pandangan keluarga tradisional yang konservatif di Turki. Pada Selasa (15/09), demonstrasi kembali berlangsung di Istanbul. Otoritas Turki menahan sedikitnya 31 orang sambil menunggu persidangan sebagai bagian dari upaya pemerintah yang menyasar kelompok LGBTQ+. Pada hari yang sama, polisi juga menahan sedikitnya 126 orang dalam aksi protes di Ankara dan Istanbul yang menentang penggerebekan dan penangkapan tersebut, menurut para pengacara. Mereka yang ditahan adalah lima perempuan transgender di Ankara dan 26 orang lainnya di Provinsi Mersin. Proses hukum terhadap sejumlah orang lain yang telah ditahan masih berlangsung. Polisi juga mencegah sekelompok aktivis menyampaikan pernyataan pers di luar gedung pengadilan Istanbul dan membubarkan massa pendukung LGBTQ+ yang berusaha berkumpul di Ankara. Asosiasi LGBTQ+ di Turki menegaskan dalam pernyataan bersama bahwa mendirikan organisasi dan memperjuangkan hak bukanlah tindak pidana. ""Kebebasan berkumpul, kebebasan berpendapat, perlindungan privasi, dan asas praduga tak bersalah juga berlaku bagi orang-orang LGBTQ+,"" tulis pernyataan tersebut. Komunitas LGBTQ+ juga mendapat dukungan dari gerakan perempuan. Sebanyak 120 organisasi hak-hak perempuan juga menandatangani pernyataan bersama yang mengkritik otoritarianisme di Turki. ""Sebagai perempuan, kami menentang operasi yang dilakukan atas nama 'menjaga keamanan keluarga'. Kami tahu bahwa penindasan terhadap tubuh, kehidupan, identitas, dan hak kami untuk berorganisasi merupakan bagian dari politik otoriter yang sama. Menjadi LGBTQ+ bukanlah kejahatan. Berorganisasi sebagai LGBTQ+ juga bukan kejahatan,"" ungkap mereka di pernyataan bersama. Pemerintah berusaha mengkriminalisasi komunitas LGBTQ+, kata Yildiz Taghizade dari organisasi Women for Women's Human Rights (WWHR), salah satu penandatangan pernyataan tersebut. Menurut Taghizade, upaya kriminalisasi ini tidak dimulai dalam beberapa hari terakhir, melainkan telah berlangsung selama beberapa tahun. ""Tujuannya bukan hanya menargetkan orang-orang LGBTQ+, tetapi secara efektif melarang mereka berpolitik, berorganisasi, menuntut hak, dan menunjukkan eksistensi di ruang publik,"" ujar Taghizade. Menurutnya, bukan kebetulan jika operasi tersebut menggunakan slogan ""My Family is Safe""atau ""Keluargaku Aman."" ""Pemerintah mencoba membenarkan tindakannya dengan mengatasnamakan perlindungan keluarga dan anak-anak. Namun, narasi ini tidak berhasil. Banyak faktor yang menciptakan ketidakpastian bagi keluarga di Turki saat ini, seperti persoalan kemiskinan, krisis perumahan, pengangguran, beban kerja perawatan yang dibebankan kepada perempuan, serta kekerasan laki-laki terhadap perempuan,"" menurut Taghizade. Berbagai organisasi lain juga mengkritik langkah pemerintah. Asosiasi Medis Turki (TTB) menyebut operasi tersebut sebagai pelanggaran hak asasi manusia dan menuntut diakhirinya politik diskriminasi. TTB menilai negara telah mengkriminalisasi identitas gender dan orientasi seksual. Organisasi itu juga mengkritik penangkapan orang yang dilakukan pada malam hari serta pemblokiran platform digital yang dilakukan dengan dalih melindungi keluarga dan keamanan. Ketua Partai Buruh Turki (TIP), Erkan Bas, menyerukan pembebasan segera terhadap mereka yang ditahan. Ia menegaskan bahwa keberadaan individu LGBTQ+ bukanlah tindak pidana. Bas juga mengatakan bahwa siapa pun yang tidak sejalan dengan pandangan pemerintah akan dipaksa tunduk melalui ""peradilan, pentungan, dan sensor."" Selama akhir pekan lalu, sejumlah situs web dan akun media sosial milik kelompok LGBTQ+, organisasi masyarakat sipil, dan aktivis diblokir. Pada hari penggerebekan, 32 akun ditangguhkan. Sehari kemudian, jumlah akun yang diblokir telah melampaui 100. Di antara yang terdampak adalah Amnesty International Turki, surat kabar Evrensel, inisiatif Academics for Peace, asosiasi Lawyers for Justice, organisasi hak perempuan Mor Dayanisma, kelompok hak LGBTQ+ Kaos GL, serta Media and Law Studies Association (MLSA). Dasar hukumnya adalah putusan pengadilan Istanbul yang diumumkan pada 13 September lalu. Kantor Kejaksaan Bakirkoy menyebut pemblokiran dilakukan dalam rangka penyelidikan terhadap akun yang diduga menyebarkan ""konten cabul dan propaganda LGBTQ+."" Menurut sejumlah media, pemblokiran juga dilakukan dengan alasan ""keamanan nasional"". Para pengkritik menyebut langkah tersebut sebagai bentuk sensor digital. Hubungan sesama jenis pada dasarnya bukanlah tindak pidana di Turki. Namun, pemerintah Turki berulang kali menyebut komunitas LGBTQ+ sebagai kelompok ""menyimpang"". Menteri Kehakiman Akin Gurlek sebelumnya menuduh organisasi LGBTQ+ ""mempromosikan amoralitas"". Dalam unggahan di media sosial, ia menyatakan bahwa ""tidak ada organisasi kriminal, jaringan pelecehan, atau aktivitas ilegal yang menargetkan anak-anak, remaja, atau keluarga yang akan ditoleransi."" Komisaris Hak Asasi Manusia Dewan Eropa, Michael O'Flaherty, menyatakan keprihatinannya terhadap penangkapan, penggerebekan, dan pembatasan daring yang menargetkan kelompok masyarakat sipil LGBTQ+ serta pembela HAM di Turki ini. Menurutnya, alasan seperti ""nilai-nilai keluarga"" atau ""perlindungan anak"" tidak dapat dengan sendirinya dijadikan dasar untuk membatasi hak asasi manusia. Ia juga menyerukan pembebasan siapa pun yang ditahan karena aktivitas hak asasi manusia atau kerja masyarakat sipil. Uni Eropa juga menyampaikan keprihatinan. Juru bicara Komisi Eropa, Christian Wigand, mengatakan bahwa Turki sebagai negara kandidat anggota UE harus menghormati hak asasi manusia dan martabat setiap individu, terlepas dari identitas gender maupun orientasi seksual mereka. Ia menambahkan bahwa stigmatisasi dan diskriminasi bertentangan dengan nilai-nilai Uni Eropa. Direktur Human Rights Watch untuk Turki, Emma Sinclair-Webb, menilai penangkapan tersebut merupakan bukti dari niat pemerintah untuk mengkriminalisasi komunitas LGBTQ+ tanpa perlu mengesahkan undang-undang baru. Artikel ini pertama kali terbit dalam bahasa Jerman Diadaptasi oleh Pratama Indra Editor: Adelia Dinda Sani   Lihat juga Video Sesaat Usai Mobil Terjang Kerumunan Festival LGBT di Berlin, 1 Orang Tewas"
https://news.detik.com/internasional/d-8665767/5-berita-terpopuler-internasional-hari-ini,news.detik.com,internasional,5 Berita Terpopuler Internasional Hari Ini,2026-09-16 19:15,"Perdana Menteri (PM)Anwar Ibrahimmenegaskan tidak akan membiarkanMalaysiamenjadi titik transit bagi kargo yang berkontribusi terhadapIsrael. PresidenAmerika Serikat(AS)Donald Trumpmarah atas putusan hakim federal AS, yang menyatakan namanya tidak dapat dicantumkan di gedungKennedy Center. Penegasan Anwar Ibrahim itu disampaikan setelah laporan media terkemukaBloombergmenyebutkan bahwa otoritas Kuala Lumpur telah menyita setidaknya tiga kontainer yang ditujukan untuk Pelabuhan Ashdod di Israel. Sementara itu, Trump mengancam akan menutup Kennedy Center untuk selamanya, jika namanya tidak bisa ditambahkan di bagian depan gedung institusi ternama tersebut.  Selain berita tersebut, berikut ini berita-berita internasional yang menarik perhatian pembacadetikcom, hari ini, Rabu (16/9/2026): - Malaysia Sita Kargo Tujuan Israel, Anwar Ibrahim Tegaskan Hal Ini Perdana Menteri (PM) MalaysiaAnwar Ibrahimmenegaskan kembali sikap tegas Malaysia untuk tidak membiarkan negaranya menjadi titik transit bagi kargo apa pun yang berkontribusi terhadap operasi militerIsrael. Penegasan ini disampaikan setelah laporan media terkemukaBloomberg, seperti dilansirMalay MaildanStraits Times, Rabu (16/9/2026), menyebutkan bahwa otoritas Kuala Lumpur telah menyita setidaknya tiga kontainer yang ditujukan untuk Pelabuhan Ashdod di Israel. Kontainer-kontainer itu ditahan di Pelabuhan Tanjung Pelepas, salah satu pelabuhan terbesar di Malaysia.  - Arab Saudi: Houthi SerangRed Line, Kita Tak Ragu untuk Balas! Arab Saudimenuduh kelompokHouthitelah menargetkan kota suci umat Muslim, Mekkah, dalam salah satu serangannya. Otoritas Riyadh memperingatkan bahwa keamanan situs-situs suci di wilayahnya merupakan ""red line"" atau garis merah yang tidak seharusnya dilanggar. Juru bicara koalisi pimpinan Saudi, Brigadir Jenderal Turki al-Malki, seperti dilansirAFP, Rabu (16/9/2026), menegaskan bahwa pasukannya akan melakukan pembalasan terhadap serangan Houthi tersebut. ""Keamanan Dua Masjid Suci dan para jemaah adalah red line, dan Komando Pasukan Gabungan Koalisi tidak akan ragu untuk mengambil tindakan yang diperlukan dan memberikan efek jera terhadap milisi teroris Houthi,"" tegas Al-Malki dalam pernyataan via media sosial X.   - Hakim AS Larang Namanya Ditambahkan ke Kennedy Center, Trump Marah! Presiden Amerika Serikat (AS)Donald Trumpmemberikan reaksi kemarahan atas putusan hakim federal AS, yang menyatakan bahwa nama Trump tidak dapat dicantumkan di bagian luar gedungKennedy Center. Trump mengancam akan menutup Kennedy Center untuk selamanya, jika namanya tidak bisa ditambahkan di bagian depan gedung institusi ternama tersebut. Kennedy Center, atau yang memiliki nama lengkapJohn F. Kennedy Center for the Performing Arts, merupakan pusat kebudayaan nasional AS dan memorial untuk mendiang Presiden AS John F Kennedy yang tewas dibunuh tahun 1963 silam.  - Houthi Klaim Tembak Jatuh Jet Tempur F-15 Arab Saudi KelompokHouthimengklaim telah menembak jatuh sebuahjet tempur F-15milik Arab Saudi. Diklaim juga oleh Houthi, yang bermarkas di Yaman, bahwa pasukannya menggunakan amunisi buatan dalam negeri untuk menargetkan jet tempur canggih buatan Amerika Serikat (AS) yang digunakan Saudi itu. Klaim tersebut, seperti dilansirAFP, Rabu (16/9/2026), disampaikan oleh juru bicara militer Houthi, Yahya Saree, dalam pernyataan terbaru via media sosial. Saree menyebut bahwa jet tempur Saudi itu ditembak jatuh saat melancarkan serangan di wilayah Marib, Yaman. ""Angkatan Bersenjata Yaman, dengan pertolongan dan karunia Allah, berhasil menembak jatuh jet tempur F-15 Saudi saat jet tempur itu sedang melakukan operasi permusuhan untuk mendukung mobilisasi militer mereka di wilayah udara Provinsi Marib,"" kata Saree dalam pernyataannya.  - Perang Iran Bikin AS Rogoh Rp 671 T, Bakal Nambah Rp 53 T Per Bulan Perang yang dikobarkanAmerika Serikat(AS) terhadapIrantelah menelan biaya sekitar US$ 38 miliar, atau setara Rp 671,9 triliun, tercatat hingga 1 Agustus. Biaya perang itu berpotensi untuk terus bertambah, hingga US$ 3 miliar (Rp 53 triliun) setiap bulannya, selama konflik terus berlanjut. Laporan soal biaya perang Iran itu, seperti dilansirAFP, Rabu (16/9/2026), disampaikan olehCongressional Budget Office(CBO), yang merupakan lembaga nonpartisan, pada Selasa (15/9) waktu setempat. ""Per 1 Agustus 2026, konflik bersenjata dengan Iran telah menelan biaya sekitar US$ 38 miliar (bagi Departemen Pertahanan AS),"" kata CBO dalam laporannya, merujuk pada perang yang dimulai oleh serangan gabungan AS dan Israel terhadap Iran pada 28 Februari lalu. Ditambahkan oleh CBO dalam laporannya bahwa bergantung pada intensitas kekerasan yang terjadi, biaya perang per bulannya dapat berkisar antara US$ 2 miliar (Rp 35,3 triliun) hingga US$ 3 miliar (Rp 53 triliun), atau bisa lebih, jika konflik berlanjut.  Lihat juga Video: Terpopuler: Wartawan Pantau Anak Krakatau Hilang, Prabowo Respons AHY"
https://news.detik.com/dw/d-8665747/macklemore-dicoret-gegara-i-free-palestine-i-musisi-lain-boikot-tur-ed-sheeran,news.detik.com,internasional,"Macklemore Dicoret GegaraFree Palestine, Musisi Lain Boikot Tur Ed Sheeran",2026-09-16 18:15,"Pada Selasa (15/09), rangkaian konser Loop Tour Ed Sheeran di benua Amerika diliputi kontroversi. Sejumlah musisi pendamping mundur satu demi satu setelah nama rapper Macklemore dicoret dari daftar konser. Sehari sebelumnya, Macklemore mengatakan dirinya dikeluarkan dari tur karena aksi solidaritasnya kepada Palestina. Hari ini, Ed Sheeran menegaskan bahwa keputusan itu bukan berasal darinya, melainkan dari promotor tur. Musisi asal Irlandia, Aaron Rowe, dan grup pengiring musik tradisional Beoga mengumumkan pengunduran diri mereka dari tur tersebut. Langkah serupa juga diambil oleh musisi asal Denmark, Lukas Graham, dan penyanyi Amerika Serikat, Finneas, yang merupakan saudara Billie Eilish.  ""Seniman tidak boleh dibungkam ketika mereka bersuara untuk membela orang-orang yang tertindas,"" kata Finneas melalui Instagram. ""Saya memutuskan untuk mengundurkan diri dari jadwal tur saya bersama Ed Sheeran yang akan datang. Saya mendukung Palestina dan rakyatnya,"" lanjutnya. Rowe mengatakan bahwa ia tidak ""mengambil keputusan ini dengan mudah"". Ia juga menekankan hubungan pertemanannya dengan Ed Sheeran, yang ia ucapkan terima kasih karena telah ""mengubah hidupnya"". ""Namun, sebagai orang Irlandia, kami sangat memahami genosida, kelaparan yang dipaksakan, dan pendudukan dengan kekerasan,"" tulisnya di Instagram. Beoga juga menyinggung latar belakang mereka sebagai orang Irlandia. ""Kami adalah orang Irlandia yang memahami kolonialisme. Kami adalah band tradisional Irlandia yang tidak pernah membayangkan akan tampil di stadion sebesar itu dan kami tidak mengabaikan besarnya kesempatan tersebut,"" lanjut mereka. Lukas Graham juga menyebut pengunduran diri itu sebagai keputusan yang sulit. ""Uang tidak memberi seseorang hak untuk menguasai percakapan. Kekayaan seseorang tidak seharusnya menentukan siapa yang boleh berbicara atau penderitaan mana yang boleh kita akui."" Pernyataan itu tampaknya merujuk pada peran miliarder Robert Kraft dalam keputusan mengeluarkan Macklemore dari konser. Macklemore mengatakan dirinya dikeluarkan dari Loop Tour setelah meneriakkan ""Free Palestine!""saat tampil di Stadion MetLife, New Jersey, pada 5 September lalu. Saat itu, ia membawakan lagu berjudul Hind's Hall. Lagu tersebut berkisah tentang Hind Rajab, seorang anak perempuan Palestina berusia 5 tahun yang tewas dalam perang Gaza pada tahun 2024. Sebelum meninggal, rekaman panggilan teleponnya dengan petugas medis sempat tersebar luas setelah keluarganya terbunuh. Bulan lalu, militer Israel memerintahkan penyelidikan kriminal terkait kematiannya. ""Untuk seluruh saudara-saudari Yahudi saya, kritik terhadap Israel, kritik terhadap apartheid, dan penolakan terhadap genosida sama sekali bukanlah kritik terhadap kalian,"" kata Macklemore dalam konser tersebut. Para pejabat Israel secara konsisten menolak tuduhan bahwa negara itu melakukan genosida di Gaza. Pada Senin (14/09), Macklemore mengatakan bahwa beberapa lokasi konser di Amerika Serikat tempat tur itu akan digelar telah memberi tahu promotor bahwa mereka tidak akan mengizinkannya menjadi pembuka konser Ed Sheeran. Ia juga menuduh pemilik Stadion Gillette, Robert Kraft, telah menggalang dukungan untuk menentangnya. Pada hari yang sama, Kraft mengatakan keputusan membatalkan penampilan Macklemore akhirnya ditentukan karena komentar-komentar terbarunya serta ""riwayat pernyataan dan penggunaan simbol antisemit yang lebih luas, yang kami yakini sangat menyinggung dan menyakiti komunitas Yahudi."" Sementara itu, Ed Sheeran berusaha menegaskan bahwa dirinya tidak terlibat dalam keputusan tersebut. ""Macklemore dikeluarkan dari Loop Tour adalah keputusan promotor, bukan keputusan saya,"" tulisnya. ""Saya tidak akan pernah mengecewakan penggemar yang telah membuat rencana, maupun meninggalkan kru konser dan musisi pendamping lainnya yang bergantung pada saya untuk bekerja dan mencari nafkah,"" lanjutnya. Penyanyi asal Inggris itu juga menegaskan bahwa ia tidak akan memihak dalam konflik Israel-Palestina. ""Saya memilih menggunakan ketenaran dan platform saya sebagai tempat yang aman dan perlindungan, untuk menjaga diplomasi dan mempertahankan percakapan agar tetap terbuka, bukan tertutup,"" ujarnya. Artikel ini pertama kali terbit dalam bahasa Inggris Diadaptasi oleh Brenda Nursalim Editor: Hani Anggraini  Lihat Video Pil Pahit Ed Sheeran Usai Depak Macklemore: Ditinggal Finneas Cs"
https://news.detik.com/bbc-world/d-8665740/jepang-punya-lebih-dari-100-000-orang-berusia-100-tahun-ke-atas-kok-bisa,news.detik.com,internasional,"Jepang Punya Lebih dari 100.000 Orang Berusia 100 Tahun ke Atas, Kok Bisa?",2026-09-16 18:15,"Untuk pertama kalinya, jumlah orang berusia 100 tahun ke atas di Jepang melampaui 100.000 orang, menurut data resmi pemerintah. Data Kementerian Kesehatan Jepang menunjukkan, terdapat 107.677 orang berusia 100 tahun ke atas di negara mereka. Angka itu adalah yang tertinggi di dunia. Dari jumlah tersebut, 88% orang berusia 100 tahun ke atas di Jepang adalah perempuan. Perempuan tertua adalah Kishimoto Fuyo. Dia berusia 114 tahun dan berasal dari Kyoto.  Adapun laki-laki tertua adalah Kato Hikaru, yang berusia 112 tahun dan tinggal di Kumamoto. Menteri Kesehatan Jepang, Kenichiro Ueno, mengatakan bahwa dia ""senang karena begitu banyak orang menjalani hidup yang panjang, sehat, dan aktif."" Kenichiro mengaitkan fenomena ini dengan kemajuan dalam bidang kedokteran dan teknologi. Namun Kenichiri memperingatkan tentang tantangan yang dihadapi Jepang dalam mempertahankan sistem jaminan sosial yang berkelanjutan. Merujuk pendapat sekelompok pakar, umur panjang penduduk Jepang disebabkan oleh beberapa faktor, antara lain pola makan sehat dan gaya hidup aktif. Masakan di negara kepulauan ini sebagian besar terdiri dari ikan, sayuran, dan nasi. Penduduk Jepang mengonsumsi lebih sedikit lemak jenuh. Orang lanjut usia di Jepang juga secara teratur berjalan kaki, menggunakan transportasi umum, bersepeda, dan melakukan peregangan.  Jepang mengalami penuaan penduduk selama bertahun-tahun. Penjualan popok dewasa juga lebih tinggi daripada penjualan popok bayi, selama lebih dari satu dekade terakhir. Banyak perusahaan di Jepang lantas mengembangkan berbagai produk baru untuk populasi lansia. Salah satu yang mereka jual adalah penopang tubuh bertenaga yang bisa membantu populasi lansia menggerakkan berbagai bagian tubuh. Ada pula produk kacamata yang secara otomatis bisa menyesuaikan fokus.  Pola makan masyarakat Jepang diyakini berkontribusi pada umur yang lebih panjang (Getty Images) Agar suatu populasi dapat menghasilkan generasi berikutnya, setiap perempuan perlu melahirkan rata-rata 2,1 anak, menurut berbagai riset. Pada 2025, angka kesuburan total di Jepang turun ke rekor terendah, yaitu 1,14. Jumlah penduduk Jepang diperkirakan akan turun menjadi 87 juta jiwa pada 2070. Proyeksi angka itu mencerminkan penurunan 30% dari jumlah penduduk tertinggi yang pernah dicapai Jepang, yaitu 128 juta jiwa pada 2008, menurut data Institut Nasional Kependudukan dan Penelitian Jaminan Sosial. Saat ini, penduduk Jepang yang berusia 65 tahun ke atas berjumlah sekitar 30% dari total populasi. Persentase itu diperkirakan akan mencapai hampir 40% pada 2070. Pemerintah Jepang menyebut tren ini sebagai krisis eksistensial. Perdana Menteri Jepang, Sanae Takichi, menggambarkan penurunan tersebut sebagai keadaan darurat yang terjadi dalam senyap. Pada 2025, total populasi Jepang menurun hampir di semua wilayah. Laju penurunan tersebut semakin cepat.  Pemerintah Jepang berusaha membuat berbagai program dan subsidi untuk mendorong kaum muda memiliki lebih banyak anak. Namun siasat itu tampaknya belum akan meningkatkan angka kelahiran dalam waktu dekat. Sejumlah pakar di Jepang menyebut ragam alasan kompleks yang memicu situasi ini, antara lain tingkat pernikahan yang rendah. Mereka juga menyebut tren perempuan Jepang yang bekerja dan meningkatnya biaya membesarkan anak. Meskipun arus kedatangan warga negara asing meningkat dalam beberapa tahun terakhir, mereka hanya mencakup sekitar 3% dari populasi Jepang. Di sisi lain, sekelompok warga Jepang menentang kebijakan imigrasi yang memungkinkan warga asing tinggal di negara tersebut.  Migrasi ke Jepang telah meningkat dalam beberapa tahun terakhir tapi angkanya masih rendah dibandingkan dengan negara-negara dengan tingkat ekonomi besar lainnya (AFP via Getty Images) Ketika Jepang memulai survei penduduk berusia 100 tahun ke atas pada 1963, terdapat 153 orang yang berusia 100 tahun ke atas. Angka tersebut meningkat menjadi 1.000 orang pada 1981 dan mencapai 10.000 pada 1998. Data terbaru ini dirilis menjelang hari libur nasional tahunan di Jepang yang dikenal sebagaiKeir no Hi.Hari libur itu ditetapkan pemerintah Jepang untuk menghormati penduduk yang berusia 100 tahun. Berbagai studi sebenarnya meragukan keabsahan data jumlah penduduk berusia 100 tahun ke atas. Mereka menduga banyak kesalahan data, catatan publik yang tidak dapat diandalkan, dan akta kelahiran yang hilang. Audit pemerintah terhadap catatan keluarga di Jepang pada 2010 mengungkap lebih dari 230.000 orang yang terdaftar berusia 100 tahun atau lebih. Namun dari angka itu, banyak warga tersebut tidak diketahui keberadaannya dan kemudian dikonfirmasi telah meninggal beberapa dekade sebelumnya. Kesalahan penghitungan tersebut disebabkan oleh pencatatan yang tidak lengkap dan kecurigaan bahwa beberapa keluarga mungkin mencoba menyembunyikan kematian kerabat lanjut usia mereka untuk mengklaim pensiun. Kami menggunakan AI untuk membantu menerjemahkan artikel ini, yang awalnya ditulis dalam bahasa Inggris. Jurnalis BBC memeriksa terjemahan tersebut sebelum diterbitkan.Selengkapnya tentang bagaimana kami menggunakan AI.  Tonton juga Video: Momen Keluarga Kerajaan Inggris Rayakan 100 Tahun Kelahiran Ratu Elizabeth II"
https://news.detik.com/internasional/d-8665728/tegang-kapal-angkatan-laut-india-pakistan-tabrakan-di-laut-arab,news.detik.com,internasional,Tegang! Kapal Angkatan Laut India-Pakistan Tabrakan di Laut Arab,2026-09-16 18:15,"Sebuah kapal perangIndiadan kapal Angkatan LautPakistanbertabrakan di perairan Laut Arab pekan ini. Otoritas India memanggil diplomat senior Pakistan di New Delhi pada Rabu (16/9) untuk menyampaikan ""protes keras"" atas insiden tersebut. Otoritas India, seperti dilansirAFP, Rabu (16/9/2026), menyalahkan Angkatan Laut Pakistan, yang merupakan rival utamanya, atasinsiden tabrakanyang terjadi di perairan internasional di Laut Arab pada Selasa (15/9) malam waktu setempat. ""Protes keras telah disampaikan kepadanya (diplomat senior Pakistan-red) terkait tindakan yang tidak dapat diterima dan tidak profesional dari unit-unit Angkatan Laut Pakistan di lautan, yang berujung pada tabrakan dengan sebuah unit Angkatan Laut India,"" demikian pernyataan Kementerian Luar Negeri India.  Disebutkan dalam pernyataan tersebut bahwa insiden itu terjadi di perairan internasional dan ""tidak menyebabkan kerusakan berarti"".  Penyebab tabrakan itu tidak diketahui secara jelas. Namun seorang pejabat senior India menyebut kapal Angkatan Laut Pakistan melakukan ""manuver tidak aman"" dalam insiden yang terjadi pada Selasa (15/9) malam di wilayah utara Laut Arab itu. ""Sebuah kapal Angkatan Laut Pakistan mendekati kapal perang garis depan India yang sedang menjalankan misi pengintai rutin... dengan kecepatan tinggi, melakukan manuver secara tidak profesional dan tidak aman,"" ujar pejabat India, yang tidak disebutkan namanya itu, saat berbicara kepadaAFP. Menurut Kementerian Luar Negeri India, utusan Pakistan untuk India telah diinstruksikan untuk menyampaikan kepada Islamabad mengenai ""perlunya seluruh unit militer untuk bertindak sangat hati-hati dan mematuhi ketentuan dalam perjanjian terkait antara kedua pihak guna mencegah terulangnya insiden serupa"". Belum ada tanggapan langsung dari otoritas Pakistan atas protes yang dilontarkan India tersebut.  India dan Pakistan, dua negara yang bersaing sengit dan sama-sama memiliki senjata nuklir, telah sejak lama saling memendam rasa tidak percaya yang mendalam. Kedua negara yang bertetangga itu juga sudah beberapa kali terlibat perang, terutama terkait sengketa wilayah Kashmir yang diklaim kedua negara. New Delhi dan Islamabad juga mengerahkan puluhan ribu tentara bersenjata lengkap di sepanjang perbatasan, yang dijaga ketat secara militer. Pada Mei 2025, kedua negara terlibat konflik mematikan selama empat hari, setelah kelompok bersenjata menewaskan puluhan turis, yang sebagian besar beragama Hindu, di Kashmir. India menuding Pakistan sebagai pihak yang bertanggung jawab atas serangan mematikan itu. Tuduhan itu dibantah keras oleh Islamabad.  Lihat juga Video: Tabrakan Kapal Angkatan Laut Vs Kapal Wisatawan di India, 13 Orang Tewas"
https://news.detik.com/dw/d-8665684/ceo-teknologi-desak-regulasi-tangkal-ancaman-ai-trump-menolak,news.detik.com,internasional,"CEO Teknologi Desak Regulasi Tangkal Ancaman AI, Trump Menolak!",2026-09-16 18:15,"Para pemimpin perusahaan kecerdasan buatan atau akal imitasi (AI) menyerukan pengawasan yang lebih ketat terhadap perkembangan teknologi tersebut. Namun, Pemerintah Amerika Serikat (AS) di bawah Presiden Donald Trump dan Kongres belum menunjukkan langkah cepat untuk meresponsnya. CEO Anthropic, Dario Amodei, CEO OpenAI, Sam Altman, dan Elon Musk dari xAI menyampaikan kekhawatiran tentang perkembangan AI yang terlalu cepat. Namun, Trump pada Senin (14/9) menyebut kekhawatiran terhadap AI dan pembangunan pusat data sebagai bagian dari ""konspirasi sakit"". Perbedaan sikap ini menunjukkan adanya jarak antara kekhawatiran para pemimpin industri teknologi dan respons politik di Washington. Amodei meminta perusahaan AI memperlambat pengembangan teknologi mereka. Dalam esai yang dibagikan pada Sabtu (12/9), ia memperingatkan bahwa dalam enam hingga 12 bulan, agen AI ""bisa saja mampu mengambil alih seluruh internet dan berpotensi menyebabkan kerugian hingga ratusan miliar dolar"".  Altman mengatakan sepakat dengan Amodei. Ia juga menilai risiko kepunahan manusia akibat AI sebagai sesuatu yang ""tidak dapat diterima"". Kekhawatiran terhadap penyalahgunaan AI meningkat setelah peneliti Anthropic, Jacob Coxon, mengundurkan diri dan mengatakan bahwa perusahaan-perusahaan AI ""mempertaruhkan hidup kita"". Beberapa hari kemudian, Anthropic merilis laporan intelijen ancaman yang menyebut model Claude miliknya telah digunakan dalam aktivitas mulai dari pengembangan senjata dan operasi siber hingga pengawasan dan penipuan. Namun, sebagian investor menilai peringatan tersebut berlebihan. Michael Burry, investor yang dikenal karena bertaruh melawan pasar perumahan AS sebelum krisis finansial 2008, menyebut peringatan dari Anthropic dan OpenAI sebagai ""gembar-gembor dan bualan"". Di Washington, kekhawatiran terhadap kemampuan pemerintah untuk merespons perkembangan AI juga muncul dari Max Stier, presiden dan CEOPartnership for Public Service. ""Sinyal yang kita terima dari para pemimpin politik tidak menunjukkan pemahaman mengenai krisis yang, menurut saya, memang sedang kita hadapi,"" kata Stier. ""Penundaan akan terbukti sangat mahal."" Sejumlah anggota DPR AS atau yang dikenal dengan Kongres mulai mendorong regulasi, meski belum ada tanda bahwa legislasi tersebut akan segera disahkan. Pemimpin Mayoritas Senat John Thune mengatakan pada Sabtu (12/9) bahwa ia berbicara dengan Senator Demokrat Amy Klobuchar mengenai ""jalan ke depan"" untuk rancangan undang-undang AI. ""Anda tidak ingin menghambat inovasi, tetapi saya pikir Anda juga ingin memastikan bahwa ancaman yang lebih maju dapat dimitigasi dan bahwa ada kemampuan serta tempat untuk melakukannya,"" kata Thune. Senator Republik John Kennedy mengatakan akan mengajukan aturan yang disebut ""kill switch"" yang mewajibkan pengembang memiliki kemampuan untuk mematikan sistem AI jika diperlukan. Senator Josh Hawley juga mengatakan bahwa perlindungan masyarakat harus menjadi bagian dari kebijakan AI. ""Kita perlu melindungi pekerja. Kita perlu melindungi anak-anak secara daring. Kita perlu melindungi orang-orang yang terancam oleh pusat data,"" kata Hawley. ""Kita juga harus memastikan bahwa model-model terdepan ini tidak akan meledakkan internet dan dunia,"" lanjutnya. Namun, waktu Kongres untuk bergerak semakin terbatas menjelang pemilu pada November. Ketua Kongres AS Mike Johnson juga tidak menunjukkan urgensi untuk segera menyusun undang-undang. Ia menyerukan agar Trump mengundang para pemimpin perusahaan AI untuk membahas persoalan tersebut. ""Refleks lembaga legislatif adalah menutup berbagai hal dengan birokrasi dan regulasi yang berlebihan,"" kata Johnson. Sementara itu, Trump tampak menjadi hambatan terhadap kemungkinan regulasi lebih ketat. Para pemimpin industri yang sebelumnya menyerukan pengawasan harus menghadapi sikap presiden yang menolak kekhawatiran tersebut. Senator Mark Warner, politikus Demokrat dari Virginia dan mantan eksekutif teknologi, mengatakan Kongres memiliki rekam jejak yang lambat dalam merespons persoalan besar. ""Kita tidak pernah melakukan apa pun sampai kita mengalami momen 'astaga',"" katanya. Perdebatan regulasi AI turut memicu kekhawatiran terkait ekonomi dan keamanan. Saham terkait AI merosot pada Senin (14/9), dengan Nasdaq 100 turun 1,2 persen dan indeks chip Philadelphia turun 5,1 persen. Nvidia turun 3,6 persen, AMD 5,6 persen, dan Micron 6 persen. Steve Sosnick dariInteractive Brokersmengatakan bahwa perlambatan investasi AI dapat berdampak pada ekonomi dan pasar saham. ""Pada dasarnya, selama ini kita bergerak berdasarkan pengeluaran AI,"" katanya. Namun, Deutsche Bank menilai persaingan AI antar perusahaan dan antarnegara masih kuat sehingga sulit membayangkan perusahaan memperlambat pengembangan secara sukarela. Bill Gates mengatakan pemerintah dunia belum siap menghadapi perubahan akibat AI. ""Saya tidak berpikir pemerintah mana pun sudah cukup mendalami persoalan ini seperti yang seharusnya,"" katanya kepada Reuters.Gates Foundationjuga akan mengalokasikan setidaknya $1 miliar (sekitar Rp17,7 triliun) dalam dua tahun untuk memperluas akses AI di bidang pendidikan, kesehatan dan pertanian. AS dan China diperkirakan akan membahas keselamatan AI dalam perundingan bilateral bulan ini. Namun,Global Timesmengkritik seruan Amodei sebagai ""buku pedoman Perang Dingin"" yang bertujuan membatasi perkembangan teknologi China. Editor: Rizki Nugraha  Lihat juga Video: AI Bisa Habiskan Air Bumi dalam Jumlah Besar, Kok Bisa?"
https://news.detik.com/abc-australia/d-8665681/visa-australia-diperketat-mahasiswa-internasional-dilarang-bawa-keluarga,news.detik.com,internasional,"Visa Australia Diperketat, Mahasiswa Internasional Dilarang Bawa Keluarga",2026-09-16 18:15,"Artikel ini diproduksi ABC Indonesia Mahasiswa internasional kemungkinan besar akan dilarang membawa anggota keluarga ke Australia, dalam perombakan sistem imigrasi yang akan diumumkan oleh Menteri Dalam Negeri Australia Tony Burke, Kamis besok (17/09). Dalam pidato bertajuk ""Mengelola program migrasi: siapa yang datang, siapa yang tinggal, dan siapa yang pergi"", Tony akan memaparkan perubahan kebijakan untuk memastikan pemerintah Australia mencapai target penurunan angka migrasi dari 300.000 menjadi 225.000 pada tahun 2028.  Tony sebenarnya berencana mengumumkan kebijakan ini enam minggu lalu, namun secara mendadak terpaksa menunda pidatonya di National Press Club (NPC) karena perbedaan pendapat di antara para menteri. ABC memperoleh informasi jika rencana yang telah direvisi tersebut sudah disetujui oleh Komite Tinjauan Pengeluaran Kabinet minggu ini, menjelang pidato NPC besok. Pemerintah Australia berencana menurunkan angka migrasi dengan memangkas jumlah visa sementara, yang jumlahnya telah melonjak hingga tiga juta orang, serta memastikan migran meninggalkan Australia setelah masa berlaku visa mereka habis agar mencegah praktik yang disebut visa hopping atau berganti-ganti jenis visa, serta membatasi mereka untuk bisa mengajukan permohonan visa perlindungan atau protection visa. Meskipun jumlah mahasiswa internasional diperkirakan tidak akan dikurangi, ABC mendapat informasi mereka akan kehilangan hak untuk membawa keluarga mereka ke Australia akibat pengetatan aturan ini. Pada tahun keuangan lalu, sebanyak 337.427 permohonan visa pelajar dikabulkan. Sebanyak 45.991 dari total tersebut merupakan pemohon sekunder yang dikategorikan sebagai tanggungan atau anggota keluarga. Rencana Partai Buruh memiliki sejumlah kemiripan dengan kebijakan migrasi Partai One Nation yang dirilis pekan ini, termasuk pengetatan aturan visa keluarga baik bagi pelajar maupun migran terampil. Belum jelas apakah pemerintah juga akan menargetkan keluarga dari migran terampil, namun baru-baru ini Tony menggunakan wewenangnya untuk memperlambat proses penerbitan visa bagi migran terampil dan visa keluarga yang diajukan pemohon dari luar negeri. Menjelang pengumuman besok, Tony menyampaikan dalam sesi tanya jawab parlemen ia ingin menerapkan perombakan yang direncanakan Partai Buruh melalui jalur legislasi, namun akan menempuh cara atau ""instrumen"" lain jika tidak mendapatkan dukungan parlemen. ""Sejak era pemerintahan Hawke dan Howard, sebagian besar sistem imigrasi sifatnya didorong oleh permintaan, dan kecepatan pemrosesan, bersama dengan penetapan kuota perencanaan, merupakan satu-satunya instrumen yang saat ini kita miliki,"" ujar Tony dalam sesi tanya jawab parlemen hari ini (16/09). ""Semakin banyak instrumennya, semakin baik kemampuan penargetan dalam sistem,"" ujarnya. ""Hasil terbaik akan tercapai jika kita berhasil menempuh opsi legislasi. Jika hal itu tidak dapat dilakukan, masih ada instrumen lain yang dapat digunakan pemerintah, dan saya akan mengumumkannya besok."" Untuk mengatasi lonjakan jumlah 'bridging visa', pemerintah juga mempertimbangkan untuk mencabut hak kerja bagi mereka yang permohonan visa perlindungannya telah ditolak oleh Departemen Dalam Negeri Australia. Rata-rata 1.580 permohonan perlindungan diajukan di Australia setiap bulannya, sebagian besar oleh warga dari China, India, dan Malaysia yang datang dengan visa pelajar atau visa turis. Sekitar 90 persen dari permohonan tersebut ditolak, namun pemohon memiliki hak untuk mengajukan banding atas keputusan itu melalui Administrative Review Tribunal (ART) dan Pengadilan Federal, sebuah proses yang kerap memakan waktu hingga delapan tahun. Selama masa tersebut, pemohon diberikan visa transisi, atau 'bridging visa' yang memberikan izin untuk tinggal dan bekerja di Australia. Hal ini memicu kekhawatiran pemerintah kalau sebagian orang hanya sekadar ""memanfaatkan celah sistem"" demi keuntungan pribadi. Partai Buruh sempat mempertimbangkan untuk mengubah kebijakan yang menguntungkan peserta WHV asal Inggris demi mengurangi daya tarik skema tersebut, sebelum akhirnya Perdana Menteri Australia turun tangan dan menepis langkah apa pun yang berpotensi melanggar Perjanjian Perdagangan Bebas antara kedua negara. Di tengah tekanan untuk mengurangi jumlah pendatang dari luar negeri, Tony sudah melakukan perubahan besar-besaran pada sistem imigrasi, termasuk menunda atau memperlambat pemrosesan visa WHV pada bulan Juli, serta memprioritaskan kembali pemrosesan visa bagi tenaga kerja terampil. Perubahan yang tertuang dalam Arahan Menteri Nomor 119 ini berarti setiap pekerja yang mengajukan visa tenaga kerja terampil dari luar negeri kini ditempatkan di urutan paling belakang dalam antrean, sehingga waktu tunggu visa yang sebelumnya hanya hitungan hari kini bisa mencapai lebih dari satu tahun dalam beberapa kasus."
https://news.detik.com/internasional/d-8665613/rusia-kritik-as-luar-angkasa-harus-bebas-dari-senjata-apapun,news.detik.com,internasional,Rusia Kritik AS: Luar Angkasa Harus Bebas dari Senjata Apapun!,2026-09-16 17:15,"Rusiamenyerukan agar senjata tidak ditempatkan di luar angkasa, setelah Angkatan Luar AngkasaAmerika Serikat(AS) mengonfirmasi telah mengerahkan ""senjata kendali antariksa di orbit"" untuk pertama kalinya. ""Kami meyakini bahwa luar angkasa harus bebas dari senjata apa pun,"" tegas juru bicara Kremlin,Dmitry Peskov, saat berbicara kepada wartawan, seperti dilansirAFP, Rabu (16/9/2026). ""Kami mengharapkan adanya konsolidasi internasional yang luas untuk terus berupaya mewujudkan demiliterisasi total di luas angkasa,"" ujarnya.   Pernyataan itu disampaikan Peskov setelah Angkatan Luar Angkasa AS mengungkapkan, pada Senin (14/9), bahwa saat ini mereka memiliki senjata yang ditempatkan di luar angkasa. Hal itu mengonfirmasi keberadaan senjata di luar angkasa untuk pertama kalinya dalam sejarah. ""AS memiliki senjata kendali luar angkasa di orbit yang mampu mempertahankan Pasukan Gabungan dari tindakan musuh yang mengancam,"" kata juru bicara Angkatan Luar Angkasa AS dalam sebuah pernyataan, yang tidak memberikan rincian spesifik tentang senjata yang dimaksud. ""Kendali luar angkasa itu mencakup area misi yang diperlukan untuk memperebutkan dan mengendalikan domain luar angkasa -- menggunakan sarana kinetik dan non-kinetik untuk mempengaruhi kemampuan musuh,"" imbuh pernyataan tersebut, Ditambahkan oleh Angkatan Luar Angkasa AS bahwa ""kemampuan ini dapat digunakan untuk tujuan ofensif dan defensif.""  Angkatan Luar Angkasa AS, dalam pernyataannya, juga secara khusus menyebutChina, rival geopolitik utama AS, sebagai ancaman. Disebutkan bahwa Beijing ""mengembangkan dan mengoperasikan kemampuan luar angkasa dan antariksa sebagai bagian dari strategi modernisasi militer"". Pernyataan Angkatan Luar Angkasa AS itu juga menyebut Rusia, rival geopolitik AS lainnya, ""percaya bahwa supremasi ruang angkasa akan menjadi faktor penentu dalam konflik di masa depan"". China Serukan AS Setop Persiapkan Perang di Luar Angkasa Otoritas China, dalam tanggapannya, mengecam langkah AS soal senjata di luar angkasa tersebut. Beijing juga menyerukan kepada Washington untuk ""berhenti mempersiapkan perang"" di luar angkasa. Kementerian Luar Negeri China juga memperingatkan AS untuk tidak ""mempersenjatai luar angkasa, mengubahnya menjadi medan perang, serta perlombaan senjata di sana"". ""Kami mendesak pihak AS untuk berhenti memperluas kemampuan militernya dan mempersiapkan perang di luar angkasa,"" kata juru bicara Kementerian Luar Negeri China, Guo Jiakun dalam konferensi pers pada Selasa (15/9). Traktat Luar Angkasa tahun 1967, yang diratifikasi oleh AS, Rusia dan China, melarang pengerahan senjata nuklir di luar angkasa. Namun traktat itu tidak melarang secara menyeluruh segala bentuk aktivitas militer di luar angkasa.  Lihat juga Video: Dukung Pembangunan Berbasis Data, Lampung Luncurkan Satelit ke Luar Angkasa"
https://news.detik.com/dw/d-8665590/usulan-penarikan-pasukan-as-di-asia-bisa-perkuat-posisi-china,news.detik.com,internasional,Usulan Penarikan Pasukan AS di Asia Bisa Perkuat Posisi China,2026-09-16 17:15,"Sebuah studi dari lembaga riset kebijakan luar negeri Amerika Serikat menyerukan penarikan besar-besaran pasukan AS dari kawasan sekitar Jepang, Taiwan, dan Filipina atau Pasifik Barat. Menurut para analis, hal ini memicu kekhawatiran di kalangan sekutu lama AS di Indo-Pasifik. Laporan tersebut ditulis oleh Jennifer Kavanagh, peneliti senior sekaligus direktur analisis militer diDefense Priorities Foundationyang berhaluan konservatif moderat. Kavanagh menyebut AS harus ""mempersempit komitmen pertahanannya di kawasan tersebut"" dengan mengakhiri aliansi pertahanan bersama dengan Korea Selatan, Jepang, Australia, dan Filipina. Menurutnya, prioritas Washington adalah melindungi wilayah dalam negeri AS serta menjaga akses ke pasar ekonomi dan jalur perdagangan utama. Untuk mencapai tujuan tersebut, pengamat menilai AS perlu menarik pasukan dari ""rantai pulau pertama"" yang membentang dari Okinawa di wilayah selatan Jepang, melalui Taiwan, hingga Filipina.  Kavanagh menulis bahwa pasukan AS sebaiknya dikurangi dan dipindahkan ke ""rantai pulau kedua"", yang membentang dari Jepang bagian timur ke Kepulauan Mariana Utara di tengah Pasifik, Guam, Palau, hingga Papua Nugini. Laporan tersebut menyebut bahwa pemindahan pasukan ke wilayah yang lebih jauh dari garis depan akan membuat posisi mereka lebih mudah dipertahankan dan ""mengurangi risiko terjadinya perang besar dengan China."" Jika benar-benar diterapkan, penarikan itu mungkin akan paling terasa dampaknya di Taiwan, yang dianggap oleh Beijing sebagai bagian dari wilayahnya dan harus dipersatukan dengan daratan China. Dalam laporannya, Kavanagh mencatat bahwa AS tidak memiliki komitmen formal untuk membantu Taiwan jika wilayah tersebut diserang China. Ia memperingatkan bahwa bentrokan bersenjata ""akan menimbulkan biaya yang sangat besar bagi Amerika Serikat, jauh melampaui manfaat apa pun yang mungkin diperoleh."" ""Dengan perhitungan biaya dan manfaat yang timpang seperti ini, perubahan komitmen AS terhadap Taiwan tampak bijaksana,"" ujarnya. ""Amerika Serikat seharusnya beralih dari ambiguitas strategis menuju kebijakan non-intervensi yang jelas apabila terjadi konfrontasi militer terkait Taiwan."" Negara-negara yang disebut dalam laporan tersebut belum memberikan komentar resmi atas usulan lembaga pemikir itu. Namun, William Yang, analis keamanan yang berbasis di Taiwan dari International Crisis Group, mengatakan kepada DW bahwa kesimpulan laporan tersebut ""akan mengejutkan banyak pihak."" Yang menilai, kekhawatiran itu semakin besar karena Defense Priorities Foundation dikenal berpandangan isolasionis dalam urusan luar negeri dan pertahanan. Artinya, mereka lebih mengutamakan kepentingan domestik dan menarik diri dari segala urusan internasional. Lembaga itu juga disebut dekat dengan sejumlah pengambil keputusan senior di Gedung Putih. Menurut Yang, Presiden AS Donald Trump berulang kali mengancam akan menarik pasukan dari negara-negara sekutu di Eropa dan Asia apabila tuntutannya terkait pembayaran yang lebih besar atau konsesi lain dalam hubungan bilateral tidak dipenuhi. ""Ini merupakan langkah menuju agenda pembatasan yang sangat ekstrem dan tampak sangat mengakomodasi China,"" kata Yang. Meski belum ada indikasi bahwa Gedung Putih akan mengadopsi usulan Defense Priorities Foundation, Yang mengatakan gagasan tersebut sejalan dengan banyak prinsip isolasionis dan transaksional pemerintahan AS saat ini. Ia menambahkan bahwa jika rencana itu mendapat dukungan Trump, konsekuensinya akan setara dengan ""gempa bumi politik."" Laporan Defense Priorities ini diterbitkan di tengah meningkatnya kekhawatiran regional mengenai ketahanan komitmen keamanan AS di Asia, khususnya terkait ketegangan di Taiwan dan Laut China Selatan. Meski Kavanagh menilai risiko tersebut tidak sebesar yang dikhawatirkan, banyak analis berpendapat bahwa berkurangnya dukungan AS di kawasan tersebut akan mendorong China untuk segera mengambil alih Taiwan. Di saat yang sama, Korea Utara yang memiliki senjata nuklir dapat meningkatkan tuntutannya terhadap Korea Selatan. Situasi ini juga berpotensi memicu lonjakan belanja pertahanan di seluruh kawasan Pasifik Barat dan pada akhirnya merusak upaya non-proliferasi nuklir regional. Laporan Kavanagh sebenarnya berusaha meredam kekhawatiran tersebut dengan menyimpulkan bahwa ""upaya China untuk menjadi kekuatan dominan di kawasan tidak akan mudah, ancaman terhadap wilayah Amerika Serikat dari Asia relatif terbatas, dan kepentingan ekonomi AS kecil kemungkinannya menghadapi gangguan besar."" Garren Mulloy, profesor hubungan internasional di Daito Bunka University dan pakar isu militer, menyebut studi itu sebagai ""versi paling matang dari argumen yang selama bertahun-tahun disampaikan Trump dan orang-orang di sekitarnya: bahwa prioritas AS adalah mempertahankan wilayahnya sendiri, sementara biaya untuk misi di luar negeri dianggap tidak perlu."" ""Menurut saya, pandangan ini hanya melihat biayanya, tetapi mengabaikan manfaatnya,"" kata Mulloy. Ia menyoroti sejumlah kelemahan dalam usulan tersebut. Menurutnya, penarikan AS akan menciptakan kekosongan pengaruh yang kemungkinan besar diisi oleh China, dan bahkan dalam tingkat yang lebih terbatas, Rusia. AS juga akan kehilangan pengaruh dalam dinamika geopolitik kawasan, termasuk dalam pembentukan norma, standar, dan aturan internasional. ""Apakah ini layak dilakukan demi menghemat uang yang kemudian akan dibagikan Trump melalui pemotongan pajak atau janji politik menjelang pemilu?"" tanya Mulloy, merujuk pada janji presiden untuk memberikan 5.000 dolar AS (sekitar Rp88 juta) kepada setiap warga dewasa AS jika partainya memenangkan pemilu sela Kongres pada November mendatang. ""Ini adalah bentuk pandangan jangka pendek paling ekstrem yang menghantui para diplomat di seluruh dunia,"" tambahnya. Dan Pinkston, profesor hubungan internasional di kampus Seoul milik Troy University, menyuarakan kekhawatiran serupa dan menyebut rencana tersebut ""cacat dan tidak realistis."" ""Seluruh premis laporan ini sangat berbeda dengan cara keamanan internasional kolektif dan kooperatif yang dijalankan selama puluhan tahun,"" kata Pinkston. ""Kelompok ini memiliki pandangan dunia yang sangat berbeda. Kita jadi bertanya-tanya apakah mereka benar-benar hanya mengusulkan untuk memindahkan pasukan ke rantai pulau kedua, atau justru menarik diri sepenuhnya hingga ke daratan Amerika,"" lanjut Pinkston. Kaum isolasionis di AS memandang NATO dan sekutu-sekutu Amerika lainnya ""semata-mata sebagai beban dan biaya"", kata Pinkston, sebuah pandangan yang menurutnya ""terlalu menyederhanakan masalah."" Dengan menarik diri dari aliansi keamanan di Indo-Pasifik, AS mempertaruhkan hubungan dagangnya dan melepaskan pengaruhnya saat ini atas berbagai ""isu kompleks"". Isu-isu tersebut mencakup pemberantasan pembajakan, pelanggaran sanksi internasional, penanganan kejahatan siber dan spionase, penyelundupan, perubahan iklim, perikanan, kejahatan keuangan lintas negara, dan berbagai persoalan penting lainnya. ""Naif jika percaya bahwa China akan bersikap murah hati apabila AS mundur, dan akan bertindak demi kepentingan terbaik pihak lain dalam hal supremasi hukum, penyelesaian damai sengketa wilayah, atau hak asasi manusia,"" ungkap Pinkston. Artikel ini pertama kali terbit dalam bahasa Inggris Diadaptasi oleh Pratama Indra Editor: Adelia Dinda Sani   Tonton juga video ""Kapal Komersil Iran Diserang di Selat Hormuz, 1 Orang Tewas"""
https://news.detik.com/internasional/d-8665506/gedung-apartemen-rusak-di-gaza-ambruk-12-orang-tewas-100-hilang,news.detik.com,internasional,"Gedung Apartemen Rusak di Gaza Ambruk, 12 Orang Tewas-100 Hilang",2026-09-16 16:15,"Sebuah gedung apartemen diJalur Gaza, yang telah mengalami kerusakan akibat rentetan serangan militerIsrael, ambruk. Nahas, sedikitnya 12 orang termasuk anak-anak tewas dalam insiden tersebut. Lebih dari 100 orang lainnya dinyatakan hilang usaiambruknya gedung apartemenyang ada di area Kota Gaza, kota terbesar di Jalur Gaza. Keterangan Badan Pertahanan Sipil Gaza, seperti dilansirAFP, Rabu (16/9/2026), menyebutkan bahwa gedung apartemen enam lantai yang ada di area Tal al-Hawa, Kota Gaza itu ambruk pada malam hari, dengan puing-puingnya menimpa rumah-rumah dan tenda-tenda pengungsi yang ada di sekitarnya.   Juru bicara Badan Pertahanan Sipil Gaza, yang beroperasi sebagai layanan penyelamatan di bawah otoritas Hamas, Mahmoud Basal, menuturkan kepadaAFPbahwa gedung itu mengalami kerusakan struktural akibat serangkaian serangan Israel.""Sejauh ini, sedikitnya 12 orang martir, termasuk lima anak-anak, telah ditemukan,"" ujar Basal dalam pernyataannya. Dia menambahkan bahwa lebih dari 100 orang lainnya masih dinyatakan hilang.  Gedung apartemen itu, menurut Basal, telah berkali-kali dihantam serangan Israel pada tahun 2024 dan pada Maret 2025 lalu, yang memicu peringatan bagi warga Gaza untuk tidak kembali ke dalam bangunan tersebut. ""Mereka tidak punya pilihan lain. Tanpa ketersediaan tenda atau rumah, mereka tinggal di bangunan yang retak dan rusak meskipun ada risiko bangunan itu ambruk,"" kata Basal. Menurut Perserikatan Bangsa-Bangsa (PBB), sebagian besar bangunan di Jalur Gaza telah rusak atau hancur akibat serangan-serangan Israel. Akibat banyaknya warga Gaza yang kehilangan tempat tinggal, dan kelangkaan parah material bangunan, banyak pengungsi yang nekat menempati bangunan-bangunan yang kondisinya sudah tidak kokoh.  Badan Pertahanan Sipil Gaza telah mengidentifikasi sekitar 2.000 bangunan di Jalur Gaza yang dinilai berisiko ambruk. Kantor media pemerintah Gaza, yang beroperasi di bawah Hamas, menyoroti penundaan dalam upaya rekonstruksi Gaza. ""Kami menganggap pihak pendudukan Israel dan komunitas internasional memikul tanggung jawab penuh dan langsung atas bencana yang menimpa rakyat Palestina kami,"" tegas mereka. Israel telah mengizinkan masuknya bantuan tambahan ke Jalur Gaza, sejak diumumkannya gencatan senjata yang dimediasi oleh Amerika Serikat (AS) pada Oktober 2025. Namun militer Tel Aviv juga terus melancarkan serangan dan membatasi masuknya berbagai jenis peralatan, yang menurut mereka, dapat digunakan untuk tujuan militer.  Tonton juga video ""Israel Hancurkan Fasilitas Desalinasi untuk Air Minum Warga Gaza"""
https://news.detik.com/internasional/d-8665418/perang-iran-bikin-as-rogoh-rp-671-t-bakal-nambah-rp-53-t-per-bulan,news.detik.com,internasional,"Perang Iran Bikin AS Rogoh Rp 671 T, Bakal Nambah Rp 53 T Per Bulan",2026-09-16 16:15,"Perang yang dikobarkanAmerika Serikat(AS) terhadapIrantelah menelan biaya sekitar US$ 38 miliar, atau setara Rp 671,9 triliun, tercatat hingga 1 Agustus. Biaya perang itu berpotensi untuk terus bertambah, hingga US$ 3 miliar (Rp 53 triliun) setiap bulannya, selama konflik terus berlanjut. Laporan soal biayaperang Iranitu, seperti dilansirAFP, Rabu (16/9/2026), disampaikan olehCongressional Budget Office(CBO), yang merupakan lembaga nonpartisan, pada Selasa (15/9) waktu setempat. ""Per 1 Agustus 2026, konflik bersenjata dengan Iran telah menelan biaya sekitar US$ 38 miliar (bagi Departemen Pertahanan AS),"" kata CBO dalam laporannya, merujuk pada perang yang dimulai oleh serangan gabungan AS dan Israel terhadap Iran pada 28 Februari lalu.  Ditambahkan oleh CBO dalam laporannya bahwa bergantung pada intensitas kekerasan yang terjadi, biaya perang per bulannya dapat berkisar antara US$ 2 miliar (Rp 35,3 triliun) hingga US$ 3 miliar (Rp 53 triliun), atau bisa lebih, jika konflik berlanjut.  Angka keseluruhan tersebut, sebut CBO, mencerminkan biaya penggantian amunisi yang telah digunakan dan peralatan yang hilang dalam pertempuran, dan peningkatan biaya bahan bakar bagi militer AS, di antara faktor-faktor lainnya. Biaya penggantian amunisi yang digunakan hingga 1 Agustus diperkirakan mencapai US$ 21,7 miliar (Rp 383,7 triliun). CBO mencatat bahwa penggantian amunisi ini merupakan komponen biaya terbesar yang ditanggung Departemen Pertahanan AS atau Pentagon dalam konflik tersebut. Sementara itu, menurut laporan CBO, ""biaya peluang utama"" bagi Pentagon adalah berkurangnya persediaan rudal pencegat pertahanan, yang menyebabkan persediaan AS menipis untuk beberapa tahun ke depan. Lebih lanjut CBO memperingatkan bahwa membandingkan laporan pengeluaran untuk rudal pencegat dengan jumlah total yang telah dibeli Pentagon, mengindikasikan bahwa AS ""kemungkinan telah menggunakan antara separuh hingga dua pertiga dari persediaan amunisi tersebut sejak Juni 2025"".  Laporan CBO ini disusun menyusul permintaan dari anggota senior pada Komite Anggaran DPR AS, Brendan Boyle, dari Partai Demokrat, bersama sejumlah anggota parlemen Partai Demokrat lainnya. Pada Juli lalu, Menteri Pertahanan ASPete Hegsethmemperkirakan bahwa perang melawan Iran telah menelan biaya US$ 37,5 miliar (Rp 663 triliun). CBO, dalam laporannya, memperkirakan bahwa dampak utama konflik Iran terhadap perekonomian AS adalah tekanan inflasi akibat gangguan pasokan minyak dan gas alam. Iran membalas serangan AS-Israel dengan memblokir Selat Hormuz, jalur perairan vital bagi pasokan energi global, sehingga memicu lonjakan biaya.  Tonton juga video ""Pertemuan Iran dan Negara Teluk Soal Selat Hormuz Ditunda"""
https://news.detik.com/internasional/d-8665298/sosok-pria-australia-pembunuh-2-anak-lalu-bunuh-diri-di-bali-diungkap-teman,news.detik.com,internasional,Sosok Pria Australia Pembunuh 2 Anak Lalu Bunuh Diri di Bali Diungkap Teman,2026-09-16 15:15,"Damien John Shaw diduga membunuh dua anaknya lalu bunuh diri di Bali. Peristiwa itu membuat rekan Shaw di Australia syok. DilansirABC Australia, Rabu (16/9/2026), rekan Shaw mengaku kaget dan ngeri setelah mengetahui kabar pria itu mengakhiri hidupnya sendiri dan membunuh kedua anaknya di rumah mereka di Bali pada Minggu (13/9). Shaw sendiri berusia 56 tahun, sementara putranya berusia 6 tahun dan putrinya 4 tahun. Mereka ditemukan tewas di dalam vila di Bali. Kepolisian Kota Denpasar telah meminta keterangan dari ibu anak-anak tersebut, yang saat kejadian sedang berada di Jakarta bersama keluarganya.  Rekan Shaw yang tinggal di Bunbury, Tania Dagnall, mengatakan dia dan suaminya telah bersahabat dengan Shaw selama 11 tahun. Dia mengaku sempat bertemu dengan pria yang akrab disapa 'Damo' itu di Bali sekitar 3 bulan lalu. Dia menyebut ada perubahan dari tampilan Shaw. Dia menyebut Shaw tampak 'kurus kering'.   ""Saya terkejut melihatnya. Penampilannya sangat berbeda saat dia menghampiri dan bergabung dengan kami untuk minum kopi. Dia bukan lagi sosok pria berbadan kekar yang biasa saya lihat,"" ujarnya kepadaABC. Dia menegaskan tak ada alasan pembenar dari perbuatan Shaw. Dia menyebut perbuatan Shaw sangat mengerikan. ""Jika dia benar-benar melakukan hal ini, tidak ada alasan yang dapat membenarkannya; sama sekali tidak ada alasan untuk itu, selamanya. Sungguh mengerikan,"" ujarnya. ABC melaporkan Shaw berasal dari Perth dan telah puluhan tahun tinggal di Bali. Shaw disebut pindah agama saat menikahi istrinya sekitar 7 tahun yang lalu. Teman-temannya menyebut Shaw telah berhenti minum alkohol dan menjauhi narkoba usai pindah agama. Shaw sendiri awalnya bekerja sebagai pelaut di industri minyak dan gas.  Dia disebut telah pensiun dari pekerjaan dengan sistem 'fly-in, fly-out' atau bekerja di lokasi jauh dengan jadwal rotasi. Shaw disebut pensiun agar bisa lebih banyak menghabiskan waktu di rumah. Dagnall mengatakan Shaw sering mengantar anak-anaknya ke sekolah dan tempat latihan renang. Dia sempat merasa Shaw sedang menjalani kehidupan ideal. ""Sejujurnya, kami mengira dia menjalani kehidupan yang ideal: pensiun di tempat yang indah dan memiliki anak-anak,"" ujarnya. Shaw disebut memiliki beberapa properti di Perth dan Jepang. Dagnall mengatakan properti itu digunakan Shaw sebagai tempat singgah saat bermain seluncur salju. Meski kondisi keuangan stabil, kata rekannya, hubungan rumah tangga Shaw dan istrinya sempat mengalami ketegangan dalam beberapa bulan terakhir. Meski demikian, mereka tidak habis pikir Shaw tega membunuh anak-anaknya sendiri. ""Saya tidak mengerti mengapa dia tega melakukan perbuatan sekeji itu. Hal ini sungguh menghancurkan hati kami,"" kata Dagnall.  Tonton juga video ""Evakuasi WN Australia Tewas Terjatuh dari Tebing Pantai Kelingking Bali"""
https://news.detik.com/internasional/d-8665286/houthi-klaim-tembak-jatuh-jet-tempur-f-15-arab-saudi,news.detik.com,internasional,Houthi Klaim Tembak Jatuh Jet Tempur F-15 Arab Saudi,2026-09-16 14:15,"KelompokHouthimengklaim telah menembak jatuh sebuahjet tempur F-15milikArab Saudi. Diklaim juga oleh Houthi, yang bermarkas di Yaman, bahwa pasukannya menggunakan amunisi buatan dalam negeri untuk menargetkan jet tempur canggih buatanAmerika Serikat(AS) yang digunakan Saudi itu. Klaim tersebut, seperti dilansirAFP, Rabu (16/9/2026), disampaikan oleh juru bicara militer Houthi, Yahya Saree, dalam pernyataan terbaru via media sosial. Saree menyebut bahwa jet tempur Saudi itu ditembak jatuh saat melancarkan serangan di wilayah Marib,Yaman. ""Angkatan Bersenjata Yaman, dengan pertolongan dan karunia Allah, berhasil menembak jatuh jet tempur F-15 Saudi saat jet tempur itu sedang melakukan operasi permusuhan untuk mendukung mobilisasi militer mereka di wilayah udara Provinsi Marib,"" kata Saree dalam pernyataannya.  Dia mengatakan bahwa jet tempur Saudi itu ditargetkan ""menggunakan rudal udara-ke-udara buatan dalam negeri"".  Belum ada tanggapan langsung Saudi atas klaim Houthi tersebut. Dalam pernyataannya, Saree menuduh Saudi telah melancarkan 450 serangan di wilayah Yaman. Dia juga menepis tuduhan Saudi yang menyebut Houthi menargetkan kota suci Mekkah dalam salah satu serangannya pada Selasa (15/9). ""Operasi kami menargetkan fasilitas minyak dan pangkalan militer mereka, yang lokasinya jauh dari situs-situs suci,"" tegas Saree. Sebelumnya, juru bicara koalisi pimpinan Saudi, Brigadir Jenderal Turki al-Malki, melaporkan bahwa pasukannya telah menembak jatuh setidaknya satu drone milik Houthi yang mengarah ke kota suci Mekkah.  Disebutkan Al-Malki bahwa drone itu berhasil dicegat sebelum memasuki wilayah udara terlarang dan puing-puingnya jatuh di sebelah selatan kota suci tersebut. Saudi kemudian menuduh Houthi secara sengaja menargetkan Mekkah, dan memperingatkan bahwa keamanan situs-situs suci di wilayahnya merupakan ""red line"" atau garis merah yang tidak seharusnya dilanggar. Al-Malki menegaskan bahwa akan melakukan pembalasan terhadap serangan Houthi tersebut. ""Keamanan Dua Masjid Suci dan para jemaah adalah red line, dan Komando Pasukan Gabungan Koalisi tidak akan ragu untuk mengambil tindakan yang diperlukan dan memberikan efek jera terhadap milisi teroris Houthi,"" tegas Al-Malki dalam pernyataan via media sosial X.  Konflik Yaman kembali berkobar sejak Juli lalu, dengan Houthi kembali bertempur sengit dengan pasukan pemerintah Yaman, yang didukung Saudi. Pertempuran terbaru itu turut menyeret Riyadh ke dalam konflik. Houthi telah mengumumkan blokade maritim terhadap Saudi dan menargetkan kapal-kapal Saudi dalam serangan di Laut Merah. Pasukan Houthi juga melancarkan serangkaian serangan terhadap wilayah Saudi beberapa waktu terakhir. Kelompok itu telah mengklaim bertanggung jawab atas peluncuran operasi skala besar yang melibatkan rudal dan drone menargetkan Pangkalan Udara King Khalid di Khamis Mushait. Houthi bahkan mengancam akan memperluas cakupan serangan hingga jauh ke dalam wilayah Saudi.  Tonton juga video ""Arab Saudi Gagalkan Serangan Drone Houthi Dekat Makkah"""
https://news.detik.com/internasional/d-8665204/hakim-as-larang-namanya-ditambahkan-ke-kennedy-center-trump-marah,news.detik.com,internasional,"Hakim AS Larang Namanya Ditambahkan ke Kennedy Center, Trump Marah!",2026-09-16 14:15,"PresidenAmerika Serikat(AS)Donald Trumpmemberikan reaksi kemarahan atas putusan hakim federal AS, yang menyatakan bahwa nama Trump tidak dapat dicantumkan di bagian luar gedungKennedy Center. Trump mengancam akan menutup Kennedy Center untuk selamanya, jika namanya tidak bisa ditambahkan di bagian depan gedung institusi ternama tersebut. Kennedy Center, atau yang memiliki nama lengkapJohn F. Kennedy Center for the Performing Arts, merupakan pusat kebudayaan nasional AS dan memorial untuk mendiang Presiden ASJohn F Kennedyyang tewas dibunuh tahun 1963 silam.   Ditegaskan Trump dalam pernyataan via Truth Social, seperti dilansirAFP, Rabu (16/9/2026), bahwa dewan pengurus Kennedy Center, yang anggotanya diisi orang-orang kepercayaan Trump, telah memutuskan dengan suara ""hampir bulat"" untuk segera menutup tempat tersebut untuk keperluan renovasi darurat. Pernyataan itu diposting Trump hanya beberapa jam setelah putusan hakim federal AS dibacakan. Trump kemudian memperingatkan bahwa renovasi perbaikan yang ""sangat besar dan rumit"" pada gedung ikonik itu tidak dapat dimulai sampai ada putusan dari pengadilan lebih tinggi mengenai apakah nama Kennedy Center boleh diubah menjadi nama Presiden AS itu, ""Jika putusannya negatif, yang seharusnya tidak demikian, dan tidak dibatalkan oleh Mahkamah Agung AS, maka rekonstruksi dan renovasi Kennedy Center tidak akan dilaksanakan,"" tegas Trump dalam pernyataannya.  Hal ini merupakan perkembangan terbaru setelah pada Desember lalu, dewan pengurus Kennedy Center memutuskan untuk mengubah nama institusi itu menjadi ""Trump-Kennedy Center"" dan memasang papan nama yang mencantumkan nama Presiden AS tersebut. Hakim federal AS Christopher Cooper kemudian memerintahkan agar nama Trump dihapus dari bagian luar gedung dan membatalkan keputusan dewan pengurus Kennedy Center untuk mengubah nama institusi tersebut. Para pekerja lantas mencopot nama Trump dari gedung institusi tersebut pada Juni, namun perancah dan terpal masih terpasang sejak saat itu. Tetapi bulan lalu, dewan pengurus Kennedy Center melanjutkan rencana untuk memasang papan nama baru yang bertuliskan ""direnovasi dan dipugar oleh Presiden Donald J. Trump"".  Hal tersebut memicu gugatan terbaru dan palam putusan pada Selasa (15/9) waktu setempat, hakim Cooper menyatakan bahwa nama Trump tidak boleh dicantumkan kembali pada bagian luar Kennedy Center. Dia juga menegur pengelola Kennedy Center yang disebutnya berupaya menyiasati perintah sebelumnya. ""Singkatnya, tidak dapat memasang memorial untuk Presiden Trump atau siapa pun atau hal lainnya di Kennedy Center tanpa persetujuan Kongres,"" tegas hakim Cooper dalam putusannya. Trump sebelumnya bersikeras bahwa Kennedy Center, yang dibangun tahun 1960-an itu, dalam kondisi rusak parah yang membahayakan. Untuk membuktikan adanya masalah keamanan, dia merujuk pada insiden baru-baru ini di mana sebagian langit-langit gedung itu runtuh ke lantai setelah badai menerjang. Bulan lalu, sebagai bagian dari proses pengadilan, pemerintahan Trump memperingatkan bahwa gedung memorial itu mungkin perlu dirobohkan jika rencana renovasi terhambat.  Tonton juga video ""Kennedy Center Terancam Tutup Akibat Krisis Keuangan"""
https://news.detik.com/internasional/d-8665100/warga-as-diimbau-soal-risiko-serangan-rudal-di-arab-saudi,news.detik.com,internasional,Warga AS Diimbau soal Risiko Serangan Rudal di Arab Saudi,2026-09-16 13:15,"Amerika Serikat(AS) merilis imbauan terbaru agar warga negaranya ""mempertimbangkan kembali perjalanan"" keArab Saudi.Imbauan perjalananini dirilis setelah Riyadh mengeluarkan peringatan untuk kemungkinan serangan di areaMekkahdan wilayah-wilayah lainnya yang berbatasan denganYaman. Saudi menuduh kelompokHouthitelah menargetkan kota suci umat Muslim, Mekkah, pada Selasa (15/9), setelah sebuah drone yang diyakini milik kelompok itu ditembak jatuh sebelum mencapai kota suci tersebut. Houthi, yang bermarkas di Yaman dan bersekutu dengan Iran, dengan cepat menepis tuduhan Saudi tersebut. Namun juru bicara koalisi pimpinan Saudi, Brigadir Jenderal Turki al-Malki, telah menegaskan akan melakukan pembalasan terhadap serangan Houthi tersebut.   Kedutaan Besar AS di Saudi, seperti dilansirAFP, Rabu (16/9/2026), merilis imbauan terbaru pada Selasa (15/9) waktu setempat, yang isinya memperingatkan warga negara AS soal ""risiko serangan drone dan rudal"" menargetkan kepentingan Amerika di negara tersebut. ""Pertimbangkan kembali perjalanan ke Arab Saudi karena adanya risiko serangan drone dan rudal Iran menargetkan kepentingan Amerika, konflik bersenjata, terorisme, larangan keluar wilayah, dan aturan hukum lokal terkait aktivitas media sosial,"" demikian bunyi imbauan Kedutaan Besar AS. ""Jangan bepergian ke perbatasan Yaman karena adanya ancaman terorisme,"" imbuh Kedutaan Besar AS dalam imbauannya.   Perang yang berkecamuk antara AS dan Iran semakin meluas ke kawasan Timur Tengah lainnya, dengan konflik Yaman kembali berkobar sejak Juli lalu. Houthi kembali bertempur sengit dengan pasukan pemerintah Yaman, yang didukung Saudi. Pertempuran terbaru itu turut menyeret Riyadh ke dalam konflik. Houthi telah mengumumkan blokade maritim terhadap Saudi dan menargetkan kapal-kapal Saudi dalam serangan di Laut Merah. Pasukan Houthi juga melancarkan serangkaian serangan terhadap wilayah Saudi beberapa waktu terakhir. Kelompok itu telah mengklaim bertanggung jawab atas peluncuran operasi skala besar yang melibatkan rudal dan drone menargetkan Pangkalan Udara King Khalid di Khamis Mushait. Houthi bahkan mengancam akan memperluas cakupan serangan hingga jauh ke dalam wilayah Saudi.  Tonton juga video ""Kapal Komersil Iran Diserang di Selat Hormuz, 1 Orang Tewas"""
https://news.detik.com/internasional/d-8665070/ngeri-pesawat-boeing-737-iran-rusak-saat-terbang-bikin-penumpang-super-panik,news.detik.com,internasional,Ngeri! Pesawat Boeing 737 Iran Rusak Saat Terbang Bikin Penumpang Super Panik,2026-09-16 13:15,"Pesawat Boeing 737 milik Sepehran Airlines mengalami kerusakan parah saat terbang. Peristiwa itu membuat penumpang sangat panik. DilansirGulf NewsdanAl-Jazeera, Rabu (16/9/2026), pesawat Boeing 737 milik Sepehran Airlines itu terbang dari Mashhad menuju Kermanshah, Iran, pada Selasa kemarin. Pesawat terpaksa melakukan pendaratan darurat tak lama setelah lepas landas. Hal ini terjadi setelah salah satu ban pesawat dilaporkan lepas. Kondisi itu kemudian memicu gangguan mesin dan getaran hebat.  Insiden tersebut terjadi sesaat setelah pesawat meninggalkan Bandara Mashhad. Pilot dilaporkan memberi tahu penumpang mengenai adanya masalah mesin setelah ban terlepas. Pesawat lalu berguncang hebat. Pilot memutuskan untuk berbalik arah dan kembali ke Mashhad, tempat pesawat akhirnya mendarat dengan selamat.   Dalam rekaman yang beredar, guncangan hebat tersebut merusak sebagian langit-langit kabin dan kompartemen penyimpanan di atas kepala penumpang. Barang-barang milik penumpang berjatuhan dari kompartemen tersebut, dan beberapa benda mengenai orang-orang di dalam pesawat. Para penumpang terdengar berteriak ketakutan dan berdoa karena mereka mengira pesawat sedang dalam bahaya besar. Pesawat mendarat dengan selamat di Bandara Mashhad. Laporan awal menyebutkan bahwa tidak ada penumpang yang mengalami cedera. Insiden ini dilaporkan sebagai kejadian kedua yang melibatkan pesawat Sepehran Airlines di Bandara Mashhad. Iran sendiri menghadapi kesulitan dalam memperoleh suku cadang dan layanan pemeliharaan pesawat akibat sanksi ketat Amerika Serikat. Kondisi itu telah berlangsung selama beberapa dekade.  Tonton juga video ""Jeritan Penumpang saat Boeing 737 Sepehran Airlines Iran Mendarat Darurat"""
https://news.detik.com/internasional/d-8665047/wni-jadi-yang-pertama-dibui-di-malaysia-karena-buang-puntung-rokok-sembarangan,news.detik.com,internasional,WNI Jadi yang Pertama Dibui di Malaysia karena Buang Puntung Rokok Sembarangan,2026-09-16 13:15,"Seorang priaberkewarganegaraan Indonesia(WNI) menjadi orang pertama yang dijatuhi hukuman penjara diMalaysia, karenamembuang puntung rokok sembarangandi tempat umum. Direktur Perusahaan Pengelolaan Limbah Padat dan Pembersihan Umum (SWCorp) Johor, Zainal Fitri Ahmad, seperti dilansir kantor beritaBernamadanNew Straits Times, Rabu (16/9/2026), mengatakan bahwa tindak pelanggaran itu dilakukan di area Stulang pada Februari lalu. Identitas WNI itu tidak diungkap ke publik. Hanya disebutkan bahwa WNI itu merupakan seorang pekerja umum berusia 36 tahun.   Pria WNI itu mulai menjalani hukuman satu bulan penjara sejak 28 Agustus lalu, setelah gagal membayar denda sebesar 1.000 Ringgit (Rp 4,3 juta) yang dijatuhkan oleh pengadilan Malaysia. ""Pria tersebut akan menjalani Perintah Kerja Sosial (CSO) selama enam jam setelah menyelesaikan masa hukuman penjaranya,"" ujar Zainal Fitri dalam konferensi pers pada Selasa (15/9) waktu setempat. Zainal Fitri kembali menegaskan bahwa membuang sampah sembarangan di tempat umum, merupakan pelanggaran hukum berdasarkan Pasal 77A Undang-undang Pengelolaan Limbah Padat dan Pembersihan Umum Tahun 2007. Para pelanggar dapat dikenai hukuman denda hingga 2.000 Ringgit (Rp 8,7 juta) atau diperintahkan menjalani hukuman pelayanan masyarakat hingga enam bulan. Hukuman pelayanan masyarakat itu mencakup hukuman menyapu jalanan, membersihkan saluran air serta toilet umum, dan membantu memangkas pohon di area publik.  Sementara itu, ketidakpatuhan pada hukuman yang dijatuhkan dapat berujung pada tindakan lebih lanjut, termasuk hukuman denda maksimum sebesar 10.000 Ringgit (Rp 43,7 juta). Otoritas Malaysia resmi memberlakukan aturan hukum lebih ketat untuk tindakan membuang sampah sembarangan sejak 1 Januari 2026. Aturan hukum itu juga berlaku untuk warga negara asing (WNA) yang ada di negara tersebut. Pelanggaran hukum itu mencakup tindakan membuang, menempatkan, atau meninggalkan sampah seperti puntung rokok, botol air, minuman kaleng, plastik tisu, dan bungkus makanan di tempat umum dan di jalanan umum. Untuk kasus yang melibatkan anak-anak, maka orang tua atau wali dari anak di bawah umur itu akan dimintai pertanggungjawaban.  Tonton juga video ""WNI Diduga Jadi Tentara Rusia, Disebut Diiming-imingi Gaji Besar"""
https://news.detik.com/berita/d-8666066/motor-rem-blong-saat-turunan-ibu-dan-bayi-di-purworejo-tewas-tabrak-tembok,news.detik.com,nasional,"Motor Rem Blong Saat Turunan, Ibu dan Bayi di Purworejo Tewas Tabrak Tembok",2026-09-16 21:52,"Seorang ibu dan bayinya tewas usai sepeda motor yang dinaikinya menabrak tembok sekolah diPurworejo, Jawa Tengah (Jateng). Kecelakaan itu diduga disebabkan karena rem blong. ""Ada kejadian kecelakaan, info awal laka tunggal. TKP-nya di jalan Desa Penungkulan, samping SD Penungkulan. Motor mblandang (rem blong) terus nabrak tembok sekolahan, korban MD 2 yakni ibu dan bayinya yang masih 2 bulan,"" kata Kapolsek Gebang, AKP Sumarno, dilansirdetikjateng, Rabu (16/9/2026).   Sumarno mengatakan, peristiwa tersebut terjadi di jalan Desa Penungkulan, Kecamatan Gebang, Kabupaten Purworejo, tepatnya di samping SD Penungkulan pada Rabu (16/9) sekitar pukul 10.00 WIB. Korban tewas bernama Kholiyah (39) dan putrinya Raihana Julia Akhira Putri yang masih berumur 2 bulan. Sumarno menjelaskan turunan di lokasi kejadian dikenal curam dan rawan kecelakaan. Motor yang ditumpangi korban dan bayinya itu sejatinya dinaiki 4 orang, yakni Kholiyah, Raihana, adik Kholiyah yakni Muslihatun (29) dan anak Kholiyah yakni AFA (3). Diketahui, motor dikendarai oleh Muslihatun. Setibanya di lokasi kejadian, sepeda motor matik Honda warna putih bernopol AA 2658 LZ yang dikendarai Muslihatun meluncur tak terkendali. Laju motor itu berhenti usai menabrak tembok SD. ""Kedua korban meninggal di lokasi kejadian,"" jelasnya. Simak selengkapnyadi sini"
https://news.detik.com/berita/d-8666058/maluku-utara-ukir-prestasi-nasional-sherly-tekankan-kepercayaan-investor,news.detik.com,nasional,"Maluku Utara Ukir Prestasi Nasional, Sherly Tekankan Kepercayaan Investor",2026-09-16 21:52,"Maluku Utara meraih penghargaan tertinggi dalam Anugerah Layanan Investasi (ALI) 2026 kategori Pemerintah Provinsi. Capaian ini menempatkan Maluku Utara sebagai provinsi dengan penilaian terbaik dalam pelayanan investasi dan percepatan pelaksanaan berusaha. Penghargaan tersebut diterima langsung Gubernur Maluku Utara Sherly Laos dalam acara ALI 2026 di Jakarta, Rabu (16/9). Maluku Utara terpilih dari enam provinsi yang masuk nominasi, bersama Jawa Barat, Jawa Tengah, Jawa Timur, Sulawesi Selatan, dan Sumatera Selatan. Jawa Timur berada di posisi kedua dan Jawa Tengah di posisi ketiga.  Penilaian ALI 2026 mencakup kinerja Pelayanan Terpadu Satu Pintu (PTSP) serta percepatan pelaksanaan berusaha. Evaluasi secara nasional mencakup 571 objek, terdiri atas 546 pemerintah daerah dan 25 kementerian/lembaga. Menteri Investasi dan Hilirisasi/Kepala BKPM Rosan P. Roeslani mengatakan pelayanan menjadi salah satu faktor penting dalam menciptakan iklim investasi yang mendukung pertumbuhan ekonomi dan lapangan kerja. ""Layanan investasi menjadi salah satu kunci bagaimana kita bisa meningkatkan iklim investasi secara keseluruhan di Indonesia. Yang paling penting bagaimana kita bisa menarik investasi yang ujungnya adalah penciptaan lapangan pekerjaan,"" kata Rosan. Kepercayaan Menjadi Ukuran Pelayanan Bagi Gubernur Sherly Laos, penghargaan tersebut tidak hanya berkaitan dengan capaian investasi, tetapi juga dengan bagaimana pemerintah membangun kepercayaan dunia usaha melalui pelayanan dan tata kelola pemerintahan. ""Investasi besar adalah capaian. Tetapi mendapatkan kepercayaan karena cara kita melayani adalah tanggung jawab yang lebih besar,"" kata Sherly. Maluku Utara memiliki kekayaan sumber daya alam yang menjadi salah satu daya tarik investasi. Namun, Sherly menilai potensi tersebut harus berjalan beriringan dengan tata kelola pemerintahan yang baik. ""Bagi kami, sumber daya alam adalah modal awal, bukan keunggulan akhir. Keunggulan sesungguhnya adalah trust dan good governance-pemerintah bergerak sebagai satu tim, dari perizinan hingga investasi benar-benar berjalan,"" ujarnya. Ia mengatakan keberhasilan investasi pada akhirnya perlu dilihat dari manfaat yang dirasakan masyarakat. Investasi diharapkan menciptakan lapangan kerja, meningkatkan pendapatan, memperkuat UMKM dan usaha lokal, serta membuka kesempatan yang lebih luas bagi generasi muda. ""Potensi membuat investor datang. Kepercayaan membuat mereka bertahan. Kesejahteraan warga membuat investasi berarti,"" tegasnya. Sherly juga menyampaikan apresiasi kepada Menteri Investasi dan Hilirisasi/Kepala BKPM Rosan P. Roeslani beserta jajaran serta Menteri PANRB Rini Widyantini atas dukungan dan kolaborasi dalam meningkatkan kualitas pelayanan investasi. DPMPTSP Jaga Kualitas Layanan Kepala DPMPTSP Maluku Utara Nirwan M.T. Ali mengatakan penghargaan tersebut menjadi motivasi bagi jajaran untuk mempertahankan sekaligus meningkatkan kualitas pelayanan. Terlebih, kata dia, Maluku Utara tengah menghadapi peluang besar dari pengembangan hilirisasi, kawasan industri, dan optimalisasi potensi sumber daya alam. ""Di bawah kepemimpinan Gubernur Sherly Laos dan Wakil Gubernur Sarbin Sehe, pelayanan itu terus kita tingkatkan,"" kata Nirwan. Menurutnya, pelayanan pemerintah menjadi bagian penting dalam memastikan potensi investasi dapat diterjemahkan menjadi aktivitas ekonomi yang memberikan manfaat bagi masyarakat. Penghargaan ALI 2026 sekaligus menjadi pengingat agar kualitas pelayanan tetap terjaga seiring meningkatnya aktivitas investasi di Maluku Utara. Bagi Sherly, penghargaan tersebut merupakan bagian dari perjalanan pembenahan tata kelola pemerintahan. ""Penghargaan ini bukan garis akhir, tetapi pengingat untuk terus bekerja lebih baik,"" ujarnya."
https://news.detik.com/berita/d-8666057/tetangga-kembali-siram-air-ke-warga-mau-salat-di-tangerang-rumah-digeruduk,news.detik.com,nasional,"Tetangga Kembali Siram Air ke Warga Mau Salat di Tangerang, Rumah Digeruduk",2026-09-16 21:49,"Tetangga yang dulu viral menyiramkan air ke orang yang akan salat kembali digeruduk warga RT06/07 Kelurahan Kutabaru, Kecamatan Pasar Kemis, KabupatenTangerang. Ia pun disebut akan pindah dari lingkungan tersebut. Dalam video yang viral di media sosial, terlihat warga mengerumuni rumah suami istri tersebut. Peristiwa itu, disebut terjadi pada Selasa (15/9/2026) sekitar pukul 20.00 WIB. Warga ribut diduga karena suami istri itu kembali menyiramkan air ke orang yang melintas depan rumah dan akan pergi ke masjid. Terlihat petugas polisi dan aparat tingkat RT dan RW berada di lokasi untuk menenangkan massa.   Di tengah kerumunan warga, pihak RW menyampaikan surat pernyataan bahwa suami istri itu tak akan lagi tinggal di rumah tersebut. Pada Kamis (17/9), proses kepindahan akan selesai. ""Menyatakan, bahwa mulai malam ini, tidak tinggal di lingkungan ini... Hari kamis sudah selesai pindahan,"" kata RW tersebut seperti dalam video. Massa pun menyambut riuh pernyataan tersebut. Saat suami istri itu akan masuk, polisi menjaga agar mereka tak dimassa oleh warga yang berkumpul. Sementara itu, Kasi Humas Polresta Tangerang Ipda Tri Laksono Febrianto membenarkan peristiwa itu. Iya pun menyebut keluarga suami istri itu akan pindah dari lingkungan tersebut. ""Benar, sesuai surat pernyataan yang dibuat,"" kata Tri.  Kasus ini sebelumnya sempat viral pada bulan Juni 2026. Akun TikTok anakpakrtsebelah, disebutkan kejadian itu terjadi di wilayah Kutabaru, membagikan keresahan atas tindakan tetangga yang disebut selalu menyiram orang yang berjalan ke masjid untuk salat. Di beberapa videonya, terlihat rekaman CCTV yang menampilkan pemilik rumah, baik pria maupun wanita, menyiram air ke jalan saat jam-jam salat Magrib. Beberapa video menunjukkan ada orang yang terkena siraman. Di salah satu video, terlihat seorang pria baru pulang dari salat lalu terkena siraman. Pria tersebut menegur, namun tetangga itu malah memakinya. Di video lain, disebut air yang disiramkan diduga merupakan air bekas mandi anjing dan air bekas lap kotoran anjing.  Kejadian itu disebut telah terjadi selama tiga tahun atau sejak 2023. Akun tersebut juga membagikan video pada November 2023 yang memperlihatkan seorang wanita menyiramkan air ke jalan. Ketua RW 07, Sumardi, mengungkapkan pihaknya sudah mencoba melakukan upaya mediasi. Upaya ini dilakukan sejak 2024. ""Kalau kita dari 2024 itu, polanya kita sudah sudah kita lakukan 3 kali. Tiga kali dengan melibatkan Binmas, Babinsa dengan aparatur negara yaitu Bapak Lurah Kuta Baru pada saat itu masih di lurah pejabat Kuta Baru,"" kata Sumardi ditemui di sekitar lokasi kejadian, Selasa (2/6).  Sumardi menjelaskan masalah ini berawal dari perselisihan warga. Hal tersebut kemudian berujung pada mediasi yang kemudian melibatkan pihak kepolisian. ""Karena waktu itu ada suatu incident bahwasanya ya perselisihan paham lagi. Mereka tetap menyiram air karena ada selisih paham. Kita damaikan di wilayah tidak bisa, akhirnya kita fasilitasi dengan jajaran, baik itu RT, warga, kita bawa ke Polsek Pasar Kemis untuk mediasi,"" katanya."
https://news.detik.com/berita/d-8666056/mendagri-dorong-pemda-terdampak-karhutla-gunakan-anggaran-penanganan,news.detik.com,nasional,Mendagri Dorong Pemda Terdampak Karhutla Gunakan Anggaran Penanganan,2026-09-16 21:48,"Menteri Dalam Negeri RI (Mendagri) Muhammad Tito Karnavian mendorong pemerintah daerah (pemda) mempercepat penggunaan anggaran penanganan kebakaran hutan dan lahan (karhutla). Langkah ini sekaligus memperkuat langkah pencegahan agar tidak muncul titik kebakaran baru. Hal itu disampaikan Tito dalam Rapat Koordinasi Perkembangan Penanganan dan Penanggulangan Kebakaran Hutan dan Lahan secara daring dari Jakarta, Rabu (16/9). Rapat tersebut dipimpin langsung oleh Presiden RI Prabowo Subianto. Tito menjelaskan pemerintah telah menyalurkan dukungan anggaran sebesar Rp 760 miliar kepada tujuh provinsi dan 35 kabupaten/kota terdampak bencana karhutla di wilayah Sumatera dan Kalimantan.  Bantuan tersebut diberikan kepada masing-masing daerah sesuai dengan tingkat keparahan dampaknya.  ""Kami sudah menerbitkan surat edaran Bapak untuk kecepatan penggunaan karena sekarang ini yang penting adalah kecepatan. Jadi supaya tidak tertahan uangnya sambil kami turunkan juga tim dari Itjen dan dari (Direktorat Jenderal Bina) Keuangan Daerah untuk mendampingi,"" ujar Tito, dalam keterangan tertulis, Rabu (16/9/2026). Tito menekankan anggaran tersebut perlu segera dimanfaatkan untuk mendukung pengadaan kebutuhan penanganan karhutla serta mobilisasi masyarakat dan relawan. Langkah ini juga perlu dibarengi pendampingan agar penggunaan anggaran berjalan cepat dan tepat. Selain penanganan kebakaran yang sudah terjadi, Tito menegaskan pentingnya mencegah munculnya kebakaran baru. Ia merujuk pada Instruksi Presiden (Inpres) Nomor 11 Tahun 2026 yang mengatur larangan pembakaran dalam kondisi siaga darurat, tanggap darurat, dan transisi darurat. ""Jadi di masa saat-saat ini tidak boleh ada pembakaran dan kami melihat dari Perda-Perda yang ada, ada delapan daerah yang kami minta untuk merubah Perdanya [agar sesuai dengan Inpres],"" tegas Tito.  Menurut Tito, penyesuaian regulasi daerah diperlukan agar tidak terdapat celah pembakaran, termasuk yang dilakukan dengan alasan kearifan lokal selama masa kedaruratan. Delapan daerah tersebut diminta menyesuaikan ketentuan dalam peraturan daerahnya dengan kebijakan penanganan karhutla. ""Nanti kalau sudah terkendali baru mungkin bisa dievaluasi lagi,"" jelas Tito. Lebih lanjut, Tito menambahkan, pemerintah juga terus melakukan pendampingan terhadap daerah dalam penanganan bencana gempa bumi di Nusa Tenggara Timur (NTT). Dukungan tersebut mencakup bantuan anggaran, pemenuhan kebutuhan masyarakat, hingga percepatan pelayanan administrasi bagi masyarakat terdampak."
https://news.detik.com/berita/d-8666050/terjadi-26-kali-gempa-selama-12-jam-di-bandung-begini-analisis-bmkg,news.detik.com,nasional,"Terjadi 26 Kali Gempa Selama 12 Jam di Bandung, Begini Analisis BMKG",2026-09-16 21:42,"Gempa tektonik sebanyak 26 kali terjadi di wilayahBandung, Jawa Barat (Jabar), selama 12 jam. BMKG menjelaskan penyebab fenomenagempatersebut. ""Hasil monitoring BMKG menunjukkan adanya aktivitas seismik berupa rangkaian gempa bumi yang terjadi di wilayah Kabupaten Bandung, Jawa Barat. Pada tanggal 16 September 2026 hingga pukul 17.42 WIB, tercatat sebanyak 26 kejadian gempa bumi sejak pukul 06.10 WIB,"" kata Plt Kepala BBMKG Wilayah II Ana Oktaviana Setiowati dilansirdetikJabar, Rabu (16/9/2026). Guncangan gempa bumi yang ke-26, berdasarkan hasil analisis BMKG menunjukkan magnitudo (M) 2,8. Episenter gempa bumi terletak pada koordinat 7,26 LS dan 107,61 BT, atau tepatnya berlokasi di darat pada jarak 28 Km Tenggara Kabupaten Bandung pada kedalaman 5 Km.   ""Dengan memperhatikan lokasi episenter dan kedalaman hiposenternya, gempa bumi yang terjadi merupakan jenis gempa bumi dangkal akibat aktivitas sesar aktif,"" tuturnya. Berdasarkan laporan dari masyarakat, gempa bumi ini dirasakan di wilayah Pangalengan dengan skala III MMI. Getaran dirasakan nyata dalam rumah, terasa getaran seakan-akan ada truk berlalu. ""Namun hingga saat ini belum ada laporan mengenai kerusakan bangunan sebagai dampak gempa bumi tersebut,"" imbuhnya. Baca selengkapnyadi sini."
https://news.detik.com/berita/d-8666043/waka-mpr-dorong-perlindungan-hak-hak-dasar-pekerja-industri-batik-hijau,news.detik.com,nasional,Waka MPR Dorong Perlindungan Hak-hak Dasar Pekerja Industri Batik Hijau,2026-09-16 21:28,"Wakil Ketua MPR Lestari Moerdijat (Rerie) mengatakan industri batik nasional terus mencatat kinerja positif di pasar global. Namun, para pekerja perempuan yang menjadi tulang punggung produksi fashion berkelanjutan, seperti batik, justru masih terkurung dalam sistem upah yang stagnan dan beban kerja yang kian berat. ""Pertumbuhan produksi sustainable fashion seperti batik, belum berdampak positif terhadap upah pekerja yang mayoritas perempuan,"" ujar Rerie dalam keterangan tertulis, Rabu (16/9). Data Kementerian Perindustrian mencatat, nilai ekspor batik nasional pada 2025 mencapai US$30,62 juta, tumbuh 13,03% jika dibandingkan dengan tahun sebelumnya. Tren batik yang mengandalkan proses yang ramah lingkungan dan memanfaatkan pewarna alami sejatinya sejalan dengan tuntutan fesyen berkelanjutan global.  Namun, proses tersebut ternyata menciptakan kompleksitas baru di ruang produksi karena tahapan produksi yang lebih panjang menambah beban para pekerja. Penelitian menunjukkan bahwa tambahan beban kerja itu tidak berkorelasi positif terhadap eskalasi upah pekerjanya.  Rerie menekankan perlindungan kesejahteraan pekerja bukan sekadar kebijakan ekonomi, melainkan amanat konstitusi. Ia juga mendorong terciptanya integrasi holistik antara konservasi lingkungan, pelestarian warisan budaya, dan jaminan perlindungan hak-hak dasar pekerja dalam industri batik hijau. ""Label 'hijau' dan 'berkelanjutan' dalam industri batik akan kehilangan makna etis jika di baliknya masih ada tenaga kerja tanpa kompensasi yang setara,"" tutur Rerie. Adapun ungkapan ini disampaikan Rerie dalam diskusi daring bertema Batik Hijau dan Keadilan Pekerja Perempuan: Menyatukan Agenda Lingkungan, Budaya, dan Kesejahteraan. Diskusi ini dimoderatori Staf Khusus Wakil Ketua MPR RI, Eva Kusuma Sundari, menghadirkan Staf Ahli Bidang Sosial Politik dan Kebijakan Publik Kementerian Ketenagakerjaan Republik Indonesia Agus Triyono, Guru Besar IPB Anas Miftah Fauzi, M.Eng., dan Ekonom Senior - Institute for Development of Economics and Finance /INDEF Dr. Aviliani turut hadir sebagai narasumber. Hadir pula Pendiri NGO Sekar Kawung - Praktisi Batik Berkelanjutan, Chandra Kirana Prijosusilo sebagai penanggap."
https://news.detik.com/berita/d-8666042/prabowo-cerita-kpk-adukan-kasus-anak-buahnya-you-ada-bukti-silakan,news.detik.com,nasional,Prabowo Cerita KPK Adukan Kasus Anak Buahnya: You Ada Bukti? Silakan,2026-09-16 21:28,"Presiden Prabowo Subiantomengungkapkan alasan mencopot anggota kabinet salah satunya karena kesalahan yang harus dipertanggungjawabkan. Dia menceritakan KPK pernah mendatangi dirinya terlebih dahulu sebelum menindak anak buahnya. ""Jadi kalaupun nanti adareshufflesaya kira antara lain mungkin untuk promosi orang, ya, tentunya kita organisasi ini kita selalu carithe right man in the right place, ya, kompetensi. Dan kalau ada yang mungkin dia nggak cocok di tempat itu ya kita harus, tadi, mampu untuk mengganti orang yang bener. Atau dia sendiri yang ada masalah, ya kita nggak bisa hindari kan,"" kata Prabowo dalam Program Prabowo Menjawab, Rabu (16/9/2026).   Prabowo mengatakan penyidik KPK pernah menemui dirinya dan menginformasikan kasus yang menjerat pejabat tertentu. Dia menyebut tak ada wewenang untuk menahan proses hukum tersebut. ""Seperti saya nggak tau, ada, tahu-tahu KPK ada datang ke saya bilang, 'Pak, ini...', ya kan. 'Pejabat ini begini, begini, begini'. Yagimanasaya ya kan. Apa kami diizinkan untuk menahan,"" ujarnya. Prabowo mengaku mempersilakan KPK menindak anak buahnya jika ditemukan bukti hukum. Dia mengungkit kasus yang dimaksud menjerat salah satu wakil menterinya. ""'Youada bukti? Kalau ada bukti silakan', saya bilang. Tahu-tahu ada kejadian ya. Ada, wamen saya, ya itu tanggung jawab dia,"" lanjut Prabowo."
https://news.detik.com/berita/d-8666036/raker-bersama-komisi-ii-dpr-mendagri-beberkan-capaian-kinerja-kemendagri,news.detik.com,nasional,"Raker Bersama Komisi II DPR, Mendagri Beberkan Capaian Kinerja Kemendagri",2026-09-16 21:19,"Menteri Dalam Negeri (Mendagri) Muhammad Tito Karnavian memaparkan rentetan capaian strategis instansinya hingga September 2026. Pemaparan kinerja ini mencakup pemulihan pascabencana, layanan kependudukan, pengendalian inflasi, hingga program prioritas nasional. Laporan tersebut disampaikan secara langsung dalam Rapat Kerja bersama Komisi II DPR RI di Kompleks Parlemen Senayan, Jakarta. Tito menguraikan besaran serapan Anggaran Pendapatan dan Belanja Negara (APBN) di kementeriannya. Realisasi anggaran Kemendagri tercatat mencapai Rp 4,36 triliun atau 63,54 persen dari total pagu Rp 6,86 triliun per 14 September 2026. Penggunaan anggaran tersebut secara nyata dialokasikan untuk menyelesaikan berbagai tugas strategis pemerintah pusat. Salah satunya berfokus pada langkah percepatan rehabilitasi dan rekonstruksi pascabencana di wilayah Sumatera. Mendagri bersama jajaran terus melakukan evaluasi dan peninjauan lapangan guna memastikan proses pemulihan berjalan mulus hingga 2028.   Kemendagri juga terlibat aktif dalam penanganan musibah bencana alam di Nusa Tenggara Timur (NTT). Direktorat Jenderal (Ditjen) Kependudukan dan Pencatatan Sipil (Dukcapil) turun langsung ke lapangan untuk memberikan layanan jemput bola. Masyarakat di kawasan Sumatera dan NTT mendapatkan fasilitas percepatan penggantian dokumen kependudukan yang rusak. Tito merinci jumlah layanan jemput bola yang telah direalisasikan di wilayah terdampak bencana. ""Penerbitan dokumen kependudukan pengganti bagi masyarakat terdampak baik bencana Sumatera lebih kurang 59 ribu lebih layanan dilakukan, dan gempa di NTT kepada warga terdampak 11.225 layanan,"" ujar Tito pada keterangan tertulisnya, Rabu (16/9/2026). Kementerian ini turut memastikan laju inflasi dan pertumbuhan ekonomi daerah senantiasa terpantau aman. Catatan inflasi hingga Agustus 2026 dipastikan tetap terkendali dalam rentang target pemerintah. Instansi pemerintah ini juga bersiap mendukung eksekusi berbagai program prioritas milik Presiden Republik Indonesia.  Sederet program andalan tersebut meliputi Program 3 Juta Rumah, pengelolaan sampah menjadi energi listrik, hingga Koperasi Desa Merah Putih. Tito turut membeberkan rancangan arah kebijakan Kemendagri pada tahun 2027 mendatang. Fokus utamanya mencakup transformasi digital pemerintahan, kesehatan fiskal daerah, serta penguatan kapasitas pemerintah desa. Kemendagri mengusulkan tambahan anggaran sebesar Rp 5,28 triliun untuk melancarkan berbagai rencana tersebut. Total kebutuhan operasional kementerian pada tahun depan diproyeksikan akan mencapai Rp 10,93 triliun. Dalam kesempatan sama, Tito yang juga menjabat sebagai Kepala Badan Nasional Pengelola Perbatasan (BNPP) melaporkan kinerja instansi tapal batas. Realisasi anggaran BNPP sukses menyentuh angka Rp 266,6 miliar atau 69,41 persen dari total pagu. Capaian ini difokuskan untuk memberdayakan masyarakat perbatasan dan mempercepat pemenuhan gizi di Pos Lintas Batas Negara (PLBN). Rapat kerja ini turut dihadiri oleh jajaran petinggi OIKN, Kementerian ATR/BPN, KPU, Bawaslu, hingga DKPP."
https://news.detik.com/bangun-indonesia/d-8666033/pemprov-jateng-raih-penghargaan-layanan-investasi-dari-kementerian-bkpm,news.detik.com,nasional,Pemprov Jateng Raih Penghargaan Layanan Investasi dari Kementerian BKPM,2026-09-16 21:16,"Penghargaan itu diterima langsung oleh Gubernur Jateng, Ahmad Luthfi dalam acara ALI 2026 di Ruang Nusantara, Gedung Suhartoyo, Kantor Kementerian BKPM, Jakarta. Luthfi mengatakan penghargaan tersebut merupakan hasil kerja keras Dinas Penanaman Modal dan Palayanan Satu Pintu (DPMPTSP) dan dukungan dari stakeholder terkait. Melalui penghargaan itu, menjadi pelecut motivasi untuk meningkatkan pelayanan investasi dan perizinan yang cepat, mudah, dan prima. ""Ini menjadi semangat untuk kita. Sebab, salah satu pintu masuk daripada investasi adalah adanya perizinan cepat, mudah, dan pelayanan prima,"" kata Luthfi, dalam keterangan tertulis, Rabu (16/9/2026).  Karenanya, Luthfi meminta kepada seluruh jajarannya untuk meningkatkan kinerja pelayanan perizinan dan investasi. Di antaranya, petugas harus jemput bola, melayani dengan senyum, banyak bertanya kepada calon investor terkait kebutuhan dan permasalahan yang dihadapi, dan lainnya. Berdasarkan data, realisasi investasi di Jateng pada semester I-2026 mencapai Rp 59,94 triliun. Terdiri atas PMA sebesar Rp 25,92 triliun (53,40%), PMDN sebesar Rp 22,62 triliun (46,60%) serta investasi UMK sebesar Rp 11,40 triliun. Investasi tersebut berhasil menyerap 213.217 tenaga kerja melalui 55.989 proyek. Melalui investasi itu, diharapkan terus membuka lapangan kerja, memperkuat ekonomi lokal, dan akhirnya meningkatkan kesejahteraan masyarakat. ""Investasi adalah salah satu cara menumbuhkan ekonomi dan meningkatkan kesejahteraan masyarakat di wilayah kita,"" kata Luthfi.  Menteri Investasi dan Hilirisasi/Kepala BKPM Roslan Roeslani mengatakan layanan investasi adalah salah satu kunci bagaimana meningkatkan iklim investasi keseluruhan di Indonesia. Tujuannya adalah menarik investasi dari dalam dan luar negeri, serta menciptakan lapangan pekerjaan. Sebab, penciptaan lapangan pekerjaan ini menjadi pekerjaan rumah (PR) bersama. ""Investasi adalah salah satu program yang membuat lapangan pekerjaan tercipta dan berjalan baik. Terima kasih kepada seluruh kementerian/lembaga, pemerintah provinsi, dan pemerintah kabupaten/kota yang sudah membantu meningkatkan investasi dan industri,"" kata Rosan. Menurut Rosan, layanan investasi yang terukur dan terstruktur akan memberikan kepastian investasi. Mulai dari waktu dan pelayanan yang akan berdampak positif.  ""Kerja kita harus cepat, kerja kita harus baik, dan mempunyai dampak yang besar terutama dalam perekonomian. Dalam menarik investasi ini kita harus berkompetisi dengan negara tetangga,"" kata Rosan. ""Kita tidak boleh ketinggalan bahkan harus lebih maju dalam rangka menciptakan layanan investasi yang baik,"" sambungnya. Dalam ajang itu, Pemerintah Kabupaten (Pemkab) Semarang yang mendapatkan penghargaan layanan investasi. Adapun untuk Kabupaten Karanganyar yang masuk nominasi atau enam besar untuk kategori yang sama. (anl/ega)"
https://news.detik.com/berita/d-8666030/ngeri-tabrakan-maut-motor-vs-truk-di-priok-hingga-dilalap-api,news.detik.com,nasional,Ngeri Tabrakan Maut Motor Vs Truk di Priok hingga Dilalap Api,2026-09-16 21:16,"Tabrakan truk trailer dengan sepeda motor di Jalan Raya Pelabuhan Tanjung Priok, Jakarta Utara (Jakut) diikuti peristiwakebakaran. Pengendara motor tutup usia dalam insiden tersebut. Peristiwakecelakaanmaut itu berlangsung cepat. Insiden tabrakan dan kebakaran terjadi seketika waktu. Kecelakaan itu terjadi di Jalan Raya Pelabuhan wilayah Koja, Jakut pada Selasa (15/9) pukul 18.05 WIB. Tabrakan terjadi di persimpangan besar yang menjadi jalur lintasan kendaraan besar di area Pelabuhan Tanjung Priok.  Momen terjadinya kecelakaan itu terekam kamera pengawas (CCTV) di sekitar lokasi. Warga yang melintas juga membagikan rekaman video hingga viral di media sosial (medsos).  Truk dan sepeda motor yang terlibat kecelakaan itu melaju dari arah berbeda. Tumburan tak terhindarkan karena sepeda motor Suzuki Satria Fu-150 dengan nomor polisi (nopol) B-3356-UFQ yang dikendarai MJ melaju cukup kencang. Begitu juga truk trailer bernopol B-9610-UEH yang dikemudikan RG tidak dapat langsung berhenti sebagaimana karakter kendaraan berbobot besar. Kecelakaan truk trailer dengan sepeda motor di Jalan Raya Pelabuhan Tanjung Priok terjadi pada persimpangan lampu merah. Truk kontainer itu sedang melaju keluar dari area pelabuhan. ""Awalnya truk trailer melaju dari arah utara ke selatan, keluar dari Pelabuhan JICT, tepatnya di depan Pos 9 bertabrakan dengan kendaraan sepeda motor Suzuki,"" kata Kanit Laka LantasPolres Metro Jakut, AKP Edy Wibowo, Selasa (15/9/2026).   Dalam video beredar, sepeda motor yang dikemudikan MJ diduga menerobos lampu merah. Motor yang melaju cukup kencang itu lalu bertabrakan dengan truk yang melaju dari arah depannya. ""Sepeda motor Suzuki B-3356-UFQ dikemudikan Saudara MJ yang melaju dari arah selatan membelok ke timur,"" kata Edy. Motor korban lantas terseret kabin truk trailer itu. Gesekan rangka besi motor dengan aspal memicu kemunculan api hingga terjadinya kebakaran. Api membakar kabin pengemudi truk dan jejak apinya juga sempat menyala di atas aspal. Korban tewas di tempat kejadian perkara (TKP) kecelakaan.  ""Akibat dari kecelakaan lalu lintas tersebut pengemudi kendaraan sepeda motor meninggal dunia di TKP,"" katanya.  Pemadam kebakaran (damkar) dikerahkan ke TKP kecelakaan untuk memadamkan api. Petugas damkar menerima informasi kecelakaan itu pukul 18.14 WIB. Sebanyak 3 mobil pompa dan 15 personel damkar dikerahkan ke lokasi kecelakaan untuk memadamkan kebakaran. ""Sepeda motor menerobos lampu merah lalu dari arah berlawanan ada sebuah truk trailer melintas sehingga laka lantas tidak terhindarkan yang mengakibatkan motor terseret di bawah kepala trailer kurang lebih 10 meter, sementara pengendara motor tertinggal saat terjadinya tabrakan,"" kata petugas Command Center Dinas Damkar Jakarta.  Operasi pemadaman dinyatakan selesai pukul 18.29 WIB. Kedua kendaraan mengalami kerusakan akibat tabrakan dan kebakaran tersebut. Kasus kecelakaan ini masih diselidiki kepolisian. Kedua kendaraan mengalami kerusakan akibat tabrakan dan kebakaran tersebut."
https://news.detik.com/berita/d-8666027/truk-tabrak-mobil-parkir-hingga-bengkel-di-puncak-bogor-diduga-rem-blong,news.detik.com,nasional,"Truk Tabrak Mobil Parkir hingga Bengkel di Puncak Bogor, Diduga Rem Blong",2026-09-16 21:16,"Truk boks menabrak mobil yang sedang parkir, lapak tukang sate dan bengkel di Jalan Raya Puncak,Bogor, Jawa Barat (Jabar). Kecelakaan diduga dipicu truk boks mengalami rem blong. ""Yang terlibat kecelakaan kendaraan truk boks Isuzu warna putih nopol B-9501-PXV, minibus Daihatsu Sigra hitam F-1402-FBM. (Yang terdampak) bangunan bengkel velg, bangunan sate tegal,"" kata Kanit Gakkum Satlantas Polrea Bogor Ipda Arif Rahman, Rabu (16/9/2016).   Arif menyebutkan, kecelakaan terjadi ketika truk boks yang dikendarai GF melaju dari arah Puncak menuju Jakarta, sekitar pukul 14.30 WIB. Ketika melewati jalan menurun di Tanjakan Selarong, truk diduga mengalami rem blong, hingga menabrak mobil yang sedang parkir di bahu jalan. ""Pada saat di tempat kejadian perkara (TKP), Kendaraan Truk Box Isuzu warna putih tersebut mengalami gagal fungsi rem atau rem blong,"" kata Arif. ""Kemudian bergerak ke kiri jalan, menabrak bagian belakang sebelah kanan minibus Daihatsu Sigra hitam F-1402-FBM yang dikemudikan oleh R, sedang berhenti di bahu jalan sebelah kiri dari arah Puncak menuju ke arah Gadog,"" sambungnya. Tak berhenti di situ, minibus Sigra kemudian terdorong ke depan dan manghantam bangunan bengkel dan lapak pedagang sate. Kecelakaan mengakibatkan kedua bangunan ambruk di bagian depan. ""(Minibus Sigra) lalu terdorong menabrak bangunan bengkel velg milik J dan bangunan sate tegal milik AS, sehingga terjadi kecelakaan lalu lintas,"" kata Arif."
https://news.detik.com/berita/d-8666006/ortu-ungkap-abg-di-jakbar-berkali-kali-dicabuli-kenalan-di-medsos,news.detik.com,nasional,Ortu Ungkap ABG di Jakbar Berkali-kali Dicabuli Kenalan di Medsos,2026-09-16 21:16,"Seorangremaja perempuan berusia 16 tahun di Palmerah,Jakarta Barat (Jakbar), diduga menjadi korban pencabulan pria yang dikenalnya melalui media sosial. Ibu korban, A, mengatakan pelaku berinisial MI (23) sudah lima kali mencabuli korban. A mengungkapkan pencabulan terhadap putrinya itu terjadi di sebuah hotel di kawasan Palmerah, Jakarta barat. Awalnya, korban dan pelaku berkenalan melalui WhatsApp. ""Jadi awalnya tuh si pelaku nge-chat anak saya di WA ngajak kenalan. Tahun 2025 akhir itu nggak direspons, terus aja si pelakunya nge-chat terus, akhirnya direspons di 2026,"" ujar A kepada wartawan, Rabu (16/9/2026).  Menurut A, putrinya dan pelaku sempat melakukan pertemuan sebanyak satu kali di dekat rumah. Kemudian pelaku kerap merayu korban hingga akhirnya mereka berkencan pada 10 Mei 2026. ""Pas di hari Minggu itu anak mau ke sekolahan. Udahnolak, tapi si pelaku memaksa, terusneleponin. Akhirnya nggak enak, karena pelaku ngomongnya katanya 'Masa sihguaudahjauh-jauh nggakditemuin'. Akhirnya nggak enak,ditemuinlah ke Stasiun Maja,"" ungkapnya. Korban kemudian diantarkan pelaku membeli baju di Pasar Senen, Jakarta Pusat danberlanjut ke salah satu hotelkawasan Palmerah, Jakarta Barat. Di situ, pelaku melakukan pencabulan terhadap korban sebanyak lima kali.  Korban kemudian pulang pada pukul 20.00 WIB setelah seharian tidak dapat dihubungi. A kemudian menanyakan apa yang terjadi terhadap korban setelah seharian dicari. Setelah melalui pendekatan, korban akhirnya mengaku bahwa dirinya telah dicabuli oleh pelaku. Mendengar pengakuan putrinya itu, A mengaku kaget. A kemudian melaporkan si pelaku ke polisi. Menurutnya, pelaku merupakan seorang residivis. ""Saya langsung selidiki dia ini orang mana, siapa. Ternyata seorang residivis, sudah tiga kali keluar masuk penjara,"" imbuhnya. Laporan korban teregister dengan nomor LP/B/3402/V 12026/SPKT/POLDA METRO JAYA pada 12 Mei 2026. Saat ini korban tengah dilakukan pengobatan psikologi DKI Jakarta. Kabid Humas Polda Metro Jaya Kombes Budi Hermanto mengatakan saat ini kasus tersebut masih dalam penanganan penyidikDitres PPA dan PPO Polda Metro Jaya. Penyidik mengedepankan perlindungan anak dalam kasus ini. ""Saat ini laporan terkait dugaan kekerasan seksual terhadap anak masih dalam penanganan penyidik Subdit II Ditres PPA dan PPO Polda Metro Jaya,"" ujar Kombes Budi saat dihubungi wartawan, Rabu (16/9). Budi Hermanto memastikan proses penyelidikan masih berjalan sesuai prosedur dan proporsional. Ia menekankan fokus utama saat ini adalah memulihkan kondisi psikis korban."
https://news.detik.com/berita/d-8666004/puncak-gunung-wilis-jatim-kebakaran,news.detik.com,nasional,Puncak Gunung Wilis Jatim Kebakaran,2026-09-16 21:16,"Kebakaran terjadi di puncakGunung Wilisyang berada di perbatasan Nganjuk dan Ponorogo, Jawa Timur (Jatim). Kebakaran itu terlihat dari Kantor BMKG Stasiun Geofisika Nganjuk. DilansirdetikJatim, Rabu (16/9/2026), kebakaran tersebut terpantau sejak pukul 19.16 WIB. Prakirawan BMKG Nganjuk, Setiyaris, menyampaikan pergerakan api terpantau mengarah ke timur dan barat, menuju wilayah Kabupaten Nganjuk. ""Saat ini, posisi api masih relatif jauh dari kawasan permukiman penduduk. Meskipun demikian, kondisi tersebut tetap perlu diwaspadai,"" tulis Setiyaris.   Menurutnya, vegetasi kering dapat menjadi bahan yang mudah terbakar. Sementara perubahan arah dan kecepatan angin sewaktu-waktu dapat memengaruhi arah serta kecepatan penyebaran api. ""Cuaca cerah berawan, dengan angin bertiup dari arah selatan sekitar 5 km/jam dan suhu udara sekitar 22Â°C,"" tambahnya. Setiyaris meminta masyarakat, khususnya yang berada di sekitar kawasan lereng Gunung Wilis tetap waspada. ""Hindari aktivitas yang berpotensi memicu kebakaran, terutama pembakaran terbuka di sekitar kawasan yang vegetasinya sedang kering,"" tandasnya. Simak selengkapnyadi sini"
https://www.cnnindonesia.com/nasional/20260916205044-12-1404787/sistem-etle-dirombak-tilang-hingga-bayar-denda-bakal-terhubung,www.cnnindonesia.com,nasional,"Sistem ETLE Dirombak, Tilang hingga Bayar Denda Bakal Terhubung",2026-09-16 21:25,"Korps Lalu Lintas (Korlantas) Polri memperkuat sistem Electronic Traffic Law Enforcement (ETLE) dengan mengintegrasikan proses penegakan hukum tilang elektronik ke dalam satu ekosistem Criminal Justice System (CJS). Integrasi tersebut menghubungkan proses penindakan oleh kepolisian, penyelesaian perkara di pengadilan hingga pembayaran dan pencatatan denda melalui Kejaksaan. Penguatan sistem ini dimaksudkan agar proses penegakan hukum tilang elektronik semakin cepat, transparan, akuntabel, mudah dipantau dan memberikan kepastian pelayanan kepada masyarakat.   Dirgakkum Korlantas Polri Brigjen I Made Agus Prasatya mengatakan integrasi sistem membutuhkan kolaborasi seluruh lembaga yang terlibat dalam proses penegakan hukum tilang. ""Kami tidak bisa bekerja sendiri, kami perlu dukungan bapak ibu (Kejaksaan dan Mahkamah Agung),"" kata Made Agus dalam keterangannya, Rabu (16/9).  Menurut dia, keterhubungan antarlembaga menjadi salah satu kunci untuk membangun ekosistem penegakan hukum yang terintegrasi. ""Jadi mulai dari penindakan, kemudian proses penyelesaian perkara, pembayaran denda, sampai dengan pencatatannya, semuanya dapat terhubung dalam satu sistem,"" ucap dia. Salah satu pengembangan yang didorong Korlantas adalah dashboard bersama yang memungkinkan lembaga terkait memantau data penindakan, keputusan pengadilan, hingga pembayaran denda dalam satu sistem. Dengan sistem tersebut, setiap institusi dapat mengakses informasi berdasarkan data yang terintegrasi. Dengan demikiann, progres penanganan suatu perkara juga dapat dipantau tanpa harus menunggu pertukaran dokumen atau data secara manual.  Selain itu, Korlantas juga mendorong sistem pembayaran denda tilang yang terhubung dengan mekanisme penerimaan negara melalui perbankan resmi. Dengan sistem itu, setiap transaksi dapat tercatat secara elektronik sehingga dapat ditelusuri dan dipantau. Sistem tersebut diharapkan mencegah dana mengendap akibat proses administrasi yang terpisah sekaligus memberikan kepastian kepada masyarakat mengenai status pembayaran. Tak hanya teknologi, Korlantas turut mendorong sertifikasi bagi petugas yang terlibat dalam penyelenggaraan sistem penegakan hukum elektronik. Penguatan teknologi dan kompetensi petugas tersebut menjadi bagian dari pengembangan ETLE nasional agar proses penegakan hukum lalu lintas semakin terintegrasi, transparan, dan akuntabel."
https://www.cnnindonesia.com/nasional/20260916202347-12-1404781/korlantas-razia-pajak-kendaraan-ke-rumah-di-akhir-september-hoaks,www.cnnindonesia.com,nasional,Korlantas: Razia Pajak Kendaraan ke Rumah di Akhir September Hoaks,2026-09-16 21:16,"Korps Lalu Lintas(Korlantas) Polrimenegaskan informasi yang beredar media sosial soal penertiban dan pemeriksaan kendaraan bermotor dari rumah ke rumah pada akhir September 2026 adalah tidak benar atauhoaks. Dalam narasi beredar, disebutkan penertiban itu meliputi kendaraan non pajak yang masa berlaku baik STNK/pajak mati, kendaraan sengketa kredit, kendaraan hanya memiliki STNK atau tanpa kelengkapan resmi serta kendaraan over -kredit ilegal yang dipindahtangankan tanpa sepengetahuanfinance. Selain itu, narasi jugamenyebut bahwa penertiban dilakukan tim gabungan dari kepolisian dan pihak finance.   Lewat unggahan di akun Instagram Korlantas @korlantaspolri.ntmc, dipastikan informasi yang beredar itu adalah hoaks. ""Klaim razia oleh tim gabungan polisi dan perusahaan pembiayaan pada akhir September 2026 tidak benar dan bukan pengumuman resmi,"" demikian tertulis dalam unggahan itu, dikutip Selasa (16/9).  Korlantas Polri menjelaskan bahwa pemeriksaan kendaraan bermotor oleh Kepolisian memiliki ketentuan dan prosedur yang berlaku. Ketentuan ini merujuk Pasal 264 dan Pasal 265 Undang-Undang Nomor 22 Tahun 2009 tentang Lalu Lintas dan Angkutan Jalan yang mengatur bahwa pemeriksaan kendaraan bermotor di jalan dilakukan oleh petugas Kepolisian dan/atau PPNS di bidang Lalu Lintas dan Angkutan Jalan. Dalam pelaksanaannya, petugas harus memiliki surat perintah tugas, menggunakan seragam dan atribut, serta melakukan pemeriksaan sesuai lokasi dan prosedur yang ditentukan. Korlantas Polri juga menegaskan bahwa BPKB bukan dokumen yang wajib dibawa saat berkendara. Berdasarkan Pasal 106 ayat (5) UU Nomor 22 Tahun 2009 mengatur dokumen yang wajib ditunjukkan saat pemeriksaan di jalan, yaitu STNK atau STCK, SIM, bukti lulus uji berkala bagi kendaraan wajib uji, dan/atau tanda bukti lain yang sah. Kemudian, Korlantas juga meluruskan narasi soal penggeledahan rumah masyarakat yang menunggak pajak kendaraan bermotor. Berdasarkan Pasal 112 sampai dengan Pasal 114 UU Nomor 20 Tahun 2025 tentang KUHAP mengatur bahwa penggeledahan rumah hanya dapat dilakukan oleh penyidik untuk kepentingan penyidikan tindak pidana. Karena itu, tunggakan pajak kendaraan tidak serta-merta menjadi dasar bagi petugas untuk menggeledah rumah secara pidana. Selain itu, Korlantas Polri menegaskan bahwa penarikan kendaraan kredit tidak dapat dilakukan secara sewenang-wenang. Eksekusi kendaraan yang menjadi objek jaminan fidusia harus mengacu pada UU Nomor 42 Tahun 1999 tentang Jaminan Fidusia dan Putusan Mahkamah Konstitusi Nomor 18/PUU-XVII/2019. Apabila tidak terdapat kesepakatan mengenai wanprestasi dan debitur tidak menyerahkan kendaraan secara sukarela, perusahaan pembiayaan harus menempuh mekanisme eksekusi melalui pengadilan. Kepolisian bukan pihak yang bertindak sebagai penagih utang perusahaan pembiayaan. ""Dengan demikian, narasi mengenai adanya 'razia kendaraan dari rumah ke rumah pada akhir September 2026 oleh tim gabungan Polisi dan pihak finance' tidak memiliki dasar hukum dan bukan kebijakan resmi,"" ucap Korlantas Polri. Atas dasar itu, Korlantas Polri mengimbau masyarakat tidak menyebarluaskan informasi tersebut serta selalu melakukan verifikasi melalui kanal resmi Polri, Samsat, Bapenda dan perusahaan pembiayaan terkait. Masyarakat juga diminta melakukan konfirmasi kepada instansi resmi sebelum menyerahkan dokumen asli ataupun uang. ""Apabila ada pihak yang datang dengan mengatasnamakan operasi tersebut, masyarakat berhak meminta identitas dan surat tugas serta melakukan konfirmasi kepada instansi resmi sebelum menyerahkan kendaraan, dokumen asli ataupun uang. Saring sebelum sharing. Pastikan informasi berasal dari sumber resmi dan dapat dipertanggungjawabkan,"" tutur dia."
https://www.cnnindonesia.com/nasional/20260916203101-20-1404785/isak-tangis-iringi-pemakaman-korban-kapal-virgo-di-surabaya,www.cnnindonesia.com,nasional,Isak Tangis Iringi Pemakaman Korban Kapal Virgo di Surabaya,2026-09-16 21:16,"Isak tangis tak terbendung menyelimuti kedatangan jenazah Imam Soeparno, pria berusia 66 tahun yang menjadi salah satu korban meninggal dalam tragedi terbaliknyaKapal Motor Virgo Transport 8di perairan Laut Jawa, Minggu (13/9) lalu. Saat mobil ambulans tiba di rumah duka di kawasan Jalan Sememi Jaya Gang 4, Kota Surabaya, pada Rabu (16/9) siang, suasana haru langsung pecah. Anggota keluarga yang sudah menunggu histeris menyambut peti jenazah Imam Soeparno. Seorang perempuan jatuh lemas dan pingsan sehingga harus dibopong oleh kerabat serta petugas yang bersiaga di lokasi.   Kesedihan mendalam makin terasa ketika salah satu anggota keluarga menangis tersedu-sedu sambil memeluk erat peti jenazah Imam Soeparno sebelum disemayamkan. Imam Soeparno dikenal sebagai sosok pekerja keras yang rela merantau jauh demi menafkahi keluarganya. Ia merupakan mekanik dan kernet truk yang kerap bolak-balik menyeberang pulau.  Sang adik, Syamsi, menuturkan kakaknya memang terpaksa mencari penghidupan hingga ke luar pulau karena menyusutnya peluang kerja di kota asalnya. ""Dia itu bekerja, asalnya bekerja di Surabaya, berhubung di Surabaya itu kemungkinan agak berkurang pendapatannya, dia ada pekerjaan di Kalimantan, ke sana. Ke Kalimantan,"" kata Syamsi. Meski usianya sudah masuk kepala enam, Syamsi menyebut adiknya itu tak kenal lelah mencari nafkah. Semasa hidup, ribuan mil jalan dan lautan dia jabani. ""Habis dari Kalimantan pulang lagi ke Surabaya. Habis gitu dipanggil lagi, disuruh ada pekerjaan di sana, kembali sana lagi. Sebagai kernet bisa, mekanik juga bisa,"" katanya. Kabar duka mengenai nasib Imam pada awalnya sangat mengejutkan pihak keluarga. Syamsi mengungkapkan informasi pertama kali ia peroleh dari media sosial. Keluarga kemudian langsung mengecek ke posko terpadu di Pelabuhan Tanjung Perak Surabaya. ""Itu saya dapat berita dari dari HP itu, medsos iya. Terus habis gitu saya ngecek di [Pelabuhan Tanjung] Perak di posko itu habis gitu saya cocok-cocokkan,"" ucapnya.  Pihak keluarga sempat tak percaya. Pasalnya ponsel Imam masih bisa dihubungi meski tak ada jawaban. Namun setelah menerima foto jenazah korban, Syamsi pun baru percaya. ""Saya sebelumnya memang kurang percaya. Masalahnya kan KTP apa itu kan masih utuh gitu loh. Terus ada nomor HP apa itu kok masih bisa dihubungi. Saya itu kurang yakin, habis gitu saya minta minta dengan secara agak memaksa, minta foto kakak saya itu,"" tuturnya. Kepergian Imam meninggalkan duka mendalam, terutama bagi anak semata wayangnya, Novia. Sebelum tragedi nahas tersebut, Novia sempat berkomunikasi dengan sang ayah yang mengabarkan keberangkatannya. Percakapan singkat itu rupanya menjadi pertanda perpisahan, di mana Imam mengisyaratkan bahwa pelayaran kali ini adalah yang terakhir kalinya ia bekerja. ""Ngobrol lewat WA pas dalam kapal, bilang aku berangkat. Ini ikut kapal Virgo. Sebenarnya Rucitra (KM Dharma Rucitra 1), tapi diganti sama Virgo. Terus tak saya bilang, ya hati-hati,"" kata Novia. ""Bilang ke aku, aku ikut satu kali ini aja, habis itu tidak kerja lagi. Terus tak tanyai kenapa? Enggak, enggak apa-apa, enggak kerja aja,"" ujarnya. Pamitan terakhir kerja justru berpulang,"" tambah Novia lirih.  Bagi keluarga, Imam adalah tulang punggung yang nyaris tidak memiliki waktu untuk beristirahat di rumah. Kesibukannya bekerja dari satu pulau ke pulau lain membuatnya jarang berkumpul, namun kasih sayangnya kepada sang cucu tidak pernah pudar. ""Pulang balik lagi ke Banjarmasin. Tidak sempat pulang, mau ke Banjar lagi, terus mau ke Sulawesi. Enggak balik rumah sama sekali. Orangnya keras, tapi dia baik sama cucu-cucunya juga sayang. Cucu mau apa saja dikasih. Minta mainan apa dikasih,"" kenangnya. Usai disemayamkan dan disalatkan oleh puluhan pelayat beserta warga sekitar di depan rumah duka, jenazah Imam Soeparno kemudian diangkat secara perlahan menuju tempat peristirahatan terakhirnya. Iring-iringan pengantar jenazah berjalan kaki membawa peti melintasi jalanan kampung menuju Tempat Pemakaman Umum Babat Jerawat, Kota Surabaya. Di bawah terik matahari siang, prosesi pemakaman berlangsung khidmat. Taburan bunga di atas pusara diiringi lantunan doa menjadi salam perpisahan terakhir dari keluarga untuk sang mekanik pekerja keras yang kini telah berpulang. Kapal Motor (KM) Virgo Transport 8 dilaporkan hilang kontak hingga akhirnya terbalik di perairan Laut Jawa pada Minggu (13/9), pukul 02.00 WITA, saat berlayar dari Surabaya menuju Banjarmasin sejak Sabtu (12/9). Kapal itu diketahui mengangkut 243 orang penumpang, awak kapal hingga kru, serta 89 kendaraan. Hingga saat ini 114 korban telah ditemukan dan enam di antaranya meninggal dunia. Sementara 129 korban lainnya masih belum ditemukan. Enam korban meninggal dunia yang teridentifikasi yakni Reyner Fausta Yosilianto asal Malang, Nurul Rian Hidayat asal Pamekasan, Deny Ridzal Saputra asal Kediri, Imam Soeparno asal Surabaya, Erick Maisul Latif asal Garut, dan Risyan Kurnia Putra asal Garut."
https://www.cnnindonesia.com/nasional/20260916201354-32-1404778/zulhas-soal-presiden-kumpulkan-ketum-parpol-hoaks,www.cnnindonesia.com,nasional,Zulhas soal Presiden Kumpulkan Ketum Parpol: Hoaks,2026-09-16 21:16,"Ketua Umum PANZulkifli Hasanmenyebut isu Presiden RI yang juga Ketum GerindraPrabowo Subiantomengumpulkan ketum parpol koalisi merupakan hoaks. ""Hoaks, hoaks, hoaks, hoaks, enggak ada,"" kata Zulhas di Kompleks Istana Kepresidenan Jakarta, Rabu (16/9). Ketika ditanyakan kembali apakah pertemuan itu ada atau tidak, ia kembali membantah.   Ia bahkan mempertanyakan dari mana info itu dihembuskan. ""Tidak ada siapa yang bilang itu, ngarang itu ya,"" ucap dia. ""Enggak ada ya Presiden kumpulkan partai,"" imbuhnya.  Isu para ketum parpol koalisi berkumpul membahas revisi UU Nomor 7 Tahun 2017 tentang Pemilu belakangan berhembus. Salah satunya dikonfirmasi oleh Sekretaris Jenderal Partai Gerindra, Sugiono membenarkan pertemuan tersebut. Sugiono menyampaikan pertemuan hanya diikuti partai koalisi pemerintah alias minus PDIP. Namun, dia enggan mengungkap detail waktu dan tempat pertemuan. ""Saya sejauh ini yang saya tahu itu ketum-ketum partai yang di koalisi pemerintah,"" kata Sugiono usai rapat tertutup di Komisi I DPR, kompleks parlemen, Rabu (16/9). Hingga berita ini ditulis, belum ada konfirmasi dan tanggapan PDIP terkait pertemuan.CNNIndonesia.comtelah menghubungi wakil ketua dan anggota Komisi II DPR dari PDIP, Aria Bima dan Deddy Sitorus namun belum mendapat respons. Sementara, Sugiono menambahkan, hasil pertemuan antara lain diklaim telah menyepakati perubahan ambang batas parlemen dari 4 menjadi 5 persen. Pihaknya mempertimbangkan agar pemilu ke depan bisa lebih efektif dan efisien. ""Tapi Gerindra juga sepakat soal PT 5 persen. Seperti juga kemarin Golkar juga menyampaikan ya, PKS juga menyampaikan dan saya kira itu yang kita sepakati,"" kata Sugiono."
https://www.cnnindonesia.com/nasional/20260916192657-32-1404770/istana-bantah-purbaya-soal-dicopot-dari-menkeu-imbas-rombak-pejabat,www.cnnindonesia.com,nasional,Istana Bantah Purbaya soal Dicopot dari Menkeu Imbas Rombak Pejabat,2026-09-16 21:16,"Wakil Menteri Sekretaris Negara (Wamensesneg) Bambang Eko Suhariyanto membantah pencopotanPurbaya Yudhi Sadewasebagai Menteri berkaitan dengan langkahnya yang merombak ratusan pejabat di lingkungan Kementerian Keuangan (Kemenkeu). Bambang merespons klaim Purbaya yang disampaikan setelah serah terima jabatan dengan Menkeu Suahasil Nazara. ""Oh itu pengakuan Pak Purbaya ya? Tapi sebetulnya enggak. Tidak ada yang istimewa. Pergantian kapan saja itu sebetulnya Menteri wakil Menteri siap diganti,"" ujarnya di Kompleks Parlemen, Senayan, Jakarta, Rabu (16/9).   Sementara itu, Bambang mengaku tidak mengetahui apabila terdapat persoalan internal yang melatarbelakangi pergantian Purbaya. ""Saya kalau internalnya kita tidak tahu kalau internal seperti apa. Cuman dari perspektif kita, dari Istana, sebetulnya pergantian itu adalah sesuatu yang lumrah saja sebetulnya. Bisa kapan saja. Namanya reshuffle kan bisa saja kapan dicopot, kemudian ada yang diangkat yang baru,"" katanya.  Lebih lanjut, Bambang mengatakan tidak ada alasan khusus di balik pergantian Purbaya sebagai Menteri Keuangan periode 2025-2026. Bambang menyebut pergantian menteri merupakan hal yang lumrah dan menjadi hak prerogatif Presiden Prabowo Subianto. ""Oh enggak itu pergantian biasa saja sebetulnya. Pergantian pejabat kan tidak ada sesuatu yang istimewa. Kan itu juga prerogatif Presiden kan ya,"" kata Bambang. Purbaya sebelumnya digantikan Wakil Menteri Keuangan Suahasil pada Senin (14/9). Purbaya menilai keputusannya merombak ratusan pejabat di lingkungan Kementerian Keuangan (Kemenkeu) beberapa hari sebelumnya ditengarai menjadi salah satu pemicu pencopotannya. Pada Kamis (10/9), saat masih menjadi menteri keuangan, Purbaya melakukan perombakan besar-besaran terhadap struktur pegawai Kemenkeu. Tercatat, sekitar 50 pegawai level Eselon II dan 350 pegawai level Eselon III dirotasi dari jabatannya. Perombakan tersebut menyasar mulai dari Direktorat Jenderal Pajak (DJP), Direktorat Jenderal Bea dan Cukai (DJBC), jajaran fungsional di Badan Layanan Umum (BLU), hingga jajaran direksi Special Mission Vehicle (SMV) yang bernaung di bawah payung Kemenkeu. ""Sebagian iya (karena perombakan pejabat tersebut),"" ujar Purbaya usai mengikuti acara serah terima jabatan di kantor Kementerian Keuangan, Jakarta Pusat, Selasa (15/9). Meski demikian, Purbaya menepis spekulasi yang menyebut pemberhentiannya dilatarbelakangi oleh gesekan atau konflik internal dengan anak buahnya di Kemenkeu. Purbaya turut menegaskan pergantian menteri merupakan hak prerogatif Presiden Prabowo Subianto. ""Enggak ada gesekan. Yang jelas itu (pergantian menteri) hak prerogatif presiden yang presiden sudah putuskan setahun ini udah cukup,"" ujar Purbaya."
https://www.cnnindonesia.com/nasional/20260916195430-20-1404775/kebakaran-26-gudang-di-kosambi-tangerang-7-jam-api-belum-padam,www.cnnindonesia.com,nasional,"Kebakaran 26 Gudang di Kosambi Tangerang, 7 Jam Api Belum Padam",2026-09-16 20:16,"Kebakaranyang melanda 26 gudang di Kawasan PergudanganKosambiPermai, Kabupaten Tangerang, Banten, belum padam setelah tujuh jam. Api pertama kali muncul sekitar pukul 12.00 WIB, hingga Rabu (16/9) malam, tepatnya pukul 19.00 WIB, petugas masih berjibaku memadamkan api. Komandan Pos Pemadam Kebakaran (Damkar) Kosambi BPBD Kabupaten Tangerang, Husni, mengatakan proses pemadaman terkendala minimnya sumber air di sekitar lokasi.   Kondisi diperparah dengan banyaknya material mudah terbakar yang tersimpan di dalam gudang. ""Sumber airnya jauh dan banyak bahan mudah terbakar seperti busa dari spring bed,"" ujar Husni.  Husni mengatakan, titik sumber air dari lokasi kebakaran berjarak sekitar 1 kilometer. Menurutnya, hal itu membuat proses pemadaman berlangsung lama. ""Kita ambil airnya jauh, sekitar 1 kilometer di sungai kecil di dekat sini,"" kata Husni. Husni menjelaskan, sebagian titik api di lokasi sudah mulai berangsur padam. Namun, pada beberapa titik lainnya, api masih berkobar. ""Yang masih merah itu di bagian depan, untuk yang bagian belakang sedang dalam proses pendinginan dan sudah ada yang padam,"" jelasnya. Dalam proses pemadaman, kata Husni, sebanyak 12 unit armada dari BPBD, Brimob Polri, Koramil TNI, PIK, dan Damkar DKI Jakarta dikerahkan ke lokasi kebakaran. ""Untuk personel estimasinya ada 50 orang,"" tutur Husni. Sebelumnya, kebakaran melanda puluhan gudang di Kawasan Pergudangan Kosambi Permai, Kecamatan Kosambi, Kabupaten Tangerang, Banten, pada Rabu (16/9) siang. BPBD menyebut kebakaran diduga disebabkan korsleting listrik pada gudang penyimpanan spring bed. Meski demikian, penyebab pasti kebakaran akan diselidiki oleh pihak yang berwenang."
https://www.cnnindonesia.com/nasional/20260916195602-12-1404776/kejagung-lelang-436-ribu-ton-batu-bara-di-kasus-korupsi-samin-tan,www.cnnindonesia.com,nasional,Kejagung Lelang 436 Ribu Ton Batu Bara di Kasus Korupsi Samin Tan,2026-09-16 20:16,"Badan Pemulihan Aset (BPA)Kejaksaan Agung(Kejagung) akan melelang barang sitaan berupa komoditas batu bara sebanyak 436 ribu ton. Kepala Pusat Penerangan Hukum Kejagung, Anang Supriatna menyebut batu bara itu merupakan barang sitaan penyidik di kasus korupsi pengelolaan tambang ilegal di Kalimantan Tengah pada periode 2016-2025 oleh Samin Tan.    Ia menjelaskan batubara itu akan ditawarkan dalam proses lelang dengan harga minimal sebesar Rp178,8 miliar. Anang menyebut batu bara tersebut berada di CHP 1 Stockpile, Desa Kaong, Kecamatan Upau, Kabupaten Tabalong, Kalimantan Selatan. ""Nilai limit yang ditetapkan untuk objek lelang ini adalah sebesar Rp178.873.527.000 dengan besaran uang jaminan penawaran lelang yang diwajibkan yakni sebesar Rp80.000.000.000,"" ujarnya dalam keterangan tertulis, Rabu (16/9). Anang mengatakan lelang akan dilaksanakan dengan metode penawaran terbuka (open bidding) tanpa kehadiran peserta melalui situs resmi [URL] Peserta diwajibkan menyetorkan uang jaminan penawaran sebesar Rp80 miliar paling lambat satu hari sebelum batas akhir penawaran. ""Batas akhir penawaran ditetapkan pada hari Rabu, 23 September 2026 pukul 13.00 WIB atau 14.00 WITA. Penetapan pemenang lelang akan dilakukan langsung setelah penawaran ditutup di KPKNL Banjarmasin,"" tuturnya. Lebih lanjut, ia menuturkan sesuai Keputusan Menteri ESDM Nomor: 162.K/HK.02/MEM.H/2026, kualifikasi peserta lelang dibatasi khusus untuk badan usaha berbadan hukum yang memiliki NPWP. Selain itu, peserta wajib mencakup pemegang IUP, IUPK, IUPK kelanjutan operasi, PKP2B terintegrasi, pemegang Izin Pengangkutan dan Penjualan (IPP), maupun pelaku usaha pengguna akhir (end user) batu bara di dalam negeri. Sebelumnya, Kejagung menetapkan taipan Samin Tan sebagai kasus korupsi pengelolaan tambang ilegal oleh PT Asmin Koalindo Tuhup (AKT) di wilayah Kalimantan Tengah pada periode 2016-2025. Dalam hal ini, Samin Tan selakubeneficial owneratau penerima manfaat AKT diduga tetap melakukan aktivitas penambangan dan penjualan batu bara secara ilegal selama 2017-2025 dengan melawan hukum.  Sejatinya, aktivitas tambang PT AKT telah dicabut melalui Surat Terminasi dalam Keputusan Menteri ESDM Nomor 3714 K/30/MEM/2017. Namun, aktivitas penambangan ilegal ini tetap berlanjut lantaran Samin Tan diduga bekerja sama dengan oknum penyelenggara negara. Selain Samin Tan, Kejagung juga menetapkan lima orang sebagai tersangka. Rinciannya Handry Sulfian (HS), selaku mantan Kepala KSOP Rangga Ilung; Bagus Jaya Wardhana (BJW), selaku Direktur PT AKT; Helmi Zaidan Mauludin (HZM), selaku General Manager PT OOWL Indonesia; dan MJE, selaku pemilik PT Cordelia Bara Utama."
https://www.cnnindonesia.com/internasional/20260916150430-113-1404634/harga-tiket-kereta-bawah-tanah-korut-mendadak-naik-3-kali-lipat,www.cnnindonesia.com,internasional,Harga Tiket Kereta Bawah Tanah Korut Mendadak Naik 3 Kali Lipat,2026-09-16 21:30,"Harga tiket kereta bawah tanah di ibu kotaKorea Utara(Korut), Pyongyang, dikabarkan naik nyaris tiga kali lipat. Sejumlah mahasiswa internasional yang mengenyam pendidikan di Universitas Kim Il Sung, institut paling bergengsi di Korea Utara, mengungkap kondisi tersebut di media sosial mereka.    Dalam unggahan di platform media sosial Xiaohongshu, yang juga dikenal sebagai RedNote, beberapa mahasiswa mengaku terkejut dengan kenaikan harga tiket kereta sekembalinya mereka dari China. Para mahasiswa pulang ke China untuk liburan musim panas dan kembali lagi ke Pyongyang setelah liburan selesai. ""Saya membayar 5.000 won (7 sen) di loket seperti biasa, tetapi saya hanya menerima sekitar 13 tiket, bukan sekitar 30 tiket seperti sebelumnya,"" tulis salah satu mahasiswa internasional, seperti dikutipRadio Free Asia(RFA). Berdasarkan keterangan para mahasiswa, tarif kereta bawah tanah di Pyongyang sebelumnya sebesar 150 won. Namun sekarang, harganya melonjak 2,7 kali lipat jadi senilai 400 won.  Kenaikan tarif merupakan hal tak biasa untuk kereta bawah tanah Pyongyang, di mana selama beberapa puluh tahun perjalanan kereta hanya seharga 5 won. Kenaikan signifikan pertama didokumentasikan pada 2024 oleh seorang Youtuber asal Rusia, Viktor, yang mengunjungi negara terisolasi tersebut pada November 2024. Dalam videonya, ia membeli tiket seharga 150 won.  Para ahli mengatakan kenaikan harga terbaru ini berkaitan erat dengan penurunan nilai won Korut akibat pencetakan uang besar-besaran oleh pemerintah guna mendanai proyek-proyek negara. Menurut peneliti senior di Institut Strategi Keamanan Nasional Korea, Lim Su Ho, nilai tukar won Korut terhadap dolar Amerika Serikat meroket sebesar 377 persen selama dua tahun sejak kuartal pertama 2024. Lim mengatakan penyebabnya ialah pemerintah mencetak uang dalam jumlah besar ketika mereka menaikkan upah mulai akhir tahun 2023, dan untuk mengamankan dana bagi proyek-proyek pembangunan nasional berskala besar. Meski kenaikan ini terlihat begitu signifikan, mahasiswa internasional lain mengaku tidak keberatan. Sebab nilai konversi won Korea Utara ke mata uang lain masih sangat rendah.  ""Tampaknya inflasi telah menaikkan harga beberapa kali lipat, tetapi jika dikonversi menggunakan nilai tukar, harganya sangat murah, jadi tidak berbeda dengan membayar hampir gratis sama sekali,"" tulisnya. Kendati begitu, kenaikan tajam ini tentu saja sangat terasa bagi warga Korea Utara."
https://www.cnnindonesia.com/internasional/20260916181720-134-1404739/trump-ancam-tutup-kennedy-center-jika-namanya-dihapus,www.cnnindonesia.com,internasional,Trump Ancam Tutup Kennedy Center jika Namanya Dihapus,2026-09-16 21:16,"PresidenAmerika SerikatDonald Trumpmengancam akan menutup Kennedy Center selamanya jika namanya dihapus dari gedung pusat seni tersebut. Trump menyampaikan ancaman itu pada Selasa (15/9), beberapa jam setelah hakim federal memutuskan bahwa namanya tidak boleh dipasang pada fasad atau bagian depan Kennedy Center di Washington. Trump mengatakan dewan direksi yang ia pilih sendiri telah memutuskan ""hampir secara bulat"" untuk menutup pusat seni tersebut. Penutupan dilakukan dengan alasan renovasi darurat.   Namun, Trump mengatakan renovasi ""sangat besar dan kompleks"" itu tidak akan dimulai sebelum pengadilan yang lebih tinggi memutuskan apakah Kennedy Center dapat menggunakan namanya.  ""Jika putusannya negatif-yang seharusnya tidak terjadi-dan tidak dibatalkan oleh Mahkamah Agung AS, rekonstruksi dan renovasi Kennedy Center tidak akan dilaksanakan,"" tulis Trump di media sosial Truth Social. Pihak Kennedy Center mengatakan keputusan dewan tersebut dibuat dengan mempertimbangkan keselamatan pengunjung dan pekerja. ""Keputusan dewan mencerminkan penilaian yang bijaksana dan prioritas yang jelas terhadap keselamatan di atas segalanya,"" kata Kennedy Center dalam pernyataan kepadaAFP. Trump mengambil alih kepemimpinan Kennedy Center tidak lama setelah memulai masa jabatan keduanya sebagai presiden. Ia menunjuk dirinya sendiri sebagai ketua lembaga tersebut.  Kennedy Center sebelumnya didirikan untuk menghormati mendiang Presiden John F Kennedy, politikus Partai Demokrat yang memperjuangkan hak-hak sipil sebelum dibunuh pada 1963. Pada Desember lalu, dewan pengurus memutuskan mengubah nama lembaga tersebut menjadi ""Trump-Kennedy Center"". Papan nama yang mencantumkan nama Trump kemudian dipasang di gedung tersebut. Namun, langkah itu mendapat gugatan. Hakim federal AS Christopher Cooper sebelumnya memerintahkan agar nama Trump dihapus dari bagian luar gedung dan membatalkan keputusan dewan untuk mengganti nama Kennedy Center.  Pada Selasa (15/9), Cooper kembali memutuskan bahwa nama Trump tidak boleh dipasang. Ia juga menegur Kennedy Center karena dianggap mencoba mengabaikan perintah pengadilan sebelumnya. ""Sederhananya,"" tulis Cooper dalam putusannya, dewan ""tidak dapat memasang monumen untuk Presiden Trump atau siapa pun atau apa pun di Kennedy Center tanpa persetujuan Kongres."" Trump dan para pemimpin Kennedy Center yang ditunjuknya menyebut kondisi gedung utama yang dibangun pada 1960-an itu sudah memburuk dan dapat membahayakan pengunjung. Trump menyoroti insiden ketika sebagian langit-langit gedung jatuh ke tanah setelah diterjang badai. ""Jika gedung itu dibuka, orang-orang tak bersalah pasti akan tewas,"" tulis Trump dalam unggahan di Truth Social sebelum putusan hakim. Bulan lalu, pemerintahan Trump juga memperingatkan bahwa Kennedy Center mungkin harus dibongkar jika rencana renovasi gedung tersebut tidak dapat dilaksanakan.  Sebelumnya pada Selasa (15/9), Trump bahkan menelepon rapat dewan dan memarahi seorang anggota Kongres dari Partai Demokrat yang menjadi anggota dewan. Anggota Kongres tersebut merupakan salah satu pihak yang mengajukan gugatan untuk menghalangi perubahan nama Kennedy Center, demikian laporan CNN. Pengambilalihan Kennedy Center menjadi salah satu upaya Trump untuk menanamkan namanya di berbagai proyek di ibu kota AS. Proyek lain yang dikaitkan dengan upaya tersebut antara lain pembangunan gapura kemenangan dan ruang serbaguna senilai US$500 juta di kompleks Gedung Putih. Para pekerja sebenarnya telah menghapus nama Trump dari gedung Kennedy Center pada Juni. Namun, perancah dan terpal masih terpasang hingga kini. Bulan lalu, dewan juga melanjutkan rencana pemasangan papan nama baru yang bertuliskan ""direnovasi dan dipulihkan oleh Presiden Donald J. Trump"". Cooper menilai rencana tersebut melanggar putusan pengadilan sebelumnya. Di tengah perselisihan tersebut, sejumlah seniman membatalkan konser mereka di Kennedy Center sebagai bentuk protes terhadap pengambilalihan lembaga tersebut oleh Trump. Media AS juga melaporkan penjualan tiket Kennedy Center mengalami penurunan."
https://www.cnnindonesia.com/internasional/20260916201743-113-1404779/china-buka-terusan-pinglu-gerbang-baru-perdagangan-ke-asia-tenggara,www.cnnindonesia.com,internasional,"China Buka Terusan Pinglu, Gerbang Baru Perdagangan ke Asia Tenggara",2026-09-16 21:16,"Chinaresmi membukaTerusan Pinglu(Pinglu Canal) di Daerah Otonomi Guangxi Zhuang untuk navigasi komersial pada Rabu (16/9). Jalur pelayaran ini bisa langsung terhubung dengan Asia Tenggara. Kanal ini merupakan proyek river-to-sea (sungai-ke-laut utama) pertama yang direncanakan sejak 1949. Terusan tersebut memiliki panjang 134,2 kilometer dan menghubungkan koridor Sungai Xijiang dengan Teluk Beibu. Terusan tersebut juga memangkas jarak pelayaran China barat daya dan laut lebih dari 560 kilometer. Media pemerintahChinaCGTN menggambarkan terusan ini sebagai ""gerbang baru untuk perdagangan China-ASEAN.""   Selama beberapa dekade, sebagian besar kargo dari wilayah barat daya China harus menempuh perjalanan ke arah timur sebelum mencapai laut melalui Guangdong dan daerah pesisir lainnya.  ""Terusan Pinglu menyediakan rute yang langsung ke Teluk Beibu, memungkinkan kapal hingga 5.000 ton untuk berlayar dari jaringan sungai pedalaman ke laut,"" demikian laporan media itu. Pihak berwenang setempat memperkirakan jalan pintas itu bisa mengurangi biaya logistik sebesar 18 persen hingga 30 persen, dan menghemat sekitar 5,2 miliar yuan (720 juta dolar AS) setiap tahun. Kanal tersebut juga mempermudah jalur maritim wilayah pedalaman seperti Chongqing, Chengdu, Guizhou, dan Yunnan untuk lebih langsung ke Asia Tenggara. ""Waktunya sangat penting. China dan ASEAN telah menjadi mitra dagang terbesar satu sama lain selama enam tahun berturut-turut,"" lanjut laporan tersebut.  Pada paruh pertama 2026, perdagangan China-Asia Tenggara mencapai 4,34 triliun yuan, naik 18,2 persen dibandingkan tahun sebelumnya. Terusan tersebut juga bisa memperluas ekonomi sekitar pelabuhan, memungkinkan barang-barang manufaktur untuk bergerak ke selatan menuju pasar ASEAN dan produk pertanian serta bahan mentah lain bergerak ke utara menuju perekonomian pedalaman China. Namun, menghubungkan perekonomian juga berarti membelah bentang alam. Bagi Terusan Pinglu, ini berarti merancang infrastruktur tak hanya untuk kapal, tapi juga untuk spesies dan ekosistem di sepanjang jalur."
https://www.cnnindonesia.com/internasional/20260916131502-134-1404563/pengadilan-as-blokir-aturan-trump-pangkas-durasi-visa-mahasiswa-asing,www.cnnindonesia.com,internasional,Pengadilan AS Blokir Aturan Trump Pangkas Durasi Visa Mahasiswa Asing,2026-09-16 20:16,"Hakim pengadilan federal di Massachusetts, F. Dennis Saylor, memblokir aturan Presiden Amerika Serikat (AS)Donald Trumpyang memangkas durasi tinggal mahasiswa hingga jurnalis asing di AS. Dalam putusan pada Senin (14/9), Saylor menyatakan Departemen Keamanan Dalam Negeri (Department of Homeland Security/DHS) telah mengadopsi kebijakan visa dengan alasan yang ""sangat lemah"". Kebijakan ini merujuk pada aturan DHS pada 17 Juli lalu yang membatasi visa pelajar dan akademisi maksimal empat tahun, dan jurnalis asing maksimal 240 hari.   Menurut Saylor, alasan pemerintahan Trump menerapkan kebijakan tersebut sangat sewenang-wenang sehingga tindakan tersebut melanggar hukum.  ""Kelamahan dan keterkaitan antara aturan tersebut dan alasan-alasan yang dikemukakannya menimbulkan pertanyaan yang sah mengenai apakah tujuan sebenarnya bukanlah untuk menjaga keamanan nasional dan melindungi perbatasan kita, melainkan untuk mencapai tujuan lain yang tidak diungkapkan, seperti misalnya menegaskan kendali pemerintah yang lebih besar atas lembaga-lembaga akademik dan pers,"" demikian isi putusan Saylor, seperti dikutipAnadolu Agency. Dalam aturan DHS, jurnalis asing wajib mengajukan perpanjangan visa, dan jika permohonan ditolak, mereka tidak memiliki jalan lain selain menerima keputusan tersebut. Jurnalis asing tidak diizinkan mengajukan banding. Sementara itu, masa tinggal bagi pelajar dan akademis juga tidak memperhitungkan kemungkinan lamanya program pendidikan atau penelitian yang dilakukan.  Aturan ini akan berdampak pada 1,6 juta orang dengan visa F yang mengejar gelar sarjana dan pascasarjana, dan 500 ribu orang dengan visa J yang mengikuti program pertukaran. DHS telah menanggapi putusan ini dengan menyatakan bahwa publik seharusnya berterima kasih kepada Trump ""karena telah menindak tegas penipuan yang merajalela untuk memastikan hanya mereka yang benar-benar berniat belajar di Amerika Serikat yang diberikan hak istimewa tersebut."" Meski begitu, DHS tidak menyinggung apakah akan mengajukan banding terhadap putusan ini. Dalam putusan Saylor, ia menegaskan tidak ada bukti bahwa para imigran di AS menipu dengan menyamar sebagai pelajar. Saylor justru menggarisbawahi risiko kerugian yang dialami AS jika memberlakukan peraturan tersebut. ""Kerusakan pada sistem pendidikan tinggi dan perekonomian Amerika Serikat kemungkinan akan sangat besar,"" kata Saylor. ""Pemerintah telah mengakui bahwa biaya kepatuhan saja kemungkinan akan mencapai lebih dari 250 juta dolar AS pada tahun pertama,"" lanjutnya. Sang Hakim juga menyoroti risiko AS dipandang kurang menarik bagi para pelajar terbaik dunia. ""Banyak perguruan tinggi dan universitas AS yang sudah berjuang imbas penurunan jumlah mahasiswa akibat perubahan demografis. Mereka juga akan menderita dampak ekonomi yang sangat besar (jika aturan diterapkan),"" kata Saylor."
https://www.cnnindonesia.com/internasional/20260916183357-106-1404743/tarif-listrik-malaysia-melonjak-pm-anwar-langsung-gelar-rapat-darurat,www.cnnindonesia.com,internasional,"Tarif Listrik Malaysia Melonjak, PM Anwar Langsung Gelar Rapat Darurat",2026-09-16 20:16,"Perdana MenteriAnwar Ibrahimmendadak gelar rapat darurat pada besok, Kamis (17/9) setelah tarif dasar listrik diMalaysiamelonjak. Anwar bakal menggelar rapat dengan Kementerian Transisi Energi dan Transformasi Air (PETRA), Komisi Energi (ST), Tenaga Nasional Berhad (TNB), dan Kementerian Keuangan.    ""Pemerintah MADANI besok akan mengadakan pertemuan khusus untuk mengkaji langkah-langkah mitigasi segera untuk mengurangi dampak kenaikan tagihan listrik terhadap isi rumah yang terkena dampak,"" kata dia di media sosial Instagram, Rabu Pemerintah, lanjut Anwar, memastikan setiap langkah penargetan subsidi dilaksanakan secara adil dan wajar, dengan selalu mengutamakan kepentingan dan kesejahteraan masyarakat. Anwar baru saja mengunjungi India untuk menghadiri konferensi tingkat tinggi BRICS dan ke Maladewa untuk kunjungan bilateral. ""Sepulang dari India dan Maladewa, perhatian saya terus tertuju pada kegelisahan masyarakat terhadap kenaikan tagihan listrik belakangan ini,"" kata Anwar ""Saya mendengar keluhan yang disuarakan dan masalah ini perlu ditangani dan diatasi segera,"" imbuh dia.  Lebih lanjut, PM Malaysia itu menegaskan upaya penargetan subsidi terus dipertahankan untuk melindungi sebagian besar masyarakat. Dia juga mengatakan sekitar 80 persen konsumen domestik yang menggunakan listrik tak melebihi 600 kilowatt-jam (kWh) per bulan tetap terlindungi dan tidak terpengaruh oleh kenaikan tarif menyusul kenaikan harga bahan bakar tahun ini.  Anwar juga menyoroti kebakaran hutan dan lahan menjadi salah satu pemicu warga meningkatkan konsumsi listrik. ""[Ini] menyebabkan konsumsi bulanan mereka melebihi 600 kWh dan karenanya tunduk pada Penyesuaian Biaya Bahan Bakar Otomatis (AFA),"" ungkap dia. Kenaikan harga listrik di Malaysia terjadi di tengah krisis bahan bakar imbas konflik di Timur Tengah.  Penyesuaian Biaya Bahan Bakar Otomatis (AFA) melaporkan mereka bukan penyebab listrik naik. Badan ini menggunakan mekanisme dua arah yang menyesuaikan biaya listrik sesuai dengan perubahan biaya bahan bakar dan nilai tukar mata uang asing. Saat harga bahan bakar turun, konsumen menerima potongan harga. Sedangkan saat BBM naik, konsumen akan dikenai biaya tambahan."
https://www.cnnindonesia.com/internasional/20260916174333-113-1404729/perdana-warga-usia-100-tahun-tembus-100-ribu-orang-di-negara-ini,www.cnnindonesia.com,internasional,"Perdana, Warga Usia 100 Tahun Tembus 100 Ribu Orang di Negara Ini",2026-09-16 19:16,"Jumlah warga berusia 100 tahun atau lebih diJepangmenembus hingga 100 ribu jiwa pertama kali dalam 56 tahun di tengah populasi yang menyusut. Kementerian Kesehatan melaporkan saat ini Jepang memiliki 107.677 orang yang berusia 100 tahun ke atas. Angka tersebut meningkat hampir 8.000 tahun lalu sekaligus menjadi populasi nasional berusia 100 tahun ke atas tertinggi di dunia.    Dari jumlah itu, 88 persen atau sekitar 94.298 perempuan. Perempuan berusia 114 tahun di Kyoto, Fuyo Kishimoto, jadi perempuan tertua di negara itu. Lalu yang laki-laki adalah Hikaru Kato berusia 112 tahun. Dia berasal dari Kumamoto. ""Saya sangat senang bahwa begitu banyak orang tetap aktif dan sehat dalam waktu yang lama,"" kata Menteri Kesehatan Kenichiro Ueno, dikutipThe Independent, Rabu (16/9). Kenichiro mengatakan kondisi tersebut mencerminkan kemajuan nyata dalam bidang kedokteran dan teknologi.  Namun, ia memperingatkan tentang tekanan yang ditimbulkan oleh tren pertumbuhan penduduk terhadap sistem jaminan sosial Jepang. Menurut Bank Dunia, Jepang secara konsisten termasuk di antara negara-negara dengan angka harapan hidup terpanjang. Rata-rata harapan hidup di sana mencapai 84 tahun pada 2024.  Saat Jepang memulai survei penduduk berusia 100 tahun ke atas pada 1963, tercatat 153 jiwa. Kemudian pada 1981, jumlah penduduk yang mencapai lebih 100 tahun melampaui 1.000 dan 10.000 pada 1998. Namun, studi-studi sebelumnya sudah menimbulkan keraguan soal keandalan sensus penduduk berusia 100 tahun ke atas secara global. Audit pemerintah Jepang terhadap catatan keluarga pada 2010 menemukan lebih dari 230.000 orang yang terdaftar berusia 100 tahun ke atas telah meninggal beberapa dekade sebelumnya atau tak bisa dipertanggungjawabkan. Ketidaksesuaian ini disebabkan pencatatan yang tak lengkap dan, dalam beberapa kasus, kecurigaan bahwa keluarga telah menyembunyikan kematian untuk terus mengklaim pensiun.  Jumlah penduduk yang berusia lebih dari 100 tahun ini juga muncul saat populasi keseluruhan di Jepang menurun. Institut Nasional Penelitian Kependudukan dan Jaminan Sosial melaporkan jumlah penduduk Jepang saat ini sekitar 23 juta dan diproyeksikan turun jadi 87 juta pada 2070."
https://www.cnnindonesia.com/internasional/20260916171910-106-1404710/eks-presiden-filipina-duterte-mendadak-lupa-ingatan-jelang-sidang-icc,www.cnnindonesia.com,internasional,Eks Presiden Filipina Duterte Mendadak Lupa Ingatan Jelang Sidang ICC,2026-09-16 18:16,"Mantan Presiden FilipinaRodrigo Dutertedisebut mengalami hilang ingatan parah, yang menyebabkan dia sampai-sampai terkadang lupa nama pengacaranya. Kondisi ini diungkapkan tim pembela yang sedang mempersiapkan kasus Duterte di sidang Mahkamah Pidana Internasional (International Criminal Court/ICC). DilansirAFP, Duterte yang kini berusia 81 tahun, menghadapi dakwaan kejahatan kemanusiaan terkait kebijakan ""perang melawan narkoba"" ketika dia menjabat sebagai presiden. Kebijakan itu menyebabkan ribuan orang tewas di luar hukum.   Sidang Duterte dijadwalkan mulai pada 30 November mendatang. Namun para hakim sedang mempertimbangkan apakah dia secara mental layak untuk diadili dan telah memerintahkan pemeriksaan medis oleh tiga orang ahli.  Menurut dokumen pembelaan setebal 13 halaman, Duterte disebut mengalami gangguan ingatan yang signifikan, yang menghambatnya untuk menyimpan informasi terkini dan mengingat kembali ingatan lama. ""Hal ini membuatnya tidak mungkin untuk terlibat dalam kasus ini, apalagi memberikan instruksi yang tepat kepada Ketua Tim Pembela, yang namanya saja terkadang ia lupa,"" kata Ketua Tim Pembela Peter Haynes.  Dalam dokumen pengajuannya, Haynes menyatakan gangguan ingatan tersebut membuat tim pengacaranya mustahil menyusun pembelaan karena mereka tak bisa mengandalkan keterangan yang disampaikan Duterte. Gangguan mental semacam itu juga akan memengaruhi potensi pembelaan di ruang sidang.  Namun para ahli tidak dapat memastikan apakah hasil pemeriksaan Duterte tersebut disebabkan oleh ""tindakan berpura-pura sakit (malingering) atau kurangnya motivasi atau ketidakmampuan yang nyata untuk menyelesaikan tes akibat kondisi neurologis yang mendasarinya. Pihak pembela mengutip sejumlah hasil pemeriksaan yang menurut mereka menunjukkan bahwa Duterte mengira dirinya hidup di tahun 2007 atau 2008, merasa berusia 84 atau 85 tahun, serta tidak dapat mengingat nama presiden Amerika Serikat saat ini. ""Sebagai contoh, jika ia tidak dapat mengingat kapan terakhir kali ia terpilih di Filipina, maka kesimpulan bahwa Duterte mampu memberikan kesaksian yang akurat untuk pembelaan dirinya sendiri tentu tidak masuk akal,"" ujarnya.  Sejak penangkapan dan pemindahannya ke Den Haag di Belanda, Duterte hanya terlihat satu kali dalam sidang perdana yang dilakukan lewat sambungan video. Dia tampak linglung dan bingung, begumam saat mengonfirmasi namanya, serta terlihat sempat tertidur selama sidang berlangsung. Sejak saat itu, tim pembela telah mengajukan permohonan agar Duterte diizinkan tidak hadir dalam sidang-sidang berikutnya karena alasan kesehatan. Duterte menghadapi tiga dakwaan dugaan kejahatan terhadap kemanusiaan. Jaksa menuduhnya terlibat dalam 76 kasus pembunuhan antara tahun 2013 dan 2018."
https://www.cnnindonesia.com/internasional/20260916170924-106-1404704/wni-jadi-yang-pertama-dipenjara-di-malaysia-gegara-buang-puntung-rokok,www.cnnindonesia.com,internasional,WNI Jadi yang Pertama Dipenjara di Malaysia Gegara Buang Puntung Rokok,2026-09-16 18:16,"Pria warga negara Indonesia (WNI) ini jadi orang pertama yang dipenjara diMalaysiakarena membuang puntung rokok sembarangan di ruang publik. WNI tersebut dipenjara karena tidak mampu membayar denda RM1.000 atau setara Rp4 juta akibat pelanggaran membuang puntung rokok sembarang. Direktur Perusahaan Pengelolaan Limbah Padat dan Pembersihan Umum (SWCorp) Johor Zainal Fitri Ahmad, mengatakan bahwa pekerja berusia 36 tahun tersebut dinyatakan bersalah atas pelanggaran di kawasan Stulang pada Februari lalu.    Ia menyebutkan bahwa pria itu mulai menjalani hukuman penjara selama satu bulan pada 28 Agustus setelah gagal melunasi denda sebesar RM1.000 yang dijatuhkan oleh pengadilan. Otoritas Malaysia sendiri tidak menyebut nama pria yang berstatus sebagai WNI tersebut. ""Pria tersebut akan menjalani perintah kerja sosial (CSO) selama enam jam setelah menyelesaikan masa hukuman penjaranya,"" ujarnya dalam konferensi pers usai meninjau pelaksanaan CSO Seri ke-50, dikutip dariFree Malaysia Today.  Zainal mengatakan hingga saat ini 107 kasus yang berujung pada hukuman kerja sosial telah diproses di pengadilan, melibatkan 59 warga negara Malaysia dan 48 warga negara asing. Sejumlah kasus itu menghasilkan total denda sebesar RM71.550, dengan durasi kerja sosial berkisar antara dua hingga 10 jam, Zainal melanjutkan pernyataannya.  Ia menyebutkan bahwa 3.358 operasi penegakan hukum telah dilaksanakan di Johor hingga saat ini dan menerbitkan 3.095 ""Surat Pemberitahuan Pelanggaran"". ""Hingga kini, 789 berkas penyelidikan juga telah diserahkan kepada wakil jaksa penuntut umum untuk tindakan lebih lanjut,"" katanya. Zainal menyatakan bahwa membuang sampah sembarangan di tempat umum merupakan pelanggaran berdasarkan Pasal 77A Undang-Undang Pengelolaan Limbah Padat dan Kebersihan Umum Tahun 2007 (UU 672).  Ia menambahkan, pelanggar dapat dikenai denda hingga RM2.000 atau diperintahkan menjalani kerja sosial hingga enam bulan. Sementara itu, kegagalan untuk mematuhi perintah tersebut dapat berujung pada tindakan lebih lanjut, termasuk denda maksimal sebesar RM10.000."
https://www.cnnindonesia.com/internasional/20260916153117-106-1404649/kemlu-ri-imbau-wni-di-saudi-waspada-hindari-kerumunan,www.cnnindonesia.com,internasional,Kemlu RI Imbau WNI di Saudi Waspada Hindari Kerumunan,2026-09-16 17:16,"Kementerian Luar Negeri Republik Indonesia (Kemlu RI) mengimbau warga negara Indonesia (WNI) diArab Saudiuntuk waspada menyusul serangan drone di selatan Kota Mekkah. Direktur Pelindungan WNI Kemlu RI, Heni Hamidah, mengatakan otoritas Saudi selama beberapa waktu terakhir mengeluarkan peringatan terkait potensi bahaya di sejumlah wilayah antara lain Mekkah, Jeddah, dan Taif. Salah satu peringatan tersebut dirilis pada Selasa (15/9), sehari setelah koalisi pimpinan Saudi melaporkan 13 warga sipil terluka dalam serangan rudal dan drone di Khamis Mushait, Abha, dan Taif.   ""Pada 15 September 2026, otoritas Arab Saudi mengeluarkan peringatan kepada masyarakat untuk tetap berada di dalam bangunan, menghindari area terbuka dan kerumunan, serta mengikuti informasi dan arahan yang disampaikan melalui kanal resmi,"" ujar Heni dalam keterangannya, Rabu (16/9).  Heni menyampaikan pasca peringatan dikeluarkan, Saudi Civil Defense kemudian mengabarkan bahwa situasi bahaya telah berakhir dan masyarakat dapat kembali beraktivitas seperti biasa dengan tetap memperhatikan arahan resmi dari otoritas setempat. ""Hingga saat ini, tidak terdapat laporan mengenai WNI yang terdampak,"" kata Heni. Perwakilan RI di Arab Saudi hingga kini terus memantau perkembangan situasi dan berkoordinasi dengan otoritas setempat. ""Serta mengimbau WNI untuk tetap waspada dan mengikuti instruksi resmi pemerintah Arab Saudi,"" kata Heni. ""Dalam kondisi darurat, WNI di Arab Saudi dapat menghubungi Hotline KBRI Riyadh: +966 569173990 dan Hotline KJRI Jeddah: +966 50 360 9667,"" lanjut Heni.  Sebelumnya, otoritas Saudi mengeluarkan peringatan darurat terhadap Kota Mekkah, Jeddah, dan Taif, serta meminta warga segera mencari tempat berlindung dan menjauhi area terbuka. Otoritas mengimbau warga berada di ruang aman hingga bahaya berlalu dan tidak berkerumun serta mengambil foto/video di lokasi sensitif. Pada Rabu (16/9) pagi, juru bicara pasukan koalisi Yaman pimpinan Saudi, Turki Al Maliki, kemudian melaporkan pihaknya telah menembak jatuh sebuah drone yang diyakini diluncurkan Houthi ke wilayah dekat Mekkah. Drone tersebut dicegat pada Selasa sekitar pukul 18.50 waktu setempat dan puing-puingnya jatuh di selatan Mekkah.  Al Maliki berujar insiden ini merupakan upaya kedua Houthi menargetkan Mekkah, setelah upaya pertama dilakukan pada 27 Juli 2017. Al Maliki menegaskan keamanan Dua Masjid Suci dan para jemaah adalah ""garis merah"". Pihaknya pun bersumpah akan mengambil sejumlah langkah guna mencegah serangan lebih lanjut. Organisasi Kerja Sama Islam (OKI) sementara itu mengecam keras peluncuran drone ke kota suci Mekkah. OKI menyebut peluncuran tersebut melanggar kesucian Mekkah dan Madinah serta memancing sentimen umat Islam di seluruh dunia. ""Sekretariat Jenderal Organisasi Kerja Sama Islam mengecam serangan keji yang dilakukan oleh kelompok Houthi terhadap kota Mekkah dan wilayah Madinah, serta agresi berkelanjutan mereka terhadap Kerajaan Arab Saudi,"" demikian pernyataan OKI."
https://www.cnnindonesia.com/internasional/20260916160950-120-1404684/iran-tembak-jatuh-lagi-drone-canggih-as,www.cnnindonesia.com,internasional,Iran Tembak Jatuh Lagi Drone Canggih AS,2026-09-16 17:16,"Korps Garda Revolusi IslamIran(IRGC) menyatakan telah menembak jatuh drone canggihAmerika Serikat, MQ-9 di atas Pulau Qeshm, Selat Hormuz, pada Rabu (16/9) dini hari. Dalam pernyataan resmi, IRGC mengatakan sistem pertahanan udara Iran mendeteksi drone MQ-9 pada puku 02.29 dan berhasil menembak jatuh pesawat tak berawak ini, demikian dikutipAnadolu Agency.    Mereka menekankan drone yang ditembak jatuh adalah drone ke-52. Militer AS tak segera memberi komentar terkait klaim IRGC. Di hari sebelumnya, IRGC menembak jatuh tiga drone MQ di atas Selat Hormuz dan daerah sekitarnya. Penembakan drone ini terjadi saat AS terus menggempur Iran dalam beberapa waktu terakhir.  AS dan sekutu dekatnya Israel menyerang habis-habisan Iran pada akhir Februari. Imbas operasi itu, pemimpin tertinggi hingga pejabat top pertahanan Teheran tewas. Iran bergegas meluncurkan pembalasan termasuk menutup Selat Hormuz untuk menekan kedua negara musuhnya.  AS dan Iran sempat gencatan senjata pada April dan terus diperpanjang tanpa batas waktu. Kedua negara juga sudah menandatangani nota kesepahaman (MoU) untuk mengakhiri perang pada Juni. Namun di tengah periode April-Juni, AS melakukan pelanggaran dengan terus menggempur Iran."
https://www.cnnindonesia.com/ekonomi/20260916210936-92-1404792/purbaya-pamer-momen-kasih-makan-ikan-di-kolam-usai-kena-reshuffle,www.cnnindonesia.com,ekonomi,Purbaya Pamer Momen Kasih Makan Ikan di Kolam Usai Kena Reshuffle,2026-09-16 21:41,"Purbaya Yudhi Sadewamembagikan momen santai di kolam ikan miliknya usai dicopot Presiden Prabowo Subianto sebagai Menteri Keuangan (Menkeu). Lewat akun TikTok pribadinya, Purbaya bahkan mengajak pengikutnya di media sosial dan netizen untuk ikut memancing bersama. ""Ngasih makan ikan. Sebelum mancing. Siapa yang mau ikut mancing bareng?,"" tulis Purbaya.    Dalam video, Purbaya memamerkan ia memiliki ikan mujaer hingga nila berukuran besar. ""Ikan nya besar-besar, ada ikan mujaer, ikan nila. Bakal strike ini. Siap-siap ya Guys,"" tambah Purbaya. Purbaya memang aktif di media sosial. Sebelum dicopot Prabowo, Purbaya juga sempat mengunggah video singkat di akun TikTok pribadinya. Dalam video tersebut, ia terlihat mengenakan pakaian formal berupa jas sembari mengikuti tren Spiderman. Purbaya memperagakan sejumlah gerakan ala Spiderman yang kemudian diedit menggunakan template aplikasi Capcut. Video tersebut diberi keterangan, ""iseng-iseng join trend spiderman"". Presiden Prabowo mencopot Purbaya dari jabatan Menteri Keuangan pada Senin (14/9) dan menunjuk Wakil Menteri Keuangan Suahasil Nazara sebagai penggantinya."
https://www.cnnindonesia.com/ekonomi/20260916210632-625-1404790/nasabah-pnm-mekaar-sulap-sampah-pasar-jadi-usaha-beromzet-jutaan,www.cnnindonesia.com,ekonomi,Nasabah PNM Mekaar Sulap Sampah Pasar Jadi Usaha Beromzet Jutaan,2026-09-16 21:17,"Pandemi Covid-19 memaksa Zulhaida Sitanggang mengubah jalan hidupnya. Pemotongan upah mengajar membuat perempuan yang berprofesi sebagai guru itu akhirnya berhenti mengajar dan mencari sumber penghasilan baru dari rumah. Namun, jalan yangditempuh tidak langsung mulus. Usaha berjualan tanaman secara daring yang lebih dulu ia rintis layu sebelum sempat berkembang. Titik balik justru datang dari tempat tak terduga, sebuah komunitas alumni yang mengumpulkan barang bekas untuk disalurkan sebagai bantuan bagi warga terdampak pandemi.   Dari tumpukan gelas dan piring retak yang sudah tak lagi bisa dijual, Zulhaida melihat peluang yang luput dari mata orang lain. Ia menghiasnya dengan tali dari kain bekas, lalu menjualnya secara daring dengan sebagian hasil disumbangkan kembali untuk kegiatan amal. Dua buah gelas hias pertamanya langsung terjual seharga seratus ribu rupiah, awal kecil yang menyalakan rasa ingin tahunya pada bahan-bahan lain. Hal itu membawanya pada rangkaian bunga berbahan kulit jagung yang ia lihat saat berkunjung ke rumah saudara. Zulhaida belajar secara otodidak lewat video tutorial, sembari mengolah kulit jagung bekas yang ia ambil sendiri dari tempat sampah pasar tradisional. Percobaan pertamanya jauh dari sempurna, namun satu unggahan di media sosial cukup menarik minat pembeli dan membuka jalan bagi usahanya. Perhatian seorang perajin senior menjadi titik penting berikutnya. Ia membimbing Zulhaida memperbaiki teknik pengolahan agar hasil kerajinan lebih tahan lama dan tidak mudah berjamur. Usaha yang kemudian diberi nama Aida Craft itu mulai dikenal lewat undangan pernikahan dan ulang tahun, tempat Zulhaida membagikan rangkaian bunganya sebagai hadiah sekaligus ajang promosi, hingga akhirnya diliput sejumlah media lokal. Zulhaida sempat nyaris menyerah ketika karyanya diremehkan di sejumlah pameran dan menerima cibiran karena berjualan hasil olahan sampah, meski ia berlatar belakang sarjana dan mantan guru. Ketekunan itu justru mengantarkannya masuk ke jaringan Asosiasi Eksportir Handicraft Indonesia, mengikuti program pembinaan UMKM selama tiga bulan, hingga meraih sertifikasi BNSP sebagai pelatih kerajinan tangan. Modal untuk mengembangkan usaha ini kemudian mendapat sokongan dari pembiayaan PNM Mekaar, yang ia kenal dari ajakan tetangga dan resmi digelutinya sejak 2024. Dari data mitra binaan, usaha kerajinan tangan Zulhaida kini mampu membuka lapangan kerja untuk dua orang karyawan, sementara omzet bulanannya sempat menyentuh Rp5.000.000, jauh melampaui penjualan pertamanya yang hanya bernilai Rp100.000. Dukungan itu, menurut Zulhaida, tidak berhenti di angka pembiayaan. Modal awal dari PNM Mekaar sempat ia pakai untuk membeli kebutuhan produksi paling dasar seperti pot dan lem, saat usahanya belum punya apa-apa selain kegigihan dan tumpukan kulit jagung bekas. Dari titik itu, rangkaian program pemberdayaan PNM ikut membentuk perjalanan Aida Craft selangkah demi selangkah, mulai dari pendampingan lewat Mba Maya, penguatan jejaring usaha melalui program Klasterisasi, hingga pembekalan kewirausahaan lanjutan lewat Mekaarpreneur. Tidak hanya itu, PNM juga rutin melibatkan Zulhaida sebagai pemateri dalam kegiatan Pengembangan Kapasitas Usaha (PKU) bagi sesama nasabah, membawanya berkeliling dari kelurahan di sekitar Johor hingga daerah yang lebih jauh seperti Berastagi dan Binjai untuk berbagi keterampilan yang sama yang dulu ia pelajari sendirian dari tumpukan sampah. ""Bersama PNM Mekaar, saya belajar mengembangkan usaha, menambah penghasilan, dan memberi yang terbaik untuk keluarga. Semangat terus untuk semua perempuan hebat di luar sana,"" ujar Zulhaida. Pemimpin Cabang Medan, Muhammad Wazir, membenarkan peran aktif Zulhaida di lingkungan PNM. Ia menyebut Zulhaida kerap diminta menjadi pemateri dalam kegiatan Pengembangan Kapasitas Usaha (PKU) bagi sesama nasabah di wilayah binaannya. ""Bu Aida sering kita ajak untuk jadi pemateri untuk kegiatan PKU buat nasabah lainnya,"" ujar Muhammad Wazir. ""Kisah Ibu Zulhaida adalah contoh nyata bagaimana pembiayaan dari PNM bukan sekadar bantuan modal, tapi pintu masuk bagi perempuan Indonesia untuk bangkit dan mandiri secara ekonomi. PNM hadir bukan hanya untuk membiayai, tapi mendampingi hingga nasabah seperti Ibu Zulhaida bisa berbalik menjadi pemberdaya bagi sesama nasabah lainnya. Inilah semangat yang terus kami bawa, tumbuh bersama, berdaya bersama,"" ujar Kindaris, Direktur Utama PT Permodalan Nasional Madani (Persero). Jangkauan Zulhaida sebagai pemberdaya bahkan meluas hingga ke luar jaringan PNM. Permintaan sebuah program pemberdayaan di kawasan pesisir yang tak memiliki kulit jagung membawanya merambah bahan baku baru berupa limbah plastik, langkah yang membuatnya dikenal Ikatan Pemulung Indonesia dan mengantarkannya melatih 175 ibu-ibu se-Kota Medan, hingga diundang Bank Indonesia mempelajari langsung pengolahan limbah di Bali. ""Tidak ada yang mustahil ketika kita berusaha dan berdoa. Saya memulai dari sampah, tapi saya tidak pernah merasa hidup saya sampah justru penuh berkah,"" kata Zulhaida. Perjalanan itu kini bermuara pada langkah baru. Di rumahnya yang juga berfungsi sebagai ruang pelatihan, Zulhaida tengah menyiapkan program kursus kerajinan bagi siapa saja yang ingin belajar, termasuk mereka yang tidak mampu membayar penuh, keberlanjutan dari perjalanan yang ia mulai dari keterbatasan di masa pandemi."
https://www.cnnindonesia.com/ekonomi/20260916172215-92-1404711/menpan-rb-bakal-temui-menkeu-baru-bahas-gaji-pns-pindah-ke-himbara,www.cnnindonesia.com,ekonomi,MenPAN RB Bakal Temui Menkeu Baru Bahas Gaji PNS Pindah ke Himbara,2026-09-16 21:17,"Menteri Pendayagunaan Aparatur Negara dan Reformasi Birokrasi (PAN RB) Rini Widyantini menyampaikan akan menemui Menteri Keuangan yang baru Suahasil Nazara terkait wacanagajiAparatur Sipil Negara (ASN) Pemerintah Daerah (Pemda) dipindah dari Bank Pembangunan Daerah (BPD) ke Himpunan Bank Negara (Himbara) Hal itu Rini sampaikan saat ditanya apakah sudah berkoordinasi soal wacana pengalihan gaji ASN dari BPD ke Himbara. ""Belum, saya juga belum bicara. Nanti saya akan bicara dengan Menteri Keuangan yang baru, ya,"" jawab Rini saat ditemui di kantor Kementerian Investasi dan Hilirisasi Jakarta Selatan, Rabu (16/9).   Rini menegaskan keputusan pemindahanpayrollASN Pemda dari BPD ke Himbara merupakan kebijakan Kementerian Keuangan, bukan KemenPAN RB.  ""Kalau urusan itunya kan kebijakan untuk itu sudah ke Kementerian Keuangan, bukan di kita,"" terangnya. Wacana gaji ASN pindah ke Himbara turut memunculkan kekhawatiran dari Serikat Pekerja Bank Pembangunan Daerah Seluruh Indonesia (SPBPDSI).   SPBPDSI mengungkapkan kebijakan peralihan penyaluran gaji (payroll) ASN atau PNS dan Pegawai Pemerintah dengan Perjanjian Kerja (PPPK) dari BPD Himbara bakal berdampak terhadap nasib pegawai BPD. Perwakilan SPBPDSI Sigit menyebut kebijakan itu membuat ratusan ribu pegawai BPD di seluruh Indonesia terancam kena Pemutusan Hubungan Kerja (PHK) massal. Sigit menjelaskan perpindahanpayrollPNS ke bank BUMN tersebut akan memicu efek berantai yang langsung menghantam tiga pilar utama, yakni tenaga kerja, bisnis bank, dan perekonomian daerah. Dari sisi likuiditas, dana murah atauCurrent Account Saving Account(CASA) milik BPD juga akan merosot tajam. ""JikapayrollASN ini pindah dari BPD ke Himbara, maka otomatis dana CASA dari BPD ini akan berkurang cukup signifikan. Dengan berkurangnya dana CASA yang cukup signifikan ini, likuiditas dari BPD otomatis akan menurun,"" ujar Sigit dalam Rapat Dengar Pendapat Umum dengan Badan Aspirasi Masyarakat DPR RI, Kamis (3/9).  Menurutnya, jika selama ini BPD mengandalkan tabungan dan giro gaji pegawai dengan bunga rendah, mereka nantinya harus beralih ke dana mahal, seperti deposito yang otomatis mendongkrak biaya dana ataucost of fund. Selain itu, Sigit menyoroti sektor penyaluran kredit, baik untuk UMKM maupun kredit konsumtif ASN, terancam macet. Risiko peningkatan kredit bermasalah atau Non-Performing Loan (NPL) yang cukup fatal akibat pemindahan penyaluran payroll tersebut. ""Karena perpindahan gaji ASN, entah itu P3K, entah itu nanti PNS, itu otomatis penagihan atau pembayaran angsuran akan cukup sulit, gitu, karena gaji yang selama ini dipotong oleh BPD akan berpindah ke Himbara,"" tambahnya."
https://www.cnnindonesia.com/ekonomi/20260916202508-532-1404782/suahasil-bicara-peluang-batalkan-perombakan-pejabat-kemenkeu-purbaya,www.cnnindonesia.com,ekonomi,Suahasil Bicara Peluang Batalkan Perombakan Pejabat Kemenkeu Purbaya,2026-09-16 21:17,"Menteri Keuangan (Menkeu)Suahasil Nazarabuka suara soal peluang perombakan pejabat di lingkungan Direktorat Jenderal Pajak (DJP) dan Direktorat Jenderal Bea dan Cukai (DJBC) yang dilakukan oleh eks menkeuPurbayaYudhi Sadewa dibatalkan. Suahasil mengatakan masih mempelajari proses dan keputusan yang telah dilakukan sebelumnya, termasuk pelantikan sejumlah pejabat. Ia juga menunggu masukan dari seluruh unit eselon I Kemenkeu sebelum menentukan langkah selanjutnya. ""Kita mendiskusikan ya, melihat proses maupun yang sedang terjadi, yang sudah terjadi, proses maupun aktivitas dari yang sudah terjadi,"" ujar Suahasil di Kompleks Istana Kepresidenan, Jakarta Pusat, Rabu (16/9).   Menurut Suahasil, penunjukan pejabat di Kemenkeu melibatkan sejumlah tahapan dan dilakukan secara lintas unit. Hal itu diperlukan karena terdapat posisi yang membutuhkan koordinasi antarunit eselon I.  ""Ini saya masih sekarang mencoba menunggu dari teman-teman seluruh unit eselon I. Karena kan yang namanya penunjukan pejabat itu ada jenjang-jenjangnya dan kemudian juga dilakukan secara bersama-sama oleh seluruh unit,"" katanya. Ia mengatakan evaluasi tersebut diperlukan untuk memastikan susunan pejabat di Kemenkeu dapat memperkuat koordinasi dan sinergi antarunit. ""Karena kadang-kadang kita memerlukan struktur pejabat yang sifatnya itu lintas unit eselon I karena itu memperkuat sinergi, memperkuat koordinasi. Jadi ini yang kita sedang pastikan, dan akan kita pastikan bahwa sinergi dari Kementerian Keuangan itu terjadi dengan baik,"" imbuh Suahasil. Suahasil belum memastikan pembatalan perombakan tersebut. Ia mengatakan Kemenkeu masih akan melihat keseluruhan proses yang telah dilakukan, termasuk pelantikan yang berlangsung secara hybrid pada pekan lalu.  ""Kita nanti melihat dulu ya, apa yang sudah dilakukan kemarin. Karena kan kalau seperti pelantikan itu ada juga pelantikan yang hybrid. Nah, ada yang waktu itu datang. Sehingga ini nanti jadi kombinasi yang keseluruhan,"" katanya. Sebelumnya, Direktur Jenderal Pajak Bimo Wijayanto mengusulkan agar mutasi pegawai yang dilakukan beberapa waktu lalu dibatalkan. Usulan tersebut muncul setelah ditemukan sejumlah nama yang menurut Bimo tidak mengikuti prosesassessmentdantalent management. ""Itu kan usulan kita, rotasi, cuma memang ada beberapa yang nama-nama ajaib yang tidak ikut proses assessment, talent management, kemudian itu yang membuat saya dan Dirjen Bea Cukai (Djaka Budi Utama) meminta untuk ditunda dahulu, dibatalkan,"" ujar Bimo di kantornya, Rabu (16/9), melansirCNBC Indonesia. Perombakan tersebut dilakukan pada 10 September 2026 ketika Purbaya masih menjabat bendahara negara. Perubahan posisi terjadi pada ratusan pegawai, dengan perombakan terbesar berada di DJP dan DJBC.  Beberapa hari kemudian, Presiden Prabowo Subianto mencopot Purbaya dari posisi menkeu dan menunjuk Suahasil sebagai penggantinya. Bimo menilai perombakan sebelumnya menimbulkan kegaduhan internal karena terdapat pegawai yang masuk dalam rotasi tanpa mengikuti tahapan yang selama ini digunakan dalam manajemen talenta. ""Karena sinyalnya enggak bagus bagi pasukan yang lain, yang sudah ikut susah payah, ikut assessment, ikut ujian, ikut talent management,"" tegas Bimo. Usulan pembatalan tersebut kemudian disampaikan kepada Suahasil. Bimo mengatakan dirinya mendapat sinyal positif dari menkeu baru tersebut terkait penerapan talent management dan reformasi birokrasi. ""Iya, Pak Suahasil menegaskan komitmennya untuk melaksanakan talent management, melaksanakan birokrasi reform dengan sebaik-baiknya,"" pungkas Bimo."
https://www.cnnindonesia.com/ekonomi/20260916194320-92-1404773/bgn-tutup-sementara-1276-dapur-mbg-tak-laik-higiene,www.cnnindonesia.com,ekonomi,BGN Tutup Sementara 1.276 Dapur MBG Tak Laik Higiene,2026-09-16 20:17,"Badan Gizi Nasional (BGN) menghentikan sementara operasional 1.276 Satuan Pelayanan Pemenuhan Gizi (SPPG) atau dapur program Makan Bergizi Gratis (MBG) yang belum memenuhi persyaratan Sertifikat Laik Higiene Sanitasi (SLHS). Penghentian sementara dilakukan berdasarkan hasil pemantauan dan pengawasan Kedeputian Pemantauan dan Pengawasan BGN terhadap pemenuhan persyaratan higiene dan sanitasi SPPG. Deputi Pemantauan dan Pengawasan BGN Ketut Sumedana mengatakan penghentian dilakukan karena standar kebersihan dan sanitasi menjadi salah satu persyaratan dalam penyediaan makanan untuk penerima manfaat MBG.   ""Kesehatan dan keselamatan penerima manfaat adalah prioritas utama. Kami tidak akan berkompromi terhadap standar kebersihan dan sanitasi. SLHS bukan sekadar persyaratan administratif, tetapi bagian penting untuk memastikan proses penyediaan makanan memenuhi standar higiene dan sanitasi,"" ujar Ketut dalam keterangan resmi, Rabu (16/9).  Dari 1.276 SPPG yang kenasuspend, sebanyak 821 SPPG masih dalam proses pendaftaran SLHS. Kemudian, 447 SPPG sudah melakukan pendaftaran tetapi tidak memenuhi syarat dan kelayakan, sementara delapan SPPG belum terkonfirmasi status SLHS-nya. Berdasarkan wilayah, SPPG yang dihentikan sementara terdiri atas 239 SPPG di wilayah I (Sumatera), 927 SPPG di wilayah II (Jawa), dan 110 SPPG di wilayah III atau wilayah di luar Sumatera dan Jawa. Selain menghentikan sementara 1.276 SPPG, BGN juga mengusulkan penutupan permanen terhadap 654 SPPG yang masuk kategori kritis apabila tidak memenuhi ketentuan dalam waktu tujuh hari ke depan. Dari 654 SPPG tersebut, sebanyak 447 SPPG telah mendaftarkan SLHS tetapi terbukti tidak memenuhi syarat dan kelayakan. Kemudian, 199 SPPG belum melakukan pendaftaran SLHS dan delapan SPPG belum mengonfirmasi status pendaftarannya. BGN juga akan melakukan pemeriksaan langsung ke dapur-dapur SPPG untuk memastikan standar operasional prosedur (SOP) berjalan sesuai ketentuan.  ""Kami juga akan melakukan pengecekan langsung (on the spot) mengenai kelayakan dan standar dapur SPPG di seluruh Indonesia. Inspeksi ini bertujuan murni untuk memastikan kelayakan, kebersihan, serta penerapan SOP dilaksanakan dengan benar tanpa toleransi kesalahan,"" ujar Ketut. Meski sejumlah dapur dihentikan sementara, BGN menyatakan layanan pemenuhan gizi bagi masyarakat tetap berjalan. BGN menyiapkan mekanisme pengalihan sementara layanan dari SPPG yang di-suspendkepada SPPG terdekat yang telah memiliki SLHS dan mempunyai kapasitas yang memadai. BGN juga menyebut statussuspendbukan penghentian permanen. SPPG yang dihentikan sementara dapat kembali beroperasi setelah memiliki SLHS dan memenuhi mekanisme yang berlaku. ""Penghentian sementara ini merupakan bagian dari proses mitigasi risiko dan pembinaan. Kami berkoordinasi dengan pemerintah daerah serta Dinas Kesehatan setempat untuk memfasilitasi pemenuhan standar bagi SPPG yang masih memiliki itikad untuk beroperasi sesuai ketentuan. Setelah seluruh persyaratan terpenuhi, operasional dapat dilanjutkan sesuai mekanisme yang berlaku,"" pungkas Ketut."
https://www.cnnindonesia.com/ekonomi/20260916191346-92-1404765/diresmikan-prabowo-berapa-tarif-lrt-jakarta-kelapa-gading-manggarai,www.cnnindonesia.com,ekonomi,"Diresmikan Prabowo, Berapa Tarif LRT Jakarta Kelapa Gading-Manggarai?",2026-09-16 20:17,"PresidenPrabowo Subiantomeresmikan Light Rail Transit(LRT) Jakartadengan Rute Kelapa Gading (KPG) - Manggarai (MGI) pada Rabu (16/9). Lantas berapa tarifnya? Gubernur DKI Jakarta Pramono Anung mengungkapkan pada delapan hari pertama setelah diresmikan (16-23 September 2026) pihaknya menetapkan tarif promo Rp8.   Pramono mengatakan tarif promo tersebut berlaku bagi seluruh warga Jakarta sebagai bagian dari masa sosialisasi layanan LRT rute baru.  ""Selama 8 hari kami akan membebaskan bagi seluruh warga Jakarta yang akan menggunakan mulai sekarang. Setelah diresmikan Bapak Presiden, nanti akan beroperasi sepenuhnya selama 8 hari tarifnya Rp8 ya,"" ujar Pramono saat peresmian LRT Kelapa Gading-Manggarai di Stasiun LRT Manggarai, Rabu (16/9). Ia berharap masyarakat dapat memanfaatkan tarif tersebut untuk mencoba layanan sekaligus merasakan kenyamanan perjalanan menggunakan LRT. Setelah masa promo usai, tarif flat Rp5.000 per perjalanan berlaku. Pada hari pertama pemberlakuan tarif, 16 September, jam operasional yang berlaku yaitu 15.00-20.00 WIB, mulai 17 September dan seterusnya jam operasional yang berlaku yaitu 05.30-20.00 WIB.  Sementara itu, untuk rute Kelapa Gading-Velodrome tetap beroperasi hingga pukul 23.00 WIB. Jadwal keberangkatan antar kereta berjarak 15 menit. Terdapat 11 stasiun yang menjadi rute LRT. Rute tersebut mencakup Kelapa Gading, Boulevard Utara Summarecon Mall, Boulevard Selatan, Pulomas, Equestrian, Velodrome, Rawamangun, Pramuka, Matraman, Proklamasi, Manggarai. Metode pembayaran yang dapat di gunakan beragam, mulai dari kartu uang elektronik hingga aplikasi uang elektronik. Untuk pembayaran melalui kartu uang elektronik, penumpang dapat menggunakan Bank Mandiri e-money, kartu transportasi JakLingko, Bank DKI- Jacard, BCA-Flazz, BRI-Brizzi, BNI-TapCash dan kartu multitrip.  Sedangkan untuk pembayaran melalui aplikasi uang elektronik, penumpang dapat menggunakan JakLingko Apps, LinkAja, dan Qris Tap. Selain LRT, Pramono menyebut Pemprov DKI Jakarta juga telah memberikan layanan transportasi publik gratis untuk sejumlah moda, yakni MRT, Transjakarta, Transjabodetabek, dan JakLingko. Fasilitas gratis tersebut diberikan kepada 15 golongan masyarakat sesuai kriteria yang telah ditetapkan."
https://www.cnnindonesia.com/ekonomi/20260916185734-297-1404750/keamanan-vault-standar-global-pegadaian-raih-sertifikat-iso-90012015,www.cnnindonesia.com,ekonomi,"Keamanan Vault Standar Global, Pegadaian Raih Sertifikat ISO 9001:2015",2026-09-16 19:17,"PT Pegadaian (Persero) resmi menerima Sertifikasi Sistem Manajemen Mutu ISO 9001:2015 untuk Layanan Kustodi (Custody Services) di Pegadaian Tower, Jumat (21/08). Penyerahan sertifikasi turut menegaskan komitmen Pegadaian dalam mengimplementasikan tata kelola fasilitas penyimpanan emas (vault) yang terpercaya, transparan, dan berdaya saing global. Sertifikasi berstandar internasional ini diterbitkan oleh lembaga sertifikasi global QSCert dengan akreditasi resmi dari International Accreditation Forum (IAF) dan Slovak National Accreditation Service (SNAS) dengan Nomor Sertifikat: Q-13543/26. Direktur Pemasaran, Penjualan dan Pengembangan Produk PT Pegadaian (Persero), Selfie Dewiyanti menyampaikan bahwa pencapaian ini menjadi wujud nyata Pegadaian dalam memberikan garansi perlindungan hukum dan standar pelayanan tertinggi bagi nasabah perorangan, pelaku industri, hingga institusi korporasi yang mempercayakan penyimpanan aset emasnya. Keandalan infrastruktur fisik gedung dan teknologi terintegrasi yang dimiliki Pegadaian kini terbukti setara dengan standar kustodi bullion kelas dunia. Selfie menilai, perolehan Sertifikasi ISO 9001:2015 untuk Layanan Kustodi ini merupakan tonggak sejarah penting bagi Pegadaian dalam memperkuat kepercayaan nasabah dan pelaku industri bullion. ""Melalui standarisasi mutu internasional ini, kami memastikan seluruh proses pengelolaan dan penyimpanan emas di fasilitas vault Pegadaian berjalan dengan tingkat presisi tinggi, terukur, dan terkendali dari celah kelalaian operasional,"" kata Selfie. Keberhasilan ini diraih setelah melalui serangkaian audit independen yang ketat dengan No. Laporan Audit: C-01/R-QMS/VIII/2026), mencakup penyelarasan Standar Operasional Prosedur (SOP), penguatan teknologi sistem pengamanan modern, hingga peningkatan kompetensi Sumber Daya Manusia (SDM) yang tersertifikasi secara profesional. Sertifikasi ISO 9001:2015 mencakup ruang lingkup operasional Layanan Kustodi secara menyeluruh dan end-to-end. Seluruh alur proses, mulai dari verifikasi penerimaan, pengujian kemurnian kadar emas, pengadministrasian, penyimpanan di dalam vault, pengamanan fisik dan sistem, hingga proses penyerahan kembali aset emas, dikendalikan secara ketat untuk meminimalkan potensi risiko kehilangan, kerusakan, maupun penyimpangan operasional. Sebagai pionir Bullion Bank di Indonesia, langkah strategis ini semakin memperkokoh posisi kepemimpinan Pegadaian dalam menyediakan ekosistem emas dengan produk terlengkap di Tanah Air. Ketersediaan fasilitas kustodi yang terakreditasi global ini memperkuat komitmen Pegadaian dalam memfasilitasi kebutuhan pasar keuangan berbasis emas. Melalui Layanan Kustodi Pegadaian, pelaku industri dan korporasi kini dapat mengoptimalkan tata kelola penyimpanan aset emas fisik bernilai tinggi dengan jaminan keamanan berlapis dan standar mutu yang teruji."
https://www.cnnindonesia.com/ekonomi/20260916180637-85-1404737/bahlil-soal-antrean-spbu-di-sulsel-ada-pihak-dengan-maksud-lain,www.cnnindonesia.com,ekonomi,Bahlil soal Antrean SPBU di Sulsel: Ada Pihak dengan Maksud Lain,2026-09-16 19:17,"Menteri Energi dan Sumber Daya Mineral (ESDM)Bahlil Lahadaliamengungkap penyebab terjadinya antrean panjang kendaraan di sejumlah Stasiun Pengisian Bahan Bakar Umum (SPBU) di wilayahSulawesi Selatan(Sulsel), termasuk Makassar. Bahlil menjelaskan fenomena antrean panjang tersebut disebabkan oleh berbagai faktor. ""Kemudian yang terjadi di Sulawesi Selatan kemarin, itu memang terjadi antrean panjang karena banyak faktor,"" ujar Bahlil ketika ditemui di Kompleks Parlemen, Senayan, Jakarta, Rabu (16/9).   Ketersediaan stok BBM sebenarnya mumpuni. Saat ini, cadangan stok nasional berada dalam batas aman dan sanggup mencukupi kebutuhan hingga 18 sampai 20 hari ke depan.  Namun, Bahlil mengungkap ada ulah oknum dengan maksud tertentu yang membuat antrean di SPBU mengular hingga beberapa kilometer. ""Salah satu di antaranya adalah ada memang pihak-pihak antre di pompa bensin hanya untuk, ya ada maksud lain lah kira-kira begitu, dan alat buktinya kan sudah banyak ya,"" ujar Bahlil. Ditemui di tempat sama, Direktur Jenderal Minyak dan Gas Bumi Kementerian ESDM Laode Sulaeman menjelaskan mengenai ""maksud tertentu"" yang disinggung Bahlil. Pihak-pihak itu disebut secara sengaja memperbesar kapasitas tangki bahan bakar kendaraannya agar bisa menampung BBM subsidi melebihi batas wajar.  ""Ya dia ngisi, tapi tangkinya diperbesar. Contohnya tangkinya ditambah yang harusnya kapasitasnya X, ditambah X plus 50 persen. X plus 75 persen,"" ujar Laode. Terkini, PT Pertamina Patra Niaga menyebut antrean kendaraan di sejumlah SPBU di Kota Makassar, Sulawesi Selatan, mulai terurai setelah 25 SPBU dibuka selama 24 jam. VP Corporate Communication Pertamina Patra Niaga Kitty Andhora mengatakan antrean di sejumlah SPBU Makassar secara bertahap mulai melandai seiring berbagai upaya optimalisasi pasokan dan pelayanan BBM. ""Kami terus melakukan berbagai langkah untuk memperkuat pasokan dan pelayanan, serta berkolaborasi dengan Pemerintah Provinsi Sulawesi Selatan untuk mendukung kelancaran pelayanan BBM kepada masyarakat,"" ujar Kitty dalam keterangan tertulis, Minggu (13/9).  Ia menuturkan pembukaan 25 SPBU di Makassar selama 24 jam juga untuk memperluas akses masyarakat terhadap layanan BBM. Selain itu, armada mobil tangki juga dioperasikan selama 24 jam untuk memperkuat pasokan. Pertamina bersama Pemprov Sulsel juga menerapkan sistem ganjil-genap untuk pengisian BBM di sejumlah SPBU. Pengaturan tersebut dilakukan untuk membantu mengurai antrean kendaraan. Dari sisi pelayanan, Pertamina menambah nozzle BBM subsidi beserta operator di sejumlah SPBU. Perusahaan juga menambah titik distribusi dengan mengoperasikan tiga unit SPBU Modular. Kitty mengatakan berbagai langkah tersebut dilakukan untuk memastikan pasokan dan pelayanan BBM tetap berjalan optimal."
https://www.cnnindonesia.com/ekonomi/20260916173621-532-1404726/menkeu-baru-suahasil-nazara-rapat-perdana-dengan-dpd-bahas-apa,www.cnnindonesia.com,ekonomi,"Menkeu Baru Suahasil Nazara Rapat Perdana dengan DPD, Bahas Apa?",2026-09-16 19:17,"Suahasil Nazaramenghadiri rapat perdana sebagai Menteri Keuangan (Menkeu) baru di Kompleks Parlemen Senayan, Jakarta, Rabu (16/9). Rapat itu adalah Sidang Paripurna Luar Biasa ke-2 Dewan Perwakilan Daerah (DPD) RI Masa Persidangan I Tahun Sidang 2026-2027. Dalam sidang tersebut, DPD RI menetapkan pertimbangan terhadap RUU APBN 2027 sebagai bagian dari pelaksanaan fungsi konstitusional DPD RI. Itu disusun Komite IV DPD RI melalui pembahasan dengan kementerian/lembaga, pemerintah daerah, serta berbagai pemangku kepentingan dan penjaringan masukan dari daerah. Sejumlah isu yang menjadi perhatian mencakup transfer ke daerah, pembangunan infrastruktur, dana desa, serta kapasitas fiskal daerah.   Suahasil mengatakan pertimbangan dari DPD diberikan pada waktu yang tepat, karena pemerintah memang sedang membahas RAPBN 2027 bersama DPR RI.  Dengan adanya pertimbangan dari DPD RI terhadap RUU APBN 2027, Suahasil mengatakan itu akan menjadi bahan masukan yang mencerminkan aspirasi dari daerah, sehingga akan sangat diperhatikan oleh pemerintah. ""Saya mengucapkan terima kasih secara khusus atas nama pemerintah bahwa kami diundang pada sidang paripurna kali ini. Ini adalah suatu tata bernegara yang baik, menurut saya, mendapatkan pertimbangan yang mencerminkan perspektif dari seluruh daerah karena yang ada di DPD ini semua adalah perwakilan dari daerah-daerah di seluruh Indonesia,"" ujar Suahasil kepada wartawan usai sidang paripurna, Rabu (16/9).    Sidang ini merupakan tindak lanjut dari rapat yang sebelumnya telah dilakukan oleh pendahulu Suahasil, yaitu Purbaya Yudhi Sadewa. Di mana, rapat sebelumnya menjadi momen terakhir Purbaya menjabat sebagai Menteri Keuangan. Pada Senin (14/9), Purbaya tengah menghadiri rapat di Komite IV DPD RI. Dia pada kesempatan itu memaparkan laporan terbaru terkait realisasi APBN, aliran modal asing, hingga gaji PPPK. Di tengah paparan Purbaya sekitar pukul 15.30 WIB, Ketua Komite IV DPD Ahmad Nawardi selaku pimpinan rapat menyampaikan interupsi. Dia memberitahukan kepada Purbaya telepon dari Menteri Sekretaris Negara Prasetyo Hadi. ""Pak menteri saya putus dulu, katanya ada telepon dari Mensesneg. Tolong dilihat dulu,"" ujar Nawardi. Purbaya sempat kebingungan saat mendapat interupsi. Namun, dia langsung meninggalkan ruang rapat untuk menerima telepon tersebut dan tak kembali. Ia dicopot dari jabatannya sebagai menteri keuangan setelah setahun menjabat sebagai Bendahara Negara."
https://www.cnnindonesia.com/ekonomi/20260913131345-85-1403341/siapkan-aturan-baru-bahlil-minta-orang-kaya-tak-sedot-bbm-subsidi,www.cnnindonesia.com,ekonomi,"Siapkan Aturan Baru, Bahlil Minta Orang Kaya Tak Sedot BBM Subsidi",2026-09-16 18:17,"Menteri Energi dan Sumber Daya Mineral (ESDM)Bahlil Lahadaliamengimbau masyarakat mampu dan memiliki kendaraan mewah untuk berhenti mengonsumsi Bahan Bakar Minyak (BBM) bersubsidi. Imbauan tersebut dilontarkan Bahlil guna merespons fenomena peralihan (shifting) konsumsi masyarakat dari BBM nonsubsidi ke BBM bersubsidi seperti Pertalite dan Biosolar. Bahlil mengungkap saat ini pihaknya tengah memformulasikan aturan baru untuk mencegahshiftingtersebut.   ""Ya memang kita lagi ada memformulasikan aturannya,"" ujar Bahlil ketika ditemui di Kompleks Parlemen Senayan, Jakarta, Rabu (16/9).  Sembari menunggu regulasi tersebut rampung, Ketua Umum Partai Golkar itu meminta kesadaran dari masyarakat mampu agar tidak mengisi BBM bersubsidi. ""Dalam berbagai kesempatan saya menganjurkan agar saudara-saudara saya yang mampu, yang mobilnya bagus, tolonglah kita jangan sampai memakai BBM subsidi,"" ujar Bahlil.    Ia mengatakan BBM bersubsidi itu diperuntukkan bagi masyarakat yang memang berhak menerimanya, sehingga tidak elok jika digunakan oleh yang mereka mampu. Ditemui di tempat sama, Direktur Jenderal Minyak dan Gas Bumi Kementerian ESDM Laode Sulaeman memproyeksikan adanya penambahan kuota BBM bersubsidi pada tahun ini. Hal itu dipicu oleh potensi kelebihan batas kuota penyaluran Pertalite dan Biosolar. ""Sepertinya akan ada penambahan kuota,"" ujarnya. Penambahan kuota ini disebut akan dikhususkan pada biosolar. Namun, Laode belum dapat menjelaskan detail lebih lanjut. Ia menyebut pengumuman dan perhitungan detailnya merupakan wewenang Badan Pengatur Hilir Minyak dan Gas Bumi (BPH Migas).  Menurut PT Pertamina Patra Niaga, antrean di sejumlah SPBU Tanah Air belakangan ini bukan karena ketersediaan stok. Ketersediaan stok sejatinya tercukupi, tetapi kata Direktur Pemasaran Ritel PT Pertamina Patra Niaga Eko Ricky Susanto, antrean terjadi akibat adanya pergeseran ataushiftingkonsumsi dari BBM nonsubsidi ke BBM bersubsidi. ""Shifting dari produk-produk yang non-PSO Pertamax Series kemudian Dex, itu ke Pertalite maupun Biosolar,"" ujar Eko dalam acara Pertamax Journey di Kabupaten Bantul, Yogyakarta, Jumat (11/9). Kondisi ini juga terjadi karena fasilitas sarana dan prasarana (sarpras) di SPBU tertentu untuk menambah dispenser atau nozzle Pertalite dan Biosolar terbatas. ""SPBU ini juga sangat terbatas fasilitas sarprasnya (sarana dan prasarana) untuk bisa menambah dispenser ataupun nozzle untuk produk-produk seperti Pertalite maupun Biosolar,"" ujar Eko.  Ia pun mengimbau masyarakat tidak melakukanpanic buyingjika melihat antrean di sebuah SPBU. Eko menegaskan stok BBM saat ini dalam kondisi yang aman. Salah satu contoh dari antrean di SPBU yang terbaru ini ada di Makassar, Sulsel. Terkait hal itu, perseroan akan terus menyesuaikan pasokan dan distribusi BBM dengan kondisi permintaan. Soal aturan pencegahanshiftingini, sebagaimana yang diungkap Bahlil, pemerintah memang tengah menggodok rencana pembatasan Pertalite untuk desil 9 dan 10.  ""Pembatasan Pertalite sekarang kan kita masih dalam kajian, lagi dikaji. Kalau sampai dengan keputusan kajian belum ada, masih seperti sekarang ini,"" ujar Bahlil ketika ditemui di sela-sela acara Geothermal Convention & Exhibition di Jakarta International Convention Center, Rabu (19/8). Bahlil menilai sangat tidak elok jika masyarakat yang masuk dalam kategori desil 9 dan 10 masih ikut mengisi BBM bersubsidi. ""Desil 9 dan 10 itu kan seperti saya. Kalau mobil saya kan agak pakai BBM yang.. Masa kita pakai subsidi? Ya sudah lah yang kaya yang sudah mampu itu jangan ambil hak rakyat lah, kira-kira begitu. Subsidi itu ya untuk saudara-saudara kita yang berat penerimanya,"" ujar Bahlil."
https://www.cnnindonesia.com/teknologi/20260916202611-206-1404784/xiaomi-rilis-redmi-note-17-series-cek-spek-dan-harganya,www.cnnindonesia.com,teknologi,"Xiaomi Rilis Redmi Note 17 Series, Cek Spek dan Harganya",2026-09-16 21:17,"XiaomiRedmi Note 17 Series resmi rilis di Indonesia pada Rabu (16/9).Smartphoneini dibanderol mulai dari harga Rp3,699 juta. Redmi Note 17 Series menargetkan pengguna di usia Gen Z yang memiliki beragam aktivitas dinamis dan serba cepat. Oleh sebab itu, seri ini dirancang dengan durabilitas tinggi, baterai yang besar serta garansi yang lengkap. Seri ini terdiri dari Redmi Note 17 4G, Note 17 5G, Note 17 Pro, dan Note 17 Pro Max. Dengan varian Note 17 Pro Max yang menjadi varian tertingginya.    Redmi Note 17 Series menjadi seri pertama Redmi yang memilki varian Pro Max. Sebelumnya, Redmi menyebut varian ini dengan nama ""Pro Plus"". Xiaomi Redmi Note 17 Pro Max hadir dengan panel layar AMOLED berukuran 6,83 inci dengan resolusi 1.5K, refresh rate 120Hz, kecerahan puncak hingga 3500 nits. Layarnya ini dilindungi oleh Corning Gorilla Glass Victus 2. Dari segi desain, smartphone hadir dalam warna Black, Green dan Cloud Blush. Khusus untuk warna Cloud Blush, Xiaomi menggunakan teknologi fotokromik yang dapat membuat bodi smaratphone berganti warna dari putih awan menjadi merah muda-oranye saat di bawah sinar matahari atau perubahan cahaya. Ponsel hadir dengan ketebalan sebesar 8.65mm untuk warna Green dan Black, serta 8.57mm untuk warna Cloud Blush. Sementara, bobotnya sebesar 229.5 gram.  Salah satu keunggulan yang dibawa oleh Redmi Note 17 Pro Max adalah baterainya yang berkapasitas 10.000mAh. Perangkat diklaim sebagai smartphone pertama di Indonesia yang memiliki baterai sebesar itu. Dengan baterai 10.000mAh, ponsel diklaim dapat bertahan hingga 3 hari, 40 jam pemutaran video, 34 jam Youtube, 24 jam Youtube Shorts, 16 jam Google Maps, 137 jam pemutaran musik hingga 78 jam waktu panggilan. ""Dengan baterai 10.000mAh, itu penggunaan hingga tiga hari penuh hanya dalam satu kali pengisian daya. Dari hari kerja yang padat hingga weekend yang penuh aktivitas, kalian tak perlu lagi khwatir soal baterai,"" kata Jeksen, Product Marketing Lead Xiaomi Indonesia dalam acara peluncuran Redmi Note 17 Series di Jakarta, Rabu (16/9). Redmi Note 17 Pro Max membawa teknologi pengisian daya cepat 100W HyperCharge dan reverse charging 27W. Hanya dengan waktu pengisian sekitar 20 menit, perangkat diklaim dapat digunakan seharian. Baterai Note 17 Pro Max ini dilengkapi dengan ketahanan TUV SUD 5-star Battery Performance Certifiction. Artinya, perangkat ini telah melalui pengujian suhu estrem, ketahanan benturan serta ketahanan baterai hingga 72 jam satu hari. Pada dapur pacunya, ponsel ditenagai oleh Snapdragon 6 Gen 5 dengan kapasitas RAM hingga 16GB dan opsi penyimpanan hingga 512GB. Untuk ketahanan perangkat, Note 17 Pro Max ini membawa sertifikasi IP66, IP68, IP69 dan IP69K, lulus uji ketahanan air TUV SUD 2 meter selama 72 jam serta sertifikasi SGS untuk ketahanan jatuh dari ketinggian hingga 3 meter ke permukaan granit.    Note 17 Pro Max membawa konfigurasi kamera utama 50MP, ultra-wide 8MP, dan kamera depan 32MP. Kameranya ini dilengkapi dengan mode Underwater Mode untuk mengambil foto dan video dari bawah air. Selain itu, kameranya juga dilengkapi dengan dukungan perekaman hingga resolusi 4K pada 30fps. Serta, turut membawa fitur Profesional Video, dan Live Moment. Ponsel juga dilengkapi dengan berbagai fitur AI seperti Xiaomi HyperAI, Google Gemini, Circle to Search Google, AI Creativity Assistant, AI Glare Removal, AI Erase Pro, AI Beutify, dan AI Image Enhancement. Xiaomi memberikan layanan purna jual untuk Redmi Note 17 Pro Max seperti 1 kali penggantian baterai selama 36 bulan, penggatian 1 kali layar, serta 1 kali penggantian layar, 1 kali penggantian back cover, 1 kali perlindungan kerusakan akibat carian, dan garansi eksternal selama 24 bulan. Dari segi desain, Redmi Note 17 Pro hadir dalam ketebalan 8.6mm dengan bobot 223gram. Smartphone hadir dalam warna Black, Sky Blue dan Purple. Varian ini membawa layar yang serupa dengan varian Pro Max. Konfigurasi kameranya juga sama, tetapi ada perbedaan pada kamera depan dan kemampuan videografi. Note 17 Pro membawa kamera depan 16 MP, sementara varian Pro Max 32 MP. Di bagian baterai, Redmi Note 17 Pro membawa kapasitas sebesar 8340 mAh dengan teknologi pengisian daya 67W serta reverse charge 22.5W. Smartphone diklaim dapat mengisi daya hingga 50 persen hanya dalam waktu 34 menit. Untuk ketahanan perangkat, Note 17 Pro juga dilengkapi dengan sertifikasi IP66, IP68, IP69 dan IP69K, TUV SUD hingga 72 jam pada kedalaman 2 meter serta diklaim dapat tetap bertahan meski dijatuhkan dari ketinggian 3 meter berkat pengujian SGS.  Berbeda dengan Note 17 Pro Max, layanan purnajual Redmi Note 17 Pro memberi extended warranty selama 24 bulan dan door-to-door repair pick up delivery yang memungkinkan perangkat dijemput di rumah untuk dibawa ke service center, jika mengalami kerusakan. Di bagian mesin, Redmi Note 17 Pro membawa chipset Snapdragon 6s Gen 4 dengan kapasitas RAM hingga 16GB, serta pilihan memori hingga 512GB. Perangkat ini dilengkapi dengan fitur Google Gemini dan Circle to Search with Google. Redmi Note 17 5G dan Note 17 4G membawa ketebalan sekitar 8.45mm dengan berat 225gram. Smartphone hadir dalam warna Black, Sky Teal, dan Calestial Purple. Di bagian layar, kedua ponsel membawa panel AMOLED berukuran 6.99 inci FHD+ dengan refresh rate 120Hz, resolusi 2396 x 1080 serta kecerahan puncak hingga 1800 nit. Keduanya membawa kapasitas baterai sebesar 7700mAh yang dilengkapi dengan teknologi turbo charging 45W dan wired reverse charging 22.5W. Dengan baterai sebesar ini, perangkat diklaim dapat digunakan untuk memutar video hingga 26 jam.  Untuk ketahanan, kedua perangkat akan membawa sertifikasi IP65 yang memberi ketahanan terhadap air. Sedangkan, layarnya dilindungi oleh Corning Gorilla Glas 7i. Keduanya sama-sama membawa kamera utama 50MP, sementara kamera depannya membawa resolusi 16MP. Pada dapur pacunya, kedua smartphone menjalankan chipset yang berbeda. Redmi Note 17 5G menggunakan chipset Snapdragon 4 Gen 4, sementara Note 17 4G menjalankan Snapdragon 6s 4G Gen 2. Kedua ponsel membawa kapasitas RAM hingga 12GB dan ruang penyimpanannya hingga 256GB yang dapat diperluas hingga 2TB. Untuk layanan purnajual, kedua smartphone dilengkapi dengan satu kali penggantian baterai selama 36 bulan, serta satu kali penggantian back cover dan quality assurance hingga 24 bulan.    Xiaomi Redmi Note 17 5G dan Note 17 4G bisa didapatkan mulai hari ini, Rabu (16/9). Sementara, Redmi Note 17 Pro Max dan Note 17 Pro tersedia mulai 25 September 2026. Berikut daftar harga Xiaomi Redmi Note 17 Series di Indonesia."
https://www.cnnindonesia.com/teknologi/20260916192559-199-1404769/tersisa-hanya-2-ekor-betina-badak-putih-utara-di-ujung-kepunahan,www.cnnindonesia.com,teknologi,"Tersisa Hanya 2 Ekor Betina, Badak Putih Utara di Ujung Kepunahan",2026-09-16 20:17,"Badakputih utara (northern white rhino) berada di ambang kepunahan setelah jumlahnya kini hanya tersisa dua ekor betina. Keduanya adalah Najin dan anaknya, Fatu, yang hidup di Ol Pejeta Conservancy, Kenya, di bawah penjagaan bersenjata. Upaya mempertahankan subspesies ini melalui teknologi reproduksi berbantu juga belum membuahkan kelahiran.    MengutipSpace Daily, konsorsium yang berupaya menyelamatkan badak putih utara telah menghasilkan 39 embrio murni badak putih utara di laboratorium. Hingga April 2026, enam embrio telah dipindahkan ke induk pengganti badak putih selatan di Kenya. Namun, belum satu pun menghasilkan kehamilan yang bertahan. Seluruh pengambilan sel telur terbaru berasal dari Fatu yang kini berusia 26 tahun. Najin lahir di sebuah taman safari di Republik Ceko pada 11 Juli 1989, sementara Fatu lahir pada 29 Juni 2000. Keduanya tidak dapat mengandung anak, sehingga sel telur mereka harus dibawa ke laboratorium dan embrio kemudian ditanamkan ke badak putih selatan sebagai induk pengganti. Badak putih utara dulunya tersebar di sebagian wilayah Uganda barat laut, Chad selatan, Sudan Selatan, Republik Afrika Tengah bagian timur, hingga Republik Demokratik Kongo bagian timur laut. Perburuan untuk mendapatkan cula disebut menjadi ancaman utama terhadap populasi hewan ini. Konflik bersenjata di sebagian besar wilayah persebarannya turut memperburuk keadaan karena menghambat upaya perlindungan dan konservasi.  Empat individu liar terakhir terlihat di Taman Nasional Garamba, Republik Demokratik Kongo, pada Agustus 2005. Tanda-tanda keberadaan mereka masih ditemukan hingga 2007. Sempat muncul laporan yang belum terkonfirmasi tentang tiga badak putih di Sudan selatan pada 2008, tetapi survei pada Juni tahun tersebut tidak menemukan mereka. Pada Desember 2009, empat badak putih utara yang terdiri dari dua jantan dan dua betina dipindahkan dari Safari Park Dvur Kralove di Republik Ceko ke Ol Pejeta. Pemindahan itu diharapkan bisa mendorong mereka berkembang biak dalam habitat yang lebih alami. Namun, salah satu badak jantan bernama Suni mati pada Oktober 2014 akibat sebab alami. Badak jantan lainnya, Sudan, mati pada 19 Maret 2018 karena usia tua. Sudan merupakan ayah Najin sekaligus kakek Fatu. Pada 2014, Fatu dan Najin didiagnosis mengalami gangguan serius pada sistem reproduksi. Keduanya pernah terlihat kawin di Ol Pejeta, tetapi tidak pernah berhasil hamil. Konsorsium menyebut gangguan tersebut kemungkinan sudah berlangsung cukup lama sebelum akhirnya terdeteksi. Fatu masih menghasilkan oosit atau sel telur dan sejak Oktober 2021 menjadi satu-satunya donor sel telur dalam program tersebut.    Najin dihentikan dari program pengambilan sel telur setelah menjalani tiga prosedur tanpa menghasilkan embrio. Meski keduanya tidak dapat membawa kehamilan, sel telur Fatu masih dapat diambil dan dibuahi di luar tubuh. Oleh karena itu, embrio kemudian ditanamkan ke badak putih selatan yang masih berkerabat dekat sebagai induk pengganti. Pengambilan sel telur pertama dari Fatu dan Najin dilakukan pada 22 Agustus 2019. Enam tahun kemudian, hingga Agustus 2025, konsorsium mencatat Fatu telah menjalani 21 kali pengambilan oosit. Saat itu sebanyak 38 embrio murni badak putih utara telah dihasilkan. Pengambilan sel telur berikutnya pada awal 2026 menghasilkan satu embrio tambahan sehingga total menjadi 39. Sel-sel telur tersebut dimatangkan dan dibuahi di laboratorium Avantea di Cremona, Italia.    Pembuahan dilakukan menggunakan sperma beku dari badak putih utara jantan yang telah mati. Namun, angka 39 tersebut merupakan jumlah embrio yang pernah dihasilkan, bukan jumlah embrio yang masih tersimpan saat ini, karena enam di antaranya sudah digunakan dalam upaya transfer embrio. Najin tidak menghasilkan embrio dari tiga prosedur pengambilan oosit yang dijalaninya. Tiga embrio pertama yang dihasilkan pada prosedur 2019 seluruhnya berasal dari Fatu."
https://www.cnnindonesia.com/teknologi/20260915134526-199-1404172/jejak-kaki-t-rex-dewasa-pertama-ditemukan-usianya-665-juta-tahun,www.cnnindonesia.com,teknologi,"Jejak Kaki T-rex Dewasa Pertama Ditemukan, Usianya 66,5 Juta Tahun",2026-09-16 19:17,"Timilmuwanmenemukan rangkaian jejak kaki dengan tiga jari yang diduga milikTyrannosaurus rexdi North Dakota. Temuan ini merupakan rangkaian jejak kaki T-rex dewasa pertama yang berhasil ditemukan. Rangkaian tersebut terdiri dari empat jejak kaki, dua kiri dan dua kanan. Jalur jejak kaki sepanjang kira-kira 7 meter ini pertama kali dikenali di area fosil dinosaurus yang dikenal sebagai Hell Creek Formation oleh para peneliti dari Denver Museum of Nature and Science di Colorado dan Liverpool John Moores University di Inggris. Temuan tersebut telah dipublikasikan di Journal of Vertebrate Paleontology. Peneliti menyebut jejak tersebut berasal dari 66,5 juta tahun yang lalu dan ini adalah rangkaian jejak kaki pertama yang diketahui ditinggalkan oleh T-rex yang berkeliaran.   MelansirThe Guardianpada Jumat (11/9), kurator senior paleontologi vertebrata di Denver Museum Tyler Lyson mengatakan bahwa temuan jejak kaki menyimpan momen perilaku dan dapat digunakan untuk menyelidiki pergerakan dinosaurus tersebut lebih lanjut.  ""Tulang memberi tahu kita banyak hal tentang hewan-hewan ini, tetapi jejak kaki menangkap momen perilaku tertentu. Dengan jejak kaki, kita benar-benar dapat mengikuti pergerakan hewan tersebut di lanskap. Hal itu sangat jarang terjadi pada T-rex,"" kata Lyson. Jejak kaki yang ditemukan berukuran sekitar 0,91 meter dengan panjang langkah sekitar 3,9 meter. Tim peneliti menggunakan pemindai permukaan 3D beresolusi tinggi untuk mendokumentasikan dan membuat replika fisiknya. Temuan ini menunjukkan bahwa T-rex berjalan sekitar 5,6-7,2 kilometer per jam. Kecepatannya setara dengan manusia yang berjalan cepat. T-rex adalah dinosaurus yang paling terkenal dari semua dinosaurus lainnya. Menurut catatan fosil yang diketahui, mereka diperkirakan hidup sekitar 66-68 juta tahun yang lalu selama periode Cretaceous.  Dinosaurus yang tingginya dapat mencapai 3,5-4 meter ini termasuk dinosaurus non-unggas terakhir yang berjalan di Bumi sebelum peristiwa kepunahan massal yang memusnahkan mereka. Tiga dari empat jejak kaki yang ditemukan rencananya akan dibawa ke Denver Museum menggunakan helikopter pada akhir tahun ini. Jejak kaki T-rex itu pertama kali ditemukan secara tidak sengaja oleh seorang guru sekolah di Colorado Kent Hups. Ia mengungkapkan kegembiraannya ketika menemukan dan terlibat dalam penyusunan laporan penelitiannya. ""Sebagai seorang guru, saya selalu mengatakan kepada murid-murid saya bahwa sains dimulai dengan rasa ingin tahu, gairah, dan pengamatan yang cermat. Saya tidak pernah membayangkan hal itu dapat membawa saya pada penemuan seperti ini,"" katanya."
https://www.cnnindonesia.com/teknologi/20260915132458-185-1404152/eropa-bakal-larang-anak-pakai-sosmed-dan-ai-ini-alasannya,www.cnnindonesia.com,teknologi,"Eropa Bakal Larang Anak Pakai Sosmed dan AI, Ini Alasannya",2026-09-16 16:17,"Uni Eropaakan mengusulkan larangan yang membatasi anak-anak di bawah usia 15 tahun untuk mengaksesmedia sosial, platform berbagi video, chatbot AI, dan game online untuk melindungi anak-anak dari bahaya dunia digital. Seluruh dunia mulai menyadari dan mengkhawatirkan dampak keamanan dan keselamatan anak-anak pada berbagai platform, termasuk Facebook, Instagram, TikTok, YouTube, dan ChatGPT. MelansirReuters, proposal ini merupakan bagian dari EU Kids Act atau undang-undang perlindungan anak Uni Eropa yang akan dipresentasikan oleh Presiden Komisi Eropa Ursula von der Leyen dan kepala teknologi Uni Eropa Henna Virkkunen pada Kamis (17/9).    Draf ini menyebut pendekatan pemerintah seharusnya membuat anak-anak di bawah umur mendapatkan potensi manfaat dari layanan digital, serta melindungi mereka dari penyalahgunaan dan eksploitasi. Pemerintah perlu membatasi akses perusahaan teknologi terhadap anak-anak. Dalam hal ini, perusahaan juga diharuskan membayar biaya pengawasan untuk mendanai penegakan dan pengawasan oleh regulator. Berdasarkan proposal tersebut, anak-anak berusia 13-15 tahun dapat meminta orang tua untuk membuka akun perkenalan atau introductory accounts di platform digital dengan pengawasan orang tua, serta akses terbatas dan batasan waktu yang ketat.  Sementara itu, akun untuk anak-anak berusia 3-12 tahun akan sepenuhnya dikendalikan oleh orang tua dan hanya akan digunakan untuk layanan ramah anak dengan standar keamanan yang ketat. Rincian aturan ini dinilai masih dapat berubah sebelum pengumuman resmi. Komisi perlu menyusun draf tersebut bersama negara-negara Uni Eropa dan Parlemen Eropa dalam beberapa bulan mendatang sebelum dapat menjadi undang-undang. Draf sementara secara langsung menyebut persyaratan bagi perusahaan untuk menghindari desain yang membuat ketagihan dan konten yang berbahaya. Platform sosial media dan berbagi video diwajibkan memverifikasi usia anak ketika pengguna membuka akun baru, sedangkan platform game online harus memverifikasi usia sebelum mereka dapat mengunduh game.    Selain itu, platform harus menyediakan mekanisme yang memungkinkan anak-anak dapat dengan mudah melaporkan konten berbahaya, serta alat kontrol bagi orang tua yang efektif. Perusahaan-perusahaan mengatakan mereka akan mengambil tindakan pencegahan dan banyak dari mereka yang telah menetapkan usia minimum 13 tahun untuk mendaftar ke platform media sosial."
https://www.cnnindonesia.com/teknologi/20260915175648-206-1404285/samsung-segera-launching-galaxy-tab-s12-series-intip-bocoran-speknya,www.cnnindonesia.com,teknologi,"Samsung Segera Launching Galaxy Tab S12 Series, Intip Bocoran Speknya",2026-09-16 14:17,"Samsungdikabarkan akan meluncurkan tablet flagship terbarunya, Galaxy Tab S12+ dan Tab S12 Ultra pada 7 Oktober mendatang. Perangkat ini diperkirakan bakal dibanderol mulai dari Rp21 juta. Melansir SamMobile, desain dan sejumlah spesifikasi kedua tablet tersebut kemungkinan tetap sama dengan model yang sebelumnya. Namun, Samsung menawarkan peningkatan performa dan fitur pada perangkat ini. Galaxy Tab S12+ dikabarkan akan dilengkapi RAM 12GB dan penyimpanan hingga 512GB. Tablet ini mungkin akan menggunakan prosesor MediaTek Dimensity 9500 terbaru, dengan varian selulernya juga tersedia 256GB.    Tablet flagship ini dikabarkan bakal dibanderol dengan harga mulai dari US$1.199 (Rp21,2 juta) di Amerika Serikat (AS). Sementara itu, Galaxy Tab S12 Ultra juga akan menggunakan chipset yang sama, dengan penyimpanan hingga 1TB dan RAM 16GB. Harganya kemungkinan sekitar US$1.399 (Rp24,7 juta) di AS. Galaxy Tab S12+ dan Galaxy Tab S12 Ultra akan menjalankan Android 17 dengan One UI 9.0, dengan dukungan untuk tujuh generasi pembaruan sistem operasi Android.  Keduanya juga dilengkapi slot kartu microSD hingga kapasitas 2TB, pembaca sidik jari di layar, Wi-Fi 7, Bluetooth 5.4, dan port USB Type-C (5 Gbps). Baterainya diperkirakan berkapasitas 10.600-11.600 mAh dan didukung pengisian daya fast charging 45W. Seperti model sebelumnya, tablet baru ini akan dibekali dukungan S Pen dengan stylus yang disertakan dalam paket penjualan. Perangkat ini juga dilengkapi dengan standar perlindungan IP68 untuk ketahanan terhadap debu dan air."
https://www.cnnindonesia.com/teknologi/20260915135312-641-1404176/gunung-himalaya-mencair-ahli-khawatir-banjir-nepal-cuma-permulaan,www.cnnindonesia.com,teknologi,"Gunung Himalaya Mencair, Ahli Khawatir Banjir Nepal Cuma Permulaan",2026-09-16 13:17,"Sekelompok pakar yang bekerja sama dengan pemerintah India mengungkap kekhawatiran mereka terkait bencana banjir bandang yang melanda Nepal sebagai permulaan dari mencairnyaGunung Himalaya. Para pakar khawatir siklus air Himalaya yang memasok sungai-sungai di Asia Selatan akan mengering. Fenomena ini diperkirakan diawali dengan banjir bandang yang sangat merusak. Sebelumnya, runtuhnya gletser di puncak Langtang Lirung di Himalaya menjadi pemicu dari bencana banjir bandang yang melanda Nepal pada 26 Agustus 2026. Menurut laporan, lebih dari 5.130 orang masih dinyatakan hilang dan sedikitnya 1.386 lainnya dipastikan tewas sejak runtuhnya gletser tersebut.   Bencana banjir bandang ini menyapu bersih seluruh kota dan menenggelamkan pembangkit listrik tenaga air. Sedangkan, ratusan orang lainnya yang masih hilang dan puluhan tewas di seberang perbatasan di China, serta tim penyelamat yang berpacu dengan waktu mencari sekitar 900 pekerja utilitas yang terjebak di terowongan pembangkit listrik Nepal yang hancur.  Laporan terbaru memperingatkan bahwa puncak es Himalaya baru saja memulai pencairannya yang mematikan. Diperkirakan sekitar 1.439 mil kubik yang setara dengan 6.000 kilometer kubik es glasial yang menutupi pegunungan menjulang di Asia ini sekarang mencair 65 persen lebih cepat dibandingkan dengan satu dekade lalu. MengutipGizmodo, laporan ini disusun oleh konsultan pembangunan berkelanjutan Systemiq yang berkolaborasi dengan Institut Nasional Lingkungan Himalaya Govind Ballabh Pant India, pemerintah India dan kelompok lainnya yang berfokus untuk menghasilkan penilaian terhadap pegunungan Himalaya. Riset ini memperingatkan bahwa seluruh kawasan tersebut menghadapi titik kritis ""puncak air"" pada pertengahan abad ini. Yakni, suatu fase banjir dahsyat yang terus meningkat sebelum akhirnya puncak Himalaya yang hampir mengering memutus pasokan air tawar ke sungai, waduk, dan pertanian di sebagian besar wilayah Asia Selatan. Nicholas Stern, pakar ekonomi, ketua Institut Perubahan Iklim dan Lingkungan Grantham di London School of Economics sekaligus anggota Majelis Tinggi Inggris menganggap Gunung Himalaya sebagai Kutub Ketiga yang memiliki ratusan juta orang hidup di bawahnya, berbeda dengan Arktik atau Antartika.  ""Himalaya adalah Kutub Ketiga. Tidak seperti Arktik atau Antartika, kutub ini memiliki ratusan juta orang yang hidup di bawahnya,"" ungkap Nicholas Stern. Menurutnya, es dan air dingin yang ada di Gunung Himalaya sangat penting untuk ratusan juta penduduk di bawahnya. Namun, pendapat Stern dinilai kurang tepat. Laporan lainnya dari Systemiq mencatat bahwa sungai-sungai yang selama ini dihidupi oleh siklus hidrologi musiman Himalaya merupakan sumber ketahanan pangan dan air bagi sekitar 2 miliar orang. Siklus tersebut seperti pertumbuhan dan pencairan gletser Himalaya. ""Berdasarkan perkembangan saat ini, kawasan Hindu Kush Himalaya diperkirakan dapat kehilangan hingga 80 persen volume gletser yang tersisa saat ini pada tahun 2100,"" tulis penelitian tersebut, dikutip dariGizmodo, Senin (14/9). Laporan ini sejalan dengan perkiraan dari Pusat Internasional untuk Pengembangan Pegunungan Terpadu (ICIMOD).   Aspek yang paling mengkhawatirkan dari temuan ini adalah kemungkinan terjadinya bencana besar yang menimbulkan banyak korban jiwa. Laporan ini memperkirakan dari sekitar 40.000 glester di Himalaya dan Pegunungan Karakoram, hanya sekitar 21 glester yang dipantau secara terperinci oleh para ilmuwan. Dengan kata lain, sejumlah danau glester yang tidak diketahui jumlahnya pasti terus membesar secara perlahan, tanpa adanya sistem peringatan dini untuk menghadapi jebolnya danau-danau tersebut yang hampir tidak terhindarkan. Beberapa di antaranya berada di perbatasan dua negera dengan senjata nuklir di kawasan tersebut yang tidak memiliki hubungan terlalu baik. Meski masih banyak hal yang belum diketahui, para ilmuwan khawatir karena air lelehan glester terus menumpuk di balik bendungan alami yang terbentuk dari tumpukan batuan dan bisa sewaktu-waktu runtuh. Sebagai informasi, Pegunungan Karakoram berada di sebelah barat laut Gunung Himalaya yang berbatasan dengan Pakistan, China dan India.  ""India kini memliki hampir 200 danau gletser yang telah diidentifikasi berisiko tinggi dan hampir seperempatnya berada dalam kategori 'berisiko sangat tinggi', sehingga jutaan orang di wilayah hilir terpapar bahaya,"" ungkap laporan Systemiq. Berdasarkan analisis lainnya, India sudah merasakan dampak mematikan dari ancaman pencairan Gunung Himalaya. Wilayah Himalaya mencakup sekitar 18 persen dari India, kawasan ini kini menyumbang hingga 35 persen dari bencana alam yang terjadi di negara tersebut.      Salah satu banjir bandang terbesar yang terjadi di India pada 2023 lalu disebabkan oleh runtuhnya danau glester South Lhonak. Bencana tersebut menghancurkan bendungan, mengubur jalur lalu lintas oleh longsoran lumpur dan menewaskan sedikitnya 70 orang. Selain kerusakan, laporan mencatat bahwa dampak ekonomi jangka panjangnya juga tidak kalah besar. Air dari Himalaya menyokong sekitar 20 persen PDB tahunan India, dengan menyediakan tenaga hidroelektrik dan mengairi tanaman gandum, beras, dan teh, serta memenuhi kebutuhan dasar lainnya. ""Pegunungan Himalaya merupakan satu sistem yang saling terhubung. Tetapi manfaat dan risikonya tersebar jauh melampaui pegunungan itu sendiri, dengan dampak berantai yang dirasakan di Asia Selatan, dan berpotensi ke seluruh dunia melalui gangguan rantai pasok, migrasi akibat iklim atau risiko geopolitik,"" kata para peneliti."
https://www.cnnindonesia.com/teknologi/20260916110900-192-1404511/houthi-diduga-manfaatkan-claude-ai-untuk-rancang-rudal,www.cnnindonesia.com,teknologi,Houthi Diduga Manfaatkan Claude AI untuk Rancang Rudal,2026-09-16 11:17,"Kelompok milisiHouthiYaman diduga berupaya memanfaatkan model kecerdasan buatan (AI) besutan Anthropic, a, untuk merancang perangkat lunak rudal balistik. Hal tersebut terungkap dalam laporan terbaru yang dirilis oleh Anthropic beberapa waktu lalu. Dalam laporannya, Anthropic tidak menyebut Houthi secara spesifik, dan hanya mengidentifikasi pelaku sebagai ""sel aktor ancaman yang berbasis di Yaman utara yang menjalankan tiga program pengembangan senjata."" MelansirNew York Postpada Kamis (11/9), deskripsi itu merujuk kuat pada kelompok Houthi yang saat ini menguasai wilayah tersebut. Kelompok ini mencoba merancang roket pemadu yang menggunakan komputer penerbangan kelas smartphone biasa dengan sistem pemandu tahap akhir.   Selain itu, mereka juga berupaya mengembangkan rudal balistik bertingkat serta rudal multipredikat yang mencakup varian wahana luncur hipersonik.  ""Para pelaku menggunakan Claude Code sebagai pengganti insinyur perangkat lunak manusia untuk mengembangkan perangkat lunak panduan, navigasi, dan kendali yang mengarahkan dan menstabilkan kendaraan terbang,"" kata perusahaan tersebut dalam laporannya. Untuk mengelabui sistem pengaman bawaan pada Claude, kelompok ini coba menyembunyikan tujuan akhir serta jenis produk yang sedang dikembangkan. Mereka juga membagi permintaan instruksi ke dalam beberapa sesi penggunaan secara terpisah. Anthropic menjelaskan bahwa sistem keamanan mereka berhasil memblokir sebagian besar permintaan tersebut. Perusahaan menambahkan bahwa belum ada bukti yang menunjukkan para pelaku berhasil membuat perangkat operasional. Namun, Houthi sempat melakukan percobaan penembakan roket pemandu, meski uji coba tersebut tampaknya gagal, karena beberapa jam kemudian pelaaku kembali menggunakan Claude untuk menganalisa kegagalan tersebut.  Laporan Anthropic juga mengungkap sejumlah insiden lain yang melibatkan pihak-pihak tidak bertanggung jawab. Menurut perusahaan, para pelaku berupaya menyalahgunakan model AI buatan mereka. Salah satunya adalah kelompok yang terhubung dengan Iran meminta Claude untuk mengumpulkan informasi yang dapat dipakai untuk menargetkan militer Amerika Serikat, termasuk pergerakan kapal dan pesawat tempur AS, serta celah kelemahan pada sistem komunikasi mereka. Di tempat lain, Anthropic berhasil menggagalkan upaya sejumlah ilmuwan yang mencoba menggunakan AI untuk mendukung penelitian senjata biologis. Anthropic juga mengidentifikasi upaya dari individu di Rusia dan China yang memanfaatkan AI untuk menyusun rancangan senjata konvensional, seperti sistem senjata anti-torpedo. Laporan tersebut turut memuat aktivitas aktor asal Rusia yang mencoba menggunakan Claude untuk menyebarkan propaganda daring, serta upaya dari China dan Iran untuk memata-matai kelompok oposisi.  Laporan dari Anthropic ini makin memperkuat kekhawatiran global atas bahaya penyalahgunaan AI untuk persenjataan. Para ahli terus mengingatkan bahwa risiko AI tidak hanya datang dari penyalahgunaan oleh manusia, tetapi juga dari potensi model AI itu sendiri yang bergerak di luar kendali. Awal pekan ini, Jacob Coxon, mantan peneliti di Anthropic dan OpenAI, turut menyuarakan keprihatinannya. Ia menilai kedua perusahaan tersebut tidak bertindak secara bertanggung jawab di tengah persaingan mengembangkan model AI yang makin canggih, serta memperingatkan risiko besar dari perlombaan menuju kecerdasan buatan tingkat tinggi tersebut."
https://www.cnnindonesia.com/teknologi/20260916101539-199-1404492/insiden-km-virgo-8-ini-fakta-sains-segitiga-bermuda-masalembo,www.cnnindonesia.com,teknologi,"Insiden KM Virgo 8, Ini Fakta Sains 'Segitiga Bermuda' Masalembo",2026-09-16 11:17,"Perairan Masalembo jadi sorotan usaiKM Virgo Transport 8terbalik di Laut Jawa pada Minggu (13/9). Hingga Rabu (16/9), 129 orang masih dalam pencarian. Anggota Ikatan Ahli Kebencanaan Indonesia (IABI) Daryono menjelaskan bahwa Perairan Masalembo selama bertahun-tahun sering dikaitkan dengan berbagai cerita mistis dan bahkan disebut sebagai 'Segitiga Bermuda Indonesia'. Namun, dari perspektif sains, kawasan ini dipahami sebagai bagian dari sistem laut Indonesia dengan memiliki dinamika oseanografi dan meteorologi maritim yang kompleks.   ""Kompleksitas tersebut tidak berarti Masalembo memiliki fenomena laut yang misterius atau unik yang secara otomatis menyebabkan kapal tenggelam,"" kata Daryono dalam keterangan tertulisnya, Rabu (16/9).  Menurut dia, risiko pelayaran di kawasan ini lebih tepat dipahami sebagi hasil interaksi berbagai faktor, antara lain angin, gelombang, arus, pasang surut, kondisi atmosfer, batimetri, karakteristik kapal, muatan, serta keputusan dan prosedur navigasi. Kawasan Masalembo berada dalam sistem perairan yang berhubungan dengan Laut Jawa, Selat Makassar, dan Laut Flores. Selat Makassar merupakan salah satu jalur penting Arus Lintas Indonesia (Arlindo) yg membawa massa air dari kawasan Pasifik menuju perairan Indonesia bagian selatan. Sementara itu, Laut Jawa dan Laut Flores memiliki karakteristik sirkulasi yang dipengaruhi oleh konfigurasi kepulauan, pasang surut, serta perubahan musiman akibat sistem monsun. ""Artinya, kawasan ini bukan sekadar tempat bertemunya tiga laut, melainkan bagian dari sistem pertukaran massa air yang dinamis. Perbedaan temperatur, salinitas, densitas, kedalaman, dan arah arus dapat membentuk struktur laut yang kompleks, baik secara horizontal maupun vertikal,"" jelas dia. Menurut Daryono, dalam kondisi tertentu, perbedaan densitas antarlapisan dapat menghasilkan stratifikasi laut dan shear arus, yaitu perbedaan kecepatan atau arah arus antara satu lapisan dengan lapisan lainnya. Proses ini dapat berhubungan dengan turbulensi, pencampuran massa air, maupun fenomena gelombang internal.  Namun begitu, menurut Daryono, fenomena ini tidak boleh langsung dianggap sebagai penyebab kapal kehilangan daya apung atau kendali. Ia menjelaskan bahwa faktor atmosfer juga sangat penting. ""Masalembo berada dalam wilayah yang dipengaruhi sistem monsun Asia-Australia. Perubahan arah dan kecepatan angin dapat memengaruhi pembentukan serta propagasi gelombang. Dalam kondisi tertentu, gelombang yang datang dari arah berbeda dapat bertemu dan membentuk cross-sea, yaitu kondisi ketika terdapat sistem gelombang dari lebih dari satu arah,"" jelas Daryono. ""Cross-sea dapat meningkatkan gerakan kapal, terutamarolling(miring ke kiri dan kanan) danpitching(mengangguk ke depan dan belakang), serta menambah beban dinamis pada struktur kapal. Namun, pembentukan cross-sea tidak semata-mata disebabkan oleh benturan angin dengan arus,"" ujar dia menambahkan. Menurutnya, kondisi tersebut dapat terbentuk dari kombinasi gelombang lokal yg dibangkitkan angin dengan gelombang yang datang dari wilayah lain.  Ia menambahkan, cuaca konvektif juga perlu diperhitungkan. Laut yang hangat menyediakan uap air dan energi bagi atmosfer, tetapi suhu permukaan laut yang tinggi tidak otomatis menghasilkan badai ekstrem, dan perlu kondisi atmosfer lain yang mendukung pertumbuhan awan konvektif. Daryono menjelaskan, ketika awan Cumulonimbus berkembang kuat, dapat terjadi hujan lebat, petir, downdraft, dan gust front. Hembusan angin yang berubah cepat dapat menyebabkan kondisi laut berubah dalam waktu relatif singkat. ""Bagi kapal, perubahan mendadak pada angin dan gelombang dapat meningkatkan beban dan gerakan kapal. Kombinasi angin, gelombang, dan arus merupakan parameter penting yang perlu diperhatikan dalam pelayaran,"" tuturnya.  Menurut Daryono, selain kondisi atmosfer dan laut, batimetri atau bentuk serta kedalaman dasar laut juga berperan. Perubahan kedalaman dapat memengaruhi propagasi gelombang melalui proses seperti shoaling dan refraksi. Ketika gelombang memasuki perairan yang lebih dangkal, kecepatannya dapat berkurang dan karakteristiknya berubah. Namun, perubahan kedalaman tidak selalu berarti tinggi gelombang akan meningkat secara drastis. Besarnya perubahan bergantung pada periode dan arah datang gelombang, kedalaman laut, bentuk dasar laut, pasang surut, serta kondisi arus setempat. Oleh sebab itu, menurutnya, kondisi laut yang berbahaya di Masalembo seharusnya tidak dijelaskan dengan satu mekanisme tunggal. Ia menekankan bahwa risiko pelayaran merupakan hasil interaksi antara faktor lingkungan dan faktor manusia serta kapal.  Faktor lingkungan dapat berupa angin, gelombang, arus, pasang surut, cuaca konvektif, dan batimetri. Sementara itu, faktor kapal dan operasional meliputi stabilitas, distribusi dan pengamanan muatan, kondisi teknis, kecepatan pelayaran, kemampuan manuver, kompetensi awak, serta keputusan navigasi. ""Dalam kondisi gelombang besar, misalnya, kapal dapat mengalami rolling dan pitching yg signifikan. Apabila stabilitas kapal terganggu atau terjadi pergeseran muatan, kondisi tersebut dapat menjadi semakin serius,"" jelas dia. Ia mengatakan bahwa fenomena oseanografi dan meteorologi terkait hal ini tidak bisa dianggap sebagai kesimpulan penyebab kecelakaan Virgo Transport 8. Fenomena tersebut merupakan faktor lingkungan yang secara fisik dapat memengaruhi kondisi pelayaran, tetapi kontribusi masing-masing faktor harus dibuktikan melalui data dan investigasi kecelakaan."
https://www.cnnindonesia.com/teknologi/20260916090753-192-1404458/jensen-huang-tolak-regulasi-baru-untuk-atur-perkembangan-ai,www.cnnindonesia.com,teknologi,Jensen Huang Tolak Regulasi Baru untuk Atur Perkembangan AI,2026-09-16 09:17,"CEO NvidiaJensen Huangmenolak seruan agar pemerintah membuat regulasi baru untuk mengatur teknologikecerdasan buatan(AI) yang berkembang semakin pesat. Menurutnya, regulasi baru tersebut tidak diperlukan. Huang menyampaikan hal tersebut dalam sebuah wawancara dengan Jim Cramer, di tengah sengitnya perdebatan mengenai keamanan AI. Meski sepakat bahwa masalah keamanan AI harus ditangani secara serius, ia menilai bahwa perusahaan AI seharusnya mampu menyelesaikan tantangan tersebut secara mandiri lewat pendekatan teknis. ""Gagasan bahwa kita butuh undang-undang baru, aturan antitrust baru, atau regulasi baru hanya agar perusahaan-perusahaan ini bisa menjalankan fungsi rekayasa dasar dan menguji produknya dengan benar sebelum dirilis itu sama sekali tidak perlu,"" kata Huang, melansir CNBC, Selasa (15/9).   ""Kita sudah punya banyak undang-undang dan regulasi yang mengatur keandalan serta fungsi sebuah produk,"" paparnya.  Huang menegaskan bahwa para pengembang AI memiliki kontrol penuh untuk memastikan produk mereka aman sebelum dilepas ke publik. ""Keamanan itu masalah rekayasa teknik. Kita harus membuat produk dan mengujinya dengan benar. Jika belum siap dirilis, tahan dulu dan terus lakukan pengujian serta perbaikan teknis sampai benar-benar siap,"" kata dia. Ia pun menyarankan agar perusahaan-perusahaan AI tersebut tidak berinovasi terlalu cepat hingga melepas produk yang belum aman. Di sisi lain, ia menepis kekhawatiran yang menyebutkan bahwa model AI yang semakin kuat akan menjadi ancaman eksistensial bagi umat manusia.  ""Kita tidak akan punah di 2030. Ada begitu banyak orang di dunia yang akan membangun AI dengan benar. Kita akan menyiapkan berbagai bentuk perlindungan serta menciptakan beragam teknologi demi keamanan dan keselamatan,"" ujar Huang. Perbincangan mengenai keamanan AI ini mengemuka usai CEO Anthropic Dario Amodei menerbitkan sebuah esai. Dalam esai tersebut, Amodei mengusulkan agar laboratorium-laboratorium AI terkemuka saling berkoordinasi untuk mengatur ritme pengembangan model-model AI canggih. Menurut dia, langkah ini perlu guna memberikan waktu yang cukup bagi perusahaan untuk menguji dan memperkuat sistem keamanan. Amodei juga menyebut bahwa upaya tersebut kemungkinan membutuhkan intervensi pemerintah atau kelonggaran aturan antitrust.  Masih dalam esainya, Amodei memaparkan tiga langkah untuk mengatur laju pengembangan model AI. Langkah pertama adalah dengan menempatkan penilai keamanan dari pihak ketiga di setiap laboratorium. Sementara, langkah kedua dan ketiga mencakup koordinasi global berbasis demokratis terkait standar keamanan, serta pembatasan terhadap laju perkembangan AI yang tidak terawasi. Amodei berpendapat bahwa beberapa bentuk koordinasi yang efektif untuk mengatur tempo pengembangan ini cukup sulit secara hukum, sehingga memerlukan dukungan dari pemerintah."
https://www.cnnindonesia.com/teknologi/20260915150213-192-1404212/openai-hingga-google-mau-bikin-standar-ai-apa-tujuannya,www.cnnindonesia.com,teknologi,"OpenAI Hingga Google Mau Bikin Standar AI, Apa Tujuannya?",2026-09-16 08:17,"Anthropic, Google, dan OpenAI dilaporkan telah membahas pembentukan badan standar industrikecerdasan buatan (AI)untuk mengatur pengujian dan penerapan model-model AI canggih. Pembicaraan itu berlangsung sebelum rangkaian peristiwa dalam sepekan terakhir, termasuk pengunduran diri mantan peneliti Anthropic yang menilai perusahaan-perusahaan AI terkemuka tidak bertindak secara bertanggung jawab. Diskusi tersebut juga terjadi sebelum CEO Anthropic Dario Amodei mengusulkan keberadaan pengawas pihak ketiga di perusahaan-perusahaan AI.    Menurut sumber yang mengetahui pembicaraan tersebut, gagasan pembentukan badan standar itu dipicu esai pendiri Google DeepMind Demis Hassabis pada Juli. Hassabis mengusulkan sebuah badan standar yang dipimpin Amerika Serikat (AS) dan mencontoh model Financial Industry Regulatory Authority atau FINRA. Dalam usulannya, badan tersebut bertugas menguji model AI canggih sebelum dirilis atau digunakan secara luas. Hassabis menginginkan badan itu berbentuk kemitraan publik-swasta yang diawasi pemerintah, tetapi dibiayai industri. Lembaga tersebut juga diusulkan diisi pakar teknis independen serta perwakilan komunitas open source. Pembicaraan mengenai badan standar itu disebut masih berlangsung. Salah satu sumber mengatakan diskusi akan terus berjalan dengan atau tanpa keterlibatan pemerintahan Presiden AS Donald Trump. Pada Juli, tak lama setelah Hassabis mempublikasikan gagasannya, Bloomberg melaporkan Menteri Keuangan AS Scott Bessent juga mempertimbangkan lembaga regulator AI independen dengan model mirip FINRA. Namun, tidak semua pemimpin teknologi mendukung gagasan tersebut.  CEO Meta Mark Zuckerberg dilaporkan telah menyarankan Trump untuk tidak mendukung rencana itu dalam percakapan telepon pada musim panas ini. Perwakilan Google, OpenAI, dan Anthropic menolak berkomentar atau tidak merespons permintaan komentar. Saat ini masih sedikit standar industri atau regulasi yang mengatur bagaimana model AI diuji. Kekhawatiran terhadap keselamatan model dan proses pengujiannya meningkat setelah sejumlah insiden pada musim panas ini ketika agen AI bertindak di luar kendali selama pengujian. Dalam kasus paling serius, agen OpenAI keluar dari lingkungan pengujiannya dan meretas sistem perusahaan lain untuk berbuat curang dalam sebuah tes keamanan siber. Gedung Putih saat ini memiliki mekanisme yang memungkinkan perusahaan AI secara sukarela menyerahkan model terbaru mereka untuk ditinjau pemerintah hingga 30 hari sebelum dirilis ke publik. Namun, persyaratan kelayakan model maupun proses peninjauan itu belum dipublikasikan. Seorang pejabat Gedung Putih pada akhir bulan lalu mengatakan pemerintah masih bekerja bersama para pemangku kepentingan industri untuk menerapkan kerangka tersebut. Perusahaan-perusahaan AI juga menyatakan ingin memiliki standar yang lebih baik. ""Saya percaya standar keselamatan bersama dan koordinasi internasional dalam pengembangan AI lebih lanjut perlu menjadi prioritas sekarang,"" kata Kepala Ilmuwan OpenAI Jakub Pachocki dalam sebuah keterangan awal bulan ini, dikutip dari CNN. Ketika ditanya soal perkembangan pembentukan badan standar industri, Pachocki mengatakan OpenAI telah berbicara dengan sejumlah organisasi eksternal mengenai kemungkinan standar konkret yang dapat diterapkan.    Ia mengatakan perkembangan lebih lanjut akan dibagikan dalam beberapa bulan mendatang. CEO OpenAI Sam Altman juga mengatakan perusahaannya menantikan kolaborasi dengan perusahaan lain di industri untuk merumuskan standar terbaik. Namun, belum ada kesepakatan soal bentuk standar tersebut. Ketua Parlemen AS Mike Johnson mengatakan perusahaan-perusahaan AI yang saling bersaing itu masih belum memiliki konsensus mengenai aturan dan pembatasan yang seharusnya diterapkan. Menurut Johnson, perusahaan AI dan pemerintah perlu segera duduk bersama untuk menyusun standar tersebut. ""Ini harus menjadi kemitraan dengan industri itu sendiri, dengan perusahaan-perusahaan yang mengembangkan teknologi ini, serta dengan pembuat kebijakan dan legislator,"" kata Johnson."
https://www.cnnindonesia.com/olahraga/20260916153105-170-1404648/bagas-apri-rela-merangkak-dari-nol-demi-indonesia,www.cnnindonesia.com,olahraga,Bagas/Apri Rela Merangkak dari Nol demi Indonesia,2026-09-16 22:10,"Pasangan baru Bagas Maulana/Apriyani Rahayuharus memulai kembali perburuan poin dari nol usai resmi beralih ke sektor ganda campuran. Sebelumnya, Bagas/Apri merupakan pebulutangkis yang berkecimpung lama di nomor ganda putra dan ganda putri. Kini keduanya harus bekerja dua kali lebih keras buat memupuk perolehan poin mereka. Hal itu disebabkan lantaran sistem poin ranking BWF melekat pada kombinasi pasangan dan nomor pertandingan, bukan pada individu pemain. Poin besar yang sudah dikoleksi Bagas di ganda putra maupun Apriyani di ganda putri pun tidak bisa dibawa ke sektor baru ini.   ""Karena poin kami di ganda campuran enggak ada. Jadi memang kami harus ekstra banget sih, saya dan Bagas juga gitu. Memang harus benar-benar hasilnya yang bagus banget, bukan bagus doang, tapi bagus banget, karena itu modal buat poin kita,"" ujar Apriyani saat ditemui di Pelatnas PBSI, Cipayung, Jakarta Timur, Rabu (16/9). ""Iya, untuk tahun depan, kami harus berjuang lebih keras, karena ini demi Indonesia juga kan,"" kata Bagas menimpali. Meski harus mengulang dari nol, keduanya mengaku tak merasa terbebani meski berstatus pemain senior. Bagas/Apriyani justru memandangnya sebagai kesempatan baru. ""Ini tuh perubahan baru, tantangan baru. Jadi, ya kenapa aku enggak ambil? Karena akungerasaaku masih bisa. Aku juga masih mau banget belajar lagi,"" ucap Apriyani.  ""Ya sebenarnya dilihat dari situ [sektor sebelumnya] memang sudah matang, cuma kita harus kembali lagi berpikir jangan seperti itu. Ini sebenarnya enggak apa-apa, ya emang udah, jalannya aja sih buat kita,"" sambung Bagas. Bagas/Apriyani baru menjalani lima hari latihan usai dipasangkan pelatih Nova Widianto. Keduanya bakal memulai debut di turnamen Surabaya International Challenge 2026, 22-27 September mendatang."
https://www.cnnindonesia.com/olahraga/20260916190526-142-1404758/klasemen-acl-2-usai-persib-bungkam-fc-seoul-maung-bandung-di-puncak,www.cnnindonesia.com,olahraga,Klasemen ACL 2 usai Persib Bungkam FC Seoul: Maung Bandung di Puncak,2026-09-16 21:44,"Persib Bandungmemuncaki klasemen sementara Grup E AFC Champions League (ACL) Two 2026/2027 usai mengalahkan FC Seoul, Rabu (16/9). Maung Bandung, julukan Persib, mengalahkan FC Seoul 1-0 padamatchdaypertama Grup E di Stadion Seoul World Cup. Gol kemenangan Persib dicetak Julio Cesar saat laga baru berjalan lima menit. Bek asal Brasil itu membobol gawang FC Seoul dengan tembakan first time menyambut umpan sepak pojok Marc Klok. Ini menjadi kemenangan bagi Persib dan Indonesia.   Berkat kemenangan ini Persib mengoleksi tiga poin dari satu pertandingan. Persib berhak atas posisi puncak karena pertandingan lainnya berakhir dengan skor imbang. Ya, pertandingan The Cong-Viettel versus Melbourne Victory di Stadion Hang Day, Hanoi, berakhir dengan skor 1-1. Dua gol dalam laga ini dicetak Claris Mariosantos (58) dan Lucas Libamar (62). Selain memuncaki klasemen Grup E, Persib juga mengukir sejarah. Kemenangan atas FC Seoul mengakhiri rekor panjang tak pernah menang klub Indonesia atas wakil Korea Selatan.  Terakhir kali klub Indonesia mengalahkan wakil Korea Selatan tercipta pada 1996. PSM Makassar mengalahkan Pohang Steelers 1-0 saat tandang ke Indonesia. Sayangnya, saat tandang PSM ditekuk 0-4. Karena itu PSM tidak lolos ke fase kedua karena kalah agregat 1-4. Pada musim 1996/1997 tersebut Pohang keluar menjadi juara. Bahkan, sepanjang sejarah bergulirnya kompetisi Asia sejak 1967, klub Indonesia tidak pernah menang atas klub Korea Selatan saat pertandingan digelar di Negeri Ginseng tersebut. 1. Persib Bandung (3 poin)2. Melbourne Victory (1 poin)3. The Cong-Viettel (1 poin)4. FC Seoul (0 poin)"
https://www.cnnindonesia.com/olahraga/20260916210823-142-1404791/persib-pecahkan-rekor-30-tahun-klub-indonesia-tak-menang-atas-korea,www.cnnindonesia.com,olahraga,Persib Pecahkan Rekor 30 Tahun Klub Indonesia Tak Menang atas Korea,2026-09-16 21:19,"Rekor negatif wakil Indonesia di pentas kontinental yang bertahan selama 30 dipatahkanPersib Bandungusai mengalahkan FC Seoul, Rabu (16/9). Persib menang 1-0 atas FC Seoul di Stadion Seoul World Cup pada laga AFC Champions League Two (ACL 2) 2026/2027. Gol tunggal Persib dicetak Julio Cesar pada babak pertama. Ini kemenangan bersejarah bagi sepak bola Indonesia. Pasalnya sudah 30 tahun Indonesia tidak pernah menang saat bersua dengan wakil Korea Selatan dalam kompetisi Asia.   Terakhir kali klub Indonesia mengalahkan wakil Korea Selatan tercipta pada 1996. PSM Makassar mengalahkan Pohang Steelers 1-0 saat tandang ke Indonesia. Sayangnya, saat tandang PSM ditekuk 0-4. Karena itu PSM tidak lolos ke fase kedua karena kalah agregat 1-4. Pada musim 1996/1997 tersebut Pohang keluar menjadi juara. Bahkan, sepanjang sejarah bergulirnya kompetisi Asia sejak 1967, klub Indonesia tidak pernah menang atas klub Korea Selatan saat pertandingan digelar di Negeri Ginseng tersebut.  Kemenangan Persib atas FC Seoul adalah yang pertama kali klub Indonesia meraih kemenangan di Korea Selatan dalam ajang resmi AFC. Ini tonggak sejarah, meski cuma di kompetisi kasta kedua. Namun, perjalanan Persib masih sangat jauh. Kemenangan atas FC Seoul adalah awalan. Masih ada lima pertandingan lagi yang harus dijalani dalam persaingan Grup E. Setelah ini Persib akan melakoni laga tandang melawan klub Vietnam, The Cong-Viettel pada 14 Oktober. Pertandingan ini tidak bisa dihadiri suporter karena Persib masih disanksi AFC."
https://www.cnnindonesia.com/olahraga/20260916181237-142-1404738/kata-kata-marc-klok-usai-persib-tumpas-fc-seoul-di-acl-two,www.cnnindonesia.com,olahraga,Kata-kata Marc Klok usai Persib Tumpas FC Seoul di ACL Two,2026-09-16 21:17,"KaptenPersib Bandung, Marc Klok menyampaikan kata-kata penuh semangat setelah timnya menang 1-0 atasFC Seouldi laga pembuka babak penyisihan Grup E AFC Champions League (ACL) Two di Seoul World Cup Stadium, Rabu (16/9). Klok berterima kasih kepada Bobotoh karena sudah jauh-jauh bertandang ke ibu kota Korea Selatan demi mendukung Maung Bandung. Tiga poin disyukuri oleh pemain Timnas Indonesia tersebut. ""Saya pikir hari ini adalah penampilan tim yang sangat luar biasa. Kami punya 1.000 lebih fans yang datang jauh ke sini, kami ingin memberikan mereka memori indah, saya pikir kami berhasil melakukannya. Tiga poin yang sangat sulit, tapi kami melakukannya,"" kata Klok selepas laga.   Klok dan kawan-kawan bermain lebih klinis dari lawan. Meski secara statistik kubu tuan rumah lebih dominan, keunggulan melalui gol Julio Cesar di menit kelima mampu dipertahankan hingga peluit akhir berbunyi. ""Kami tahu FC Seoul adalah tim yang hebat, nomor satu di Korea saat ini. Laga yang berat, kami datang dengan game plan yang jelas hari ini untuk melakukan counter attack,"" ujarnya. ""Kami dapatkan keunggulan dalam waktu cepat, setelah itu kami bekerja keras di pertahanan, tapi saya rasa kami seharusnya bisa mencetak gol kedua, saya kecewa dengan itu tapi senang dengan kemenangan ini,"" ia menambahkan.  Lebih lanjut Klok ingin mempersembahkan kemenangan untuk para penggemar. Hasil maksimal sekaligus meningkatkan motivasi Pangeran Biru setelah kalah 1-2 dari Persija Jakarta di Stadion Utama Gelora Bung Karno (SUGBK) pada pekan kedua Super League 2026/2027. ""Terima kasih banyak kepada fans, saya tahu betapa besar hasil ini buat mereka, lihatlah mereka, mereka akan berpesta sampai besok pagi, mereka sangat luar biasa, terima kasih,"" ucapnya. Menyusul kemenangan Persib, untuk sementara waktu tim asuhan Igor Tolic itu memimpin klasemen Grup E dengan tiga poin. Di laga lainnya, FC Cong Viettel dan Melbourne Victory sedang memperebutkan hasil maksimal."
https://www.cnnindonesia.com/olahraga/20260916202718-142-1404783/persib-cetak-sejarah-usai-bungkam-fc-seoul-di-afc-champions-league-two,www.cnnindonesia.com,olahraga,Persib Cetak Sejarah usai Bungkam FC Seoul di AFC Champions League Two,2026-09-16 21:17,"Persib Bandungcetak sejarah usai mengalahkan FC Seoul pada matchday pertama Grup E AFC Champions League Two (ACL Two) 2026/2027, Rabu (16/9). Bertanding di Stadion Piala Dunia, Seoul, Persib sukses mencuri tiga poin setelah menumbangkan FC Seoul dengan skor 1-0. Kemenangan Maung Bandung dipastikan lewat gol cepat Julio Cesar saat pertandingan baru berjalan lima menit.    Hasil tersebut tidak hanya memberi Persib tiga poin pada laga pembuka Grup E. Maung Bandung juga mencatat pencapaian bersejarah dalam perjalanan klub Indonesia di kompetisi antarklub Asia. Persib menjadi klub pertama asal Indonesia yang berhasil meraih kemenangan tandang atas klub Korea Selatan. Pencapaian tersebut terasa istimewa karena klub-klub Indonesia selalu kalah dalam 10 pertandingan saat melawat ke Korea selatan.  Catatan negatif itu akhirnya terputus di Seoul. Persib mampu membawa pulang kemenangan 1-0 dari markas FC Seoul berkat gol semata wayang Julio Cesar. Hasil ini membuat Persib memimpin klasemen sementara Grup C dengan raihan tiga poin. Namun, posisi Persib bisa tergusur jika salah satu tim dari duel The Cong Viettel FC vs Melbourne Victory raih kemenangan dengan margin dua gol."
https://www.cnnindonesia.com/olahraga/20260916193820-170-1404771/perdana-main-di-ganda-campuran-bagas-apri-ungkap-tantangan-terbesar,www.cnnindonesia.com,olahraga,"Perdana Main di Ganda Campuran, Bagas/Apri Ungkap Tantangan Terbesar",2026-09-16 20:17,"Pasangan anyar ganda campuran Indonesia, Bagas Maulana/Apriyani Rahayu, membeberkan tantangan terbesar usai resmi ditandemkan. Kedua pebulutangkis tersebut mengaku harus membangun pola permainan dari awal. Bagas dan Apri sama-sama belum pernah bermain di sektor ganda campuran. Latar belakang keduanya lama berkompetisi di sektor ganda putra dan ganda putri. Karena itu penyatuan ini menuntut proses adaptasi ekstra dalam pembagian peran di lapangan.   Bagas menilai rotasi permainan ganda campuran jauh lebih kompleks. Pasalnya kedua pasangan harus menyesuaikan ritme pergerakan dengan rekan duet perempuan. Pebulutangkis berusia 28 tahun itu menyatakan, penting bertukar pikiran dengan para pemain ganda campuran lain. Pengaturan skema serangan dan kedisiplinan pun menjadi fokus. ""Ini kan partner-nya beda dari yang sebelumnya, apa maksudnya bukan cowok, ini partner cewek [ganda campuran],"" ujar Bagas di Pelatnas PBSI, Cipayung, Jakarta pada Rabu (16/9). ""Jadi kami harus lebih ngatur di dalam lapangan dan kami juga masih perlu sharing sama yang sudah main ganda campuran. Kayak contohnya saya sama Amri [Syahnawi], ya perlu juga belajar ke dia.""  Adapun Apriyani menyoroti penyesuaian gaya bermain lantaran karakter Bagas sangat berbeda. Kendati baru latihan dalam lima hari, intensitas komunikasi terus ditingkatkan. Apriyani menilai perubahan pola yang diusung tidak serta-merta merombak total teknik dasar, namun lebih pada pembacaan situasi dalam pertandingan. Koordinasi mengenai buangan bola. ""Saya dan Bagas baru latihan beberapa hari, sudah memang aku coba, kami coba berkomunikasi untuk, 'Ini gimana ya maksudnya mainnya? Maksudnya gimana pembagian posisi?"" ""Lalu di siapa jaga depan dan belakang?' Karena kan Bagas beda, Dejan beda,"" ungkap Apri yang sempat dipasangkan dengan Dejan Ferdinansyah dalam waktu yang terbilang singkat. Eksperimen ganda campuran racikan Nova Widianto ini dijadwalkan bakal melakoni ujian perdana dalam ajang Indonesia International Challenge 2026 di Surabaya."
https://www.cnnindonesia.com/olahraga/20260916101024-142-1404489/penyerang-naturalisasi-baru-malaysia-tak-sabar-bikin-gol-di-sugbk,www.cnnindonesia.com,olahraga,Penyerang Naturalisasi Baru Malaysia Tak Sabar Bikin Gol di SUGBK,2026-09-16 20:17,"Pemain yang baru dinaturalisasi Malaysia,Bergson Da Silva, tidak sabar mencetak gol di Stadion Utama Gelora Bung Karno (SUGBK) dalamFIFA ASEAN Cup 2026yang akan berlangsung di Indonesia. Bergson baru saja mendapat kepastian naturalisasi dan mendapat restu FIFA mewakili Malaysia. Pemain kelahiran Brasil itu merasa begitu terhormat bisa bergabung dengan kesebelasan yang kini dilatih Tan Cheng Hoe. Bergson pun menyatakan kesiapan dan sudah mengimpikan gol perdana untuk Malaysia dalam ajang FIFA ASEAN Cup 2026. Skuad Negeri Jiran akan memainkan seluruh pertandingan di Stadion Utama Gelora Bung Karno (SUGBK) lantaran bergabung di Grup A bersama Indonesia, Singapura, dan Bangladesh.   ""Setiap hari saya tidur dan bangun dengan memikirkan gol. Kalau saya dipanggil untuk bergabung dengan tim nasional pada 21 September ini, saya siap,"" kata Bergson dikutip dariBeritaHarian. ""Namun, itu tidak bergantung pada saya sendiri karena melibatkan birokrasi, tetapi saya punya keinginan itu,"" ucapnya melanjutkan. Pemain berusia 35 tahun itu mengaku tidak menyangka bisa mendapat kewarganegaraan Malaysia ketika tiba di negara tersebut untuk kali pertama pada 2021 setelah dikontrak klub Johor Darul Ta'zim (JDT).  ""Ketika saya pertama kali datang ke sini, saya tidak pernah berpikir untuk dinaturalisasi. Satu-satunya tujuan saya adalah memberikan yang terbaik untuk JDT,"" aku Bergson. ""Saya sangat senang dengan penampilan dan dukungan kuat yang diberikan oleh 'bos' [Tunku Mahkota Ismail, pemilik JDT] selama ini. Saya ingin membalas semua dukungan dari Malaysia dan Boss melalui kerja keras di lapangan,"" tuturnya menambahkan. Bergson merupakan salah satu pemain yang dinaturalisasi Malaysia menjelang FIFA ASEAN Cup 2026 selain Brad Tapp. Sama seperti Bergson, Tapp juga merupakan pemain yang membela klub Johor Darul Ta'zim."
https://www.cnnindonesia.com/olahraga/20260916190626-156-1404762/agius-resmi-gabung-tech3-di-motogp-2027-duet-bareng-marini,www.cnnindonesia.com,olahraga,"Agius Resmi Gabung Tech3 di MotoGP 2027, Duet Bareng Marini",2026-09-16 20:17,"Red Bull KTM Tech3 resmi mengumumkan perekrutanSenna Agiussebagai pembalap baru mereka untuk tampil dalamMotoGP 2027, Rabu (16/9). Agius akan menjadi pembalap elite Tech3 dan menjadi rekan setim Luca Marini yang sebelumnya sudah lebih dulu diumumkan bergabung dengan Tech3 untuk musim 2027. Promosi Agius dari kelas Moto2 2026 menambah daftar panjang rookie pada musim depan. Agius sekaligus pula menjadi pembalap terakhir yang akan mengisi jajaran pembalap MotoGP 2027.   Musim ini Agius membela panji Liqui Moly Dynavolt Intact GP dalam Moto2. Saat ini Agius bertengger di peringkat keempat klasemen sementara Moto2 2026 dengan 149 poin. Bagi Agius, promosi ke MotoGP sekaligus membuka babak baru karier. Ia akan menghadapi tantangan berbeda karena kelas utama akan memasuki perubahan regulasi besar mulai musim 2027. MotoGP 2027 akan menggunakan mesin berkapasitas 850 cc, turun dari 1.000 cc, yang digunakan saat ini. Selain itu, kejuaraan juga akan beralih menggunakan ban Pirelli.  Tech3 sendiri akan tetap menggunakan motor KTM. Sementara itu, Marini membawa pengalaman dari MotoGP untuk mendampingi Agius yang baru akan menjalani musim pertamanya di kelas premier. Dengan bergabungnya Agius, susunan pembalap Red Bull KTM Tech3 untuk MotoGP 2027 kini lengkap. Agius dan Marini akan menjadi duet Tech3 dalam menghadapi musim depan."
https://www.cnnindonesia.com/olahraga/20260916152817-142-1404645/7-pemain-timnas-indonesia-terancam-absen-di-fifa-asean-cup,www.cnnindonesia.com,olahraga,7 Pemain Timnas Indonesia Terancam Absen di FIFA ASEAN Cup,2026-09-16 19:17,"Sebanyak tujuh pemainTimnas Indonesiaterancam absen dalamFIFA ASEAN Cup 2026karena sedang menjalani pemulihan cedera. Ketujuh pemain yang terancam absen tersebut adalah Jay Idzes, Marselino Ferdinan, Shayne Pattynama, Sandy Walsh, Doni Tri Pamungkas, Miliano Jonathans, dan Mees Hilgers. Ini hanya nama-nama yang termasuk dalam skuad saat FIFA Series 2026 dan Piala AFF 2026. Pemain yang sebelumnya dipanggil dan sedang cedera, tidak masuk dalam hitungan.   Salah satu contohnya Adrian Wibowo. Pemain yang sedang dipinjamkan Los Angeles FC ke Wacker Innsbruck ini sedang dalam pemulihan cedera. Ia terakhir kali dipanggil ke Timnas pada 2025. Idzes mengalami cedera dalam pertandingan Sassuolo versus Juventus dalam Serie A 2026/2027. Kapten Timnas Indonesia ini didiagnosis cedera otot quadriceps kaki kiri. Karena cedera ini Idzes diprediksi menepi hingga delapan pekan atau dua bulan. Karena itu hampir pasti Idzes akan absen dalam FIFA ASEAN Cup 2026 pada akhir September ini. Kemudian Marselino Ferdinan masih dalam proses pemulihan cedera. Marselino cedera saat persiapan Piala AFF 2026. Karena cedera ini Marselino belum memiliki klub setelah dilepas Oxford United.  Dua pemain Persija Jakarta, Shayne Pattynama dan Doni Tri Pamungkas, juga masih dalam proses pemulihan cedera. Keduanya cedera saat persiapan Persija menuju Super League 2026/2027. Lantas Sandy Walsh. Pemain Persib Bandung ini mengalami cedera saat tampil dalam Piala AFF 2026. Hingga kini Sandy belum menjalani debut resmi bersama Maung Bandung. Ada juga Miliano Jonathans dan Mees Hilgers yang masih dalam proses pemulihan cedera. Keduanya belum masuk susunan pemain bersama klubnya masing-masing pada musim ini. Sejatinya ada Rizky Ridho yang sempat mengalami kendala dalam laga Persija versus Persib. Kabar baiknya, Ridho disebut tidak mengalami cedera sehingga bisa dipanggil ke Timnas Indonesia. 1. Jay Idzes (Sassuolo)2. Marselino Ferdinan (tanpa klub)3. Shayne Pattynama (Persija)4. Sandy Walsh (Persib)5. Doni Tri Pamungkas (Persija)6. Miliano Jonathans (Exelcior)7. Mees Hilgers (Heerenveen)"
https://www.tribunnews.com/nasional/7883603/zulhas-bantah-prabowo-kumpulkan-ketua-umum-partai-koalisi-bahas-revisi-uu-pemilu,www.tribunnews.com,nasional,Zulhas Bantah Prabowo Kumpulkan Ketua Umum Partai Koalisi Bahas Revisi UU Pemilu,2026-09-16 22:08,"TRIBUNNEWS.COM, JAKARTA- Ketua Umum PANZulkifli Hasanmembantah adanya pertemuan antara PresidenPrabowo Subiantodengan pimpinan partai koalisi beberapa waktu lalu membahas soal Revisi Undang-undang Pemilu. Menurut Zulhas, isu mengenai pertemuan tersebut adalah kabar bohong alias hoaks. “Hoaks hoaks hoaks. Gak ada,” kata Zulhas di Istana Kepresidenan, Jakarta, Rabu, (16/9/2026). Zulhas mempertanyakan mengenai asal muasal isu tersebut bergulir. Menurut Zulhas narasi yang menyebutkan para Ketum Parpol berkumpul bersama Presiden membahas revisiUU Pemiluadalah karangan belaka. “Tidak ada siapa yang bilang itu, ngarang itu ya,” katanya. Saat ditanya mengenai pandangan PAN terkait revisiUU Pemilu, Zulhas kembali menegaskan bahwa tidak ada pertemuan antara Ketum Parpol dengan Presiden membahas hal tersebut. “Enggak ada ya Presiden kumpulkan partai... itu, enggak ada,” pungkasnya. Sebelumnya, Sekretaris JenderalGerindraSugino membenarkan adanya pertemuan antara Pimpinan Parpol koalisi membahasRUU Pemilu. Namun tidak disebutkan bahwa Presiden Prabowo hadir dalam pertemuan. Sekretaris Jenderal (Sekjen) PartaiGerindraSugionomengungkapkan, pembahasan mengenaiRUU Pemilutelah dilakukan sejumlah ketua umum partai politik beberapa waktu lalu. Dalam pertemuan tersebut, PartaiGerindradiwakili Ketua Harian DPP PartaiGerindraSufmi Dasco Ahmad. ""Ya, jadi kemarin beberapa Ketua Umum partai berkumpul. PartaiGerindrawaktu itu diwakili oleh Pak Dasco selaku Ketua Harian untuk membicarakan mengenai hal-hal yang perlu dibicarakan dalam rangka Undang-Undang Pemilu,"" kataSugiono, di Kompleks Parlemen, Senayan, Jakarta, Rabu (16/9/2026). Sugiono mengatakan, salah satu poin yang dinilai telah memiliki kesamaan pandangan adalah mengenai besaran PT 5 persen. ""Tapi satu hal yang sepertinya semua sepakat, tapi saya kira saya tidak bisa berbicara atas nama partai-partai lain,Gerindrajuga sepakat soal PT 5 persen. Seperti juga kemarin Golkar juga menyampaikan ya, PKS juga menyampaikan, dan saya kira itu yang kita sepakati. Kemudian beberapa hal lain juga dibicarakan,"" ujar Menteri Luar Negeri itu. MenurutSugiono, pembahasanRUU Pemilutidak hanya berkaitan dengan ambang batas parlemen. Satu di antara hal yang menjadi perhatian adalah bagaimana pelaksanaan pemilu dapat berjalan lebih efektif dan efisien."
https://www.tribunnews.com/nasional/7883601/dosen-uin-jakarta-arisman-bahas-ekonomi-dan-teknologi-asean-taiwan-dalam-program-visiting-scholars,www.tribunnews.com,nasional,Dosen UIN Jakarta Arisman Bahas Ekonomi dan Teknologi ASEAN-Taiwan dalam Program Visiting Scholars,2026-09-16 22:03,"TRIBUNNEWS.COM, JAKARTA-  Dosen Universitas Islam Negeri (UIN) Syarif Hidayatullah Jakarta, Dr. Arisman, terpilih mengikuti programASEANVisiting Scholars Program diTaiwan. Dosen Program Studi Ekonomi PembangunanFakultas Ekonomi dan Bisnis(FEB) UIN Jakarta tersebut menjadi bagian dari delegasi yang terdiri dari enam dosen dan peneliti dari sejumlah negara Asia Tenggara. Delegasi tersebut mencakup akademisi dari Indonesia, Malaysia, Filipina, Thailand, dan Vietnam. Selama berada di Taiwan, mereka dijadwalkan mengikuti sejumlah agenda akademik dan diskusi mengenai perkembangan ekonomi serta politik kawasan. Kejar Akreditasi Internasional AACSB, FEB UIN Jakarta Perkuat Tata Kelola S3 Perbankan Syariah Arisman yang juga menjabat sebagai Direktur Center for Southeast Asian Studies (CSEAS) UIN Jakarta akan mengikuti pertemuan dengan sejumlah pejabat dan lembaga diTaiwan. Agenda kunjungan mencakup pertemuan dengan Wakil Menteri Luar NegeriTaiwan, Chung-Hua Institution for Economic Research, akademisi Tamkang University, Industrial Technology Research Institute, serta Hsinchu Science Park Bureau. Pertemuan tersebut akan membahas sejumlah isu yang berkaitan dengan hubunganTaiwandan negara-negaraASEAN, termasuk investasi, perdagangan, serta perkembangan teknologi. Dekan FEBUIN Syarif Hidayatullah Jakarta, Prof. Dr. Ibnu Qizam, mengatakan keterlibatan akademisi dalam program internasional dapat membuka peluang kolaborasi di bidang pendidikan dan penelitian. ""FEB UIN Jakarta secara konsisten mengupayakan langkah internasionalisasi, bagi dosen maupun mahasiswa, melalui berbagai terobosan kerja sama global. Keterlibatan akademisi dalam jejaring riset internasional menjadi kunci penting, untuk membawa gagasan lokal ke panggung dunia, sekaligus memperkuat standar mutu perguruan tinggi,"" ujar Ibnu Qizam dalam keterangan tertulis, Rabu (16/9/2026). Program diTaiwantersebut menjadi pengalaman fellowship internasional keempat yang diikuti Arisman. Sebelumnya, Arisman pernah menjadi Research Fellow selama tiga bulan di Western Sydney University, Australia, melalui skema Australia Awards. Matangkan Kurikulum Prodi Magister Manajemen, FEB UIN Jakarta Gandeng Akademisi dan Praktisi Ia juga pernah mengikuti program fellowship Departemen Luar Negeri Amerika Serikat di Washington D.C. Selain itu, Arisman menuntaskan program fellowship di Denmark Technical University (DTU), Kopenhagen, melalui dukungan Danida Fellowship."
https://www.tribunnews.com/nasional/7883598/15-poin-perlawanan-kubu-roy-suryo-dan-tifa-hadapi-sidang-ijazah-jokowi-besok,www.tribunnews.com,nasional,15 Poin Perlawanan Kubu Roy Suryo dan Tifa Hadapi Sidang Ijazah Jokowi Besok,2026-09-16 22:00,"TRIBUNNEWS.COM- Tim kuasa hukumRoy Suryodandr Tifamenyiapkan sekitar 14 hingga 15 poin perlawanan atau eksepsi menjelang sidang pembacaan surat dakwaan perkara dugaan pencemaran nama baik dan pelanggaran Undang-Undang Informasi dan Transaksi Elektronik (UU ITE). Sidang tersebut dijadwalkan berlangsung di Pengadilan Negeri (PN) Jakarta Timur, Kamis (17/9/2026). Persiapan eksepsi disampaikan pakar hukum tata negara Refly Harun melalui kanal YouTube miliknya pada Rabu (16/9/2026). Refly menyebut tim kuasa hukum telah mempersiapkan sejumlah persoalan hukum yang akan diajukan dalam persidangan pokok perkara. ""Kami telah menyiapkan Nota Perlawanan (Eksepsi) sekitar 14 hingga 15 poin item perlawanan,"" kata Refly dalam pernyataannya. Salah satu persoalan yang akan dipermasalahkan tim hukum berkaitan dengan penggunaan Pasal 433 dan Pasal 434 KUHP dalam surat dakwaan. Refly menyebut timnya mempertanyakan penggunaan kedua pasal tersebut secara bersamaan. Ia tidak merinci konstruksi dakwaan jaksa secara lengkap maupun hubungan setiap unsur pasal dengan perbuatan yang didakwakan. Karena itu, keberatan tersebut perlu diuji melalui surat dakwaan resmi dan uraian hukum yang disampaikan penasihat hukum dalam persidangan. Selain ketentuan dalam KUHP, tim hukumRoy Suryojuga menyoroti penggunaan Pasal 32 dan Pasal 35 UU ITE. Refly mempersoalkan penerapan kedua pasal tersebut dengan alasan dokumen yang dianggap asli merupakan dokumen fisik. Besok Sidang Perdana Roy Suryo, Kuasa Hukum Tegaskan Keaslian Ijazah Jokowi Jadi Objek Sentral ""Penggunaan Pasal 32 dan Pasal 35 UU ITE, padahal dokumen yang dianggap asli adalah dokumen fisik (tidak ada dokumen elektroniknya)."" Pernyataan tersebut merupakan argumentasi dari pihak yang mempersiapkan eksepsi, bukan kesimpulan pengadilan mengenai terpenuhi atau tidaknya unsur tindak pidana. Penilaian terhadap relevansi pasal akan bergantung pada isi dakwaan, alat bukti, serta konstruksi hukum yang diajukan jaksa dan penasihat hukum."
https://www.tribunnews.com/nasional/7883593/summarecon-buka-suara-usai-presdir-adrianto-pitojo-adi-jadi-tersangka-gratifikasi-hgb,www.tribunnews.com,nasional,Summarecon Buka Suara usai Presdir Adrianto Pitojo Adi Jadi Tersangka Gratifikasi HGB,2026-09-16 21:43,"TRIBUNNEWS.COM -PTSummareconAgung Tbk buka suara setelah Presiden Direktur (Presdir)Adrianto Pitojo Adiditetapkan sebagai tersangka dugaan gratifikasi terkait pembukaan blokir sertifikat Hak Guna Bangunan (HGB) pada lahan diKabupaten Bogor, Jawa Barat. Corporate Secretary PTSummarecon, Lydia Tjio, mengungkapkan bahwa status hukum dari lahan yang dimaksud merupakan milik dari entitas anak perseroan. Lydia juga menjelaskan soal status hukum yang belum ada perubahan meski adanya kasus dugaan gratifikasi yang terjadi terkait lahan yang dimaksud. ""SHGB yang sedang diurus tersebut merupakan milik entitas anak Perseroan dan sedang dalam proses pemecahan dan sampai saat ini belum ada perubahan status hukum dikarenakan proses pengurusan tersebut masih berjalan. Sampai dengan saat ini, permintaan keterangan awal dari KPK masih berlangsung,"" katanya dikutip dari berkas yang diunggah di Keterbukaan Informasi di situs Bursa Efek Indonesia (BEI), Rabu (16/9/2026). KPK Buru Dalang Suap HGB Summarecon, Alur Perintah ke Pejabat BPN Ditelusuri Di sisi lain, Lydia menuturkan bahwa pihaknya belum bisa memberikan tanggapan lebih lanjut soal penetapan tersangka terhadap Adrianto. Dia menegaskan PTSummareconmenghormati proses hukum yang kini masih terus berjalan diKPK. ""Namun demikian, kami menghargai semua pihak untuk menjunjung tinggi asas praduga tidak bersalah sampai ada putusan pengadilan berkekuatan hukum tetap,"" jelasnya. Kendati demikian, Lydia menuturkan bahwa pihaknya akan kooperatif ketika aparat penegak hukum membutuhkan keterangan terkait kasus dugaan gratifikasi yang menjerat Ardianto. Lebih lanjut, dirinya mengungkapkan belum ada dampak atas kasus yang menjerat Ardianto terhadap PTSummarecon. ""Sampai saat ini belum ada dampak atas pemberitaan dan/atau proses pemeriksaan tersebut terhadap Perseroan, termasuk terhadap statusHGB, aset, proyek, kegiatan operasional, maupun kondisi keuangan Perseroan,"" pungkasnya. Plt Direktur PenyidikanKPKAchmad Taufik Husein mengungkap kasus korupsi bermula dari perpanjangan dariHGBatau pemecahanHGBke Sertifikat Hak Milik (SHM) yang dikelola oleh PTSummarecondiKabupaten Bogor, Jawa Barat. Dia mengatakan tanah yang dimaksud ternyata masih dalam proses sengketa dengan ahli waris. Lalu, Husein menuturkan para ahli waris tersebut mengajukan gugatan terkait penertiban HGU PTSummareconyang diterbitkan oleh Kantor Wilayah ATR/BPN Jawa Barat dan Kantor PertanahanKabupaten Bogor. ""Kemudian pihak-pihak pemilik tanah atau ahli waris mengajukan gugatan perkara ke PTUN Bandung atas penerbitan sembilan sertifikat Hak Guna Bangunan (HGU) yang diterbitkan oleh Kepala Kantor Wilayah ATR/BPN Jawa Barat dan Kepala Kantor PertanahanKabupaten Bogor,"" katanya dalam konferensi pers di Gedung Merah PutihKPK, Jakarta Selatan, Selasa (15/9/2026). Setelah itu, ahli waris mengajukan pemblokiran sertifikatHGBPTSummareconlantaran masih berjalanya gugatan."
https://www.tribunnews.com/nasional/7883592/usai-sita-rp1-triliun-kejagung-periksa-pegawai-kemenhut-di-kasus-pt-psmi,www.tribunnews.com,nasional,"Usai Sita Rp1 Triliun, Kejagung Periksa Pegawai Kemenhut di Kasus PT PSMI",2026-09-16 21:35,"TRIBUNNEWS.COM, JAKARTA-Kejaksaan Agungmemeriksa empat saksi dalam penyidikan dugaankorupsipenggunaan dan pemanfaatan kawasan hutan untuk perkebunan oleh PT Pemuka Sakti Manis Indah (PT PSMI) di areal PT Inhutani V, Lampung. Pemeriksaan dilakukan penyidik Jaksa Agung Muda Bidang Tindak Pidana Khusus (Jampidsus) pada Rabu (16/9/2026). Kepala Pusat Penerangan Hukum (Kapuspenkum)KejagungAnang Supriatna mengatakan empat saksi yang diperiksa ialah YR dari KLHK periode 2014-2018, LSH selaku Dewan KomisarisPT PSMI, LPC selaku DireksiPT PSMI, dan I dariKementerian Kehutananperiode 2025 hingga sekarang. ""Tim Jaksa penyidik Jampidsus telah melaksanakan kegiatan penyidikan berupa pemeriksaan 4 orang saksi terkait dugaankorupsidalam penggunaan dan pemanfaatan kawasan hutan untuk perkebunan olehPT PSMIpada areal PT INHUTANI V Provinsi Lampung,"" kata Anang dalam keterangannya, Rabu (16/9/2026). Anang tidak merinci materi pemeriksaan. Ia mengatakan keterangan para saksi diperlukan untuk memperkuat pembuktian dan melengkapi pemberkasan perkara. Pemeriksaan itu merupakan bagian dari penyidikan yang sebelumnya telah memeriksa 47 saksi dan tiga ahli. Penyidik juga telah menyita sejumlah dokumen terkait perkara. Dalam penyidikan tersebut,Kejagungmenerima penitipan uang dariPT PSMIsebesar Rp1.003.184.000.000 dan USD166.000 melalui pegawai perusahaan berinisial VRL. Uang itu kemudian disita penyidik setelah mendapat persetujuan Pengadilan Negeri Jakarta Selatan. Bahlil Angkat Tangan saat Ditanya Fahd A Rafiq & Orang Dekat Nusron Ditangkap Kasus Summarecon Perkara ini berkaitan dengan dugaan pemanfaatan kawasan hutan untuk perkebunan tebu di areal PT Inhutani V, Lampung. Kejagung menyebut lahan yang teridentifikasi beririsan dengan kawasan tersebut mencapai 1.268 hektare, sementara bagian lainnya masih dalam proses penyidikan. Kejagung menyatakan penyidikan masih berlangsung. Barang bukti dan rekening perusahaan juga direncanakan diserahkan kepada Badan Pemulihan Aset untuk perawatan dan pengelolaan lebih lanjut."
https://www.tribunnews.com/nasional/7883588/bahlil-angkat-tangan-saat-ditanya-fahd-a-rafiq-orang-dekat-nusron-ditangkap-kasus-summarecon,www.tribunnews.com,nasional,Bahlil Angkat Tangan saat Ditanya Fahd A Rafiq & Orang Dekat Nusron Ditangkap Kasus Summarecon,2026-09-16 21:26,"TRIBUNNEWS.COM, JAKARTA- Ketua UmumPartai GolkarBahlil Lahadaliatidak memberikan jawaban substantif saat ditanya wartawan mengenai kadernya,Fahd El FouzaliasFahd A Rafiq, dan Menteri ATR/BPN Nusron Wahid yang dikaitkan dengan perkara dugaansuappengurusanHGBPTSummareconAgung Tbk. Pertanyaan itu disampaikan setelah Bahlil mengikuti rapat bersama Presiden Prabowo Subianto di Istana Kepresidenan, Jakarta, Rabu (16/9/2026). Sejumlah wartawan mengiringi Bahlil menuju mobil dan melontarkan pertanyaan, termasuk mengenai Fahd dan Nusron. Namun, Bahlil tidak menjawab pertanyaan tersebut. “Aku ada rapat lagi ya,” kata Bahlil. Ia kemudian terus berjalan menuju mobil sambil meminta maaf kepada wartawan. “Dinda-dinda, mohon maaf ya,” ujarnya. Fahd A Rafiq merupakan satu dari delapan tersangka yang ditetapkan Komisi Pemberantasan Korupsi (KPK) dalam perkara dugaansuappengurusan Hak Guna Bangunan (HGB) PTSummareconAgung Tbk di Kabupaten Bogor, setelahOTTdi kawasan Jabodetabek pada Senin (14/9/2026). Fahd, yang merupakan Ketua DPPPartai Golkar, didugaKPKberperan sebagai penampung uang dalam perkara di lingkungan Kementerian Agraria dan Tata Ruang/Badan Pertanahan Nasional (ATR/BPN). KPK juga menyebut Fahd bersama Arif Sugiyanto, Erwin, dan Muhammad Fakhry sebagai empat tersangka yang diduga merupakan orang kepercayaan Nusron Wahid. KPK Temukan Struktur Bayangan ATR/BPN di Kasus HGB Summarecon, 4 Orang Kepercayaan Nusron Saat wartawan kembali menanyakan posisi Nusron dalam perkara tersebut, Bahlil tetap tidak memberikan jawaban. Setelah masuk ke kursi belakang mobil, Bahlil mengangkat dan menangkupkan kedua tangannya sebagai gestur mengakhiri tanya jawab. Bahlil kemudian melambaikan tangan sebelum mobil meninggalkan lokasi. Dalam perkara tersebut, Nusron belum ditetapkan sebagai tersangka.KPKmasih mendalami perkara dan keterkaitan para pihak di dalamnya. KPK menyatakan pemanggilan Nusron akan bergantung pada kebutuhan penyidikan. Hingga kini, status Nusron berbeda dengan Fahd dan tiga pihak lainnya yang telah ditetapkan sebagai tersangka."
https://www.tribunnews.com/nasional/7883585/profesi-kurator-di-indonesia-didorong-semakin-profesional-dan-kredibel,www.tribunnews.com,nasional,Profesi Kurator di Indonesia Didorong Semakin Profesional dan Kredibel,2026-09-16 21:12,"TRIBUNNEWS.COM, JAKARTA- Ketua Panitia sekaligus Bendahara Umum Persatuan Kurator dan Pengurus Indonesia (PERKAPI), Muhammad Arsyad, mendorong seluruh jajaran pengurus untuk menjadikan momentum pengukuhan organisasi sebagai langkah awal membangunprofesikuratoryangprofesional dan kredibel di Tanah Air. Dorongan tersebut disampaikannya menjelang agenda pengukuhan kepengurusan sekaligus Rapat Kerja (Raker) pertama PERKAPI pasca-terbentuk dan diakui secara resmi oleh pemerintah. Acara tersebut akan digelar di Fairmont Hotel, Jakarta Selatan, pada Jumat (18/9/2026) mendatang. Kurator adalahprofesional yang bertugas mengelola, mengawasi, dan merawat objek atau aset tertentu. Perankuratorberbeda tergantung konteks bidangnya, misalkan seni, hukum dan kepailitas hingga konten. ""Pengukuhan ini bukan hanya seremoni organisasi. Ini merupakan momentum untuk memulai kerja kepengurusan secara nyata, membangun organisasi yangprofesional dan kredibel, serta memberikan kontribusi bagi perkembanganprofesikuratordan pengurus di Indonesia,” kata Arsyad dalam keterangannya, Rabu (16/9/2026). Agenda tersebut dijadwalkan bakal dihadiri langsung oleh Menteri Hukum RI Supratman Andi Agtas dan Ketua Komisi XIII DPR RI Willy Aditya. Menurut Arsyad, kehadiran dua pemangku kepentingan tersebut memiliki makna penting bagi para pengurus. Hal ini dinilai sebagai wujud nyata pentingnya membangun komunikasi dan sinergi antara organisasiprofesi, pemerintah, dan lembaga legislatif, khususnya dalam penguatan sistem hukum. Sementara itu, Ketua Bidang Hukum dan Advokasi sekaligus Juru Bicara PERKAPI Abdul Haji Talaohu menegaskan, kehadiran organisasi baru ini tidak dimaksudkan sekadar menambah struktur organisasiprofesisecara administratif. Sebagai organisasiprofesikuratordan pengurus kelima yang diakui pemerintah dan masuk dalam Komite Bersama, terdapat amanah besar yang harus dijalankan. ""Dengan pengakuan pemerintah tersebut, ada tanggung jawab yang lebih besar di pundak kami. PERKAPI harus mampu menunjukkan bahwa keberadaan organisasi ini memberikan nilai tambah bagiprofesi, anggota, maupun sistem hukum secara keseluruhan,” ujarnya. Ia berharap, kehadiran Menkum dan Ketua Komisi XIII DPR RI nantinya dapat menjadi ruang dialog yang konstruktif. Terlebih,profesikuratorterus dituntut berkembang mengikuti dinamika hukum kepailitan dan Penundaan Kewajiban Pembayaran Utang (PKPU) di masyarakat. Selain pengukuhan dan Raker, agenda strategis lain yang akan dilakukan adalah penandatanganan kerja sama dengan sejumlah akademisi. Terdapat empat perguruan tinggi yang digandeng, yakni Fakultas Hukum Universitas Hasanuddin, Universitas Malikussaleh, Universitas Muslim Indonesia, dan Universitas Muhammadiyah. Wakil Sekretaris Jenderal PERKAPI Asrul Tenriaji Ahmad memaparkan, kolaborasi dengan perguruan tinggi didorong untuk memperkuat hubungan antara dunia praktikprofesidan kajian akademik. ""Kami melihat perguruan tinggi sebagai mitra strategis. Banyak persoalan hukum yang membutuhkan kajian akademik sekaligus pengalaman praktik. Karena itu, kerja sama ini diharapkan menjadi ruang pertukaran pengetahuan dan pengembangan sumber daya manusia,” ucap Asrul. Ia menegaskan, penguatan kompetensi seorangkuratortidak boleh berhenti saat ia mulai berpraktik, melainkan harus menjadi proses yang berkesinambungan. Setelah prosesi pengukuhan dan penandatanganan kerja sama, acara akan dilanjutkan dengan Raker yang dipimpin langsung oleh Ketua Umum dan Dewan Pembina."
https://www.tribunnews.com/nasional/7883584/korupsi-kredit-bank-bumn-maria-lastry-gultom-dituntut-13-tahun-penjara-dan-bayar-up-rp122-miliar,www.tribunnews.com,nasional,"Korupsi Kredit Bank BUMN, Maria Lastry Gultom Dituntut 13 Tahun Penjara dan Bayar UP Rp122 Miliar",2026-09-16 21:12,"TRIBUNNEWS.COM, JAKARTA -Terdakwa Direktur UtamaPT Dunia Pangan Gosyen,Maria Lastry Gultomdengan pidana penjara selama 13 tahun dalam perkara dugaan korupsi pemberian fasilitas kredit oleh Bank BUMN. Tuntutan tersebut dibacakan Jaksa Penuntut Umum (JPU) dalam sidang diPengadilan Tindak Pidana KorupsiJakarta Pusat, Rabu (16/9/2026) malam. Jaksa menuntut terdakwaMaria Lastry Gultomterbukti secara sah dan meyakinkan bersalah melakukan tindak pidana korupsi yang diatur dan diancam pidana sebagaimana dakwaan primer. ""Menjatuhkan pidana terhadap TerdakwaMaria Lastry Gultomoleh karena itu dengan pidana penjara selama 13 tahun dikurangi selama Terdakwa berada dalam tahanan dengan perintah agar Terdakwa tetap dalam tahanan,"" kata jaksa saat membacakan tuntutannya. Selain pidana penjara, jaksa juga menuntut TerdakwaMaria Lastry Gultomuntuk membayar denda sebesar Rp750 juta subsider pidana penjara selama 165 hari serta uang pengganti (UP) Rp122 miliar. ""Apabila terdakwa tidak membayar uang pengganti paling lama satu bulan setelah putusan berkekuatan hukum tetap, maka dijatuhi pidana penjara selama enam tahun,"" ujar jaksa di persidangan. Dalam pertimbangan memberatkan tuntutan, jaksa menilai terdakwa tidak mengakui perbuatannya, berbelit-belit di persidangan dan mengakibatkan kerugian keuangan negara sebesar Rp122 miliar. Kemudian pada hal yang meringankan tuntutan terdakwa bersikap sopan di persidangan. Sementara itu pada perkara serupa dengan persidangan terpisah, Terdakwa Direktur Utama PT Gosyen Sejahtera Utama, Li Putri Nazara dituntut 10 tahun penjara, serta denda Rp750 juta subsider 165 hari kurungan penjara. Kasus Korupsi Kredit Bank BUMN, Frengki Hasoloan Divonis 2,5 Tahun Penjara Selanjutnya Terdakwa Mantan Relationship Manager Bank BUMN Kantor Wilayah I Jakarta, Frengki Hasoloan Sianturi telah lebih dahulu menjalani vonis pada perkara tersebut. Terdakwa Frengki divonis 2,5 tahun penjara, denda senilai Rp 100 juta serta membayar uang pengganti sebesar Rp 790 juta. Dalam surat dakwaan, jaksa mengungkap bahwa Frengki Hasoloan Sianturi sebagai Relationship Manager Bisnis Menengah Bank BUMN Kantor Wilayah Jakarta 1 didakwa bersama Direktur Utama PT Dunia Pangan Gosyen dan PT Citra Karya Tobindo, Maria Lastry Gultom, serta Direktur Utama PT Gosyen Sejahtera Utama, Li Putri Nazara, melakukan tindak pidana korupsi terkait penyaluran fasilitas kredit pada periode 2022–2023. Kasus Korupsi Kredit Bank BUMN Rp 122 Miliar, Frengki Hasoloan Dituntut 8 Tahun Penjara Perkara tersebut berawal dari proses penyaluran fasilitas kredit kepada sejumlah perusahaan yang dipimpinMaria Lastry Gultomdan Li Putri Nazara. Dalam dakwaan, jaksa menyebut proses pemberian kredit diduga dilakukan dengan melanggar ketentuan yang berlaku sehingga mengakibatkan kerugian keuangan negara. Jaksa menilai para terdakwa secara bersama-sama melakukan perbuatan melawan hukum yang memperkaya diri sendiri maupun pihak lain sehingga mengakibatkan kerugian keuangan negara sebesar Rp122 miliar. Nilai kerugian tersebut mengacu pada Laporan Hasil Audit Badan Pengawasan Keuangan dan Pembangunan (BPKP) Nomor PE-03.02/SR/S-338/PW09/5.1/2026 tertanggal 10 Maret 2026."
https://www.tribunnews.com/nasional/7883580/kasus-dugaan-suap-hgb-summarecon-kpk-telusuri-perintah-dari-petinggi-hingga-aliran-dana,www.tribunnews.com,nasional,Kasus Dugaan Suap HGB Summarecon: KPK Telusuri Perintah dari Petinggi hingga Aliran Dana,2026-09-16 21:09,"TRIBUNNEWS.COM, JAKARTA -Komisi Pemberantasan Korupsi (KPK) terus mengusut kasus dugaan suap pengurusan pembukaan blokir Hak Guna Bangunan (HGB) lahan PTSummarecondi Kabupaten Bogor, Jawa Barat. Tim penyidik saat ini fokus menelusuri alur perintah dari para petinggi yang memicu tindak pidana korupsi ini. KPK: Suap Ratusan Miliar PT Summarecon ke Pejabat ATR/BPN Bukan yang Pertama Juru BicaraKPKBudi Prasetyomenegaskan langkah ini bertujuan memperjelas konstruksi perkara secara utuh dan membongkar dalang utama di balik layar. ""Kita juga akan telusuri soal alur perintah, ya. Apakah kemudian ada pihak-pihak lain yang memberikan perintah yang kemudian terbangun konstruksi perkara ini,"" kata Budi saat memberikan keterangan kepada wartawan di Gedung Merah Putih KPK, Jakarta Selatan, Rabu (16/9/2026). Nusron Wahid Menghilang Setelah Anak Buahnya Kena OTT KPK, Wamen ATR/BPN Beri Penjelasan Syarat Buka Blokir dan Peran Orang Kepercayaan Menteri Budi membeberkan temuan awal penyidik yang menunjukkan Kepala Kantor Pertanahan Kabupaten Bogor I, Sontang Coin Manurung (SON), enggan membuka blokirHGBSummareconjika tidak mendapat perintah langsung dari atasannya. Kondisi ini mendorong PTSummareconmengambil jalan pintas dengan mendekati Erwin (ERW). Publik danKPKmengetahui Erwin sebagai salah satu orang kepercayaan Menteri ATR/BPN Nusron Wahid. ""Nah itulah yang kemudian juga jadi basis mengapa PTSummareconini melakukan pendekatan kepada ERW yang diketahui merupakan orang kepercayaan dari Pak Menteri,"" ucap Budi. Pelaksana Tugas (Plt) Direktur PenyidikanKPKAchmad Taufik Husein menguraikan perkara ini bermula saatSummareconmengajukan perpanjangan atau pemecahanHGBke Sertifikat Hak Milik (SHM). Para ahli waris pemilik tanah awal sempat memblokir SHGB tersebut ke Kantor Pertanahan Bogor karena lahan berstatus sengketa. Yaser Alfarisi dan Rizal Pahlevi, yang mewakili kepentinganSummarecon, kemudian melobi Erwin agar menggunakan pengaruhnya untuk menekan Sontang. ""Kemudian, YA dan LEV selaku pihak swasta atau perantara pihak Summarecon ERW yang merupakan orang kepercayaan menteri agar dibantu berkomunikasi dengan SON untuk pembukaan blokir dan pemecahan HGB,"" tutur Taufik. Dua Kali Absen Rapat dengan DPR, ke Mana Nusron Wahid? Wamen ATR/BPN Buka Suara Kesepakatan Uang Pelicin Berujung Jeruji Besi"
https://www.tribunnews.com/nasional/7883578/hanura-soroti-kebijakan-pusat-terhadap-daerah-usung-slogan-baru-sebagai-arah-perjuangan,www.tribunnews.com,nasional,"Hanura Soroti Kebijakan Pusat terhadap Daerah, Usung Slogan Baru sebagai Arah Perjuangan",2026-09-16 21:08,"TRIBUNNEWS.COM, JAKARTA -PartaiHanuramengubah slogan politiknya menjadi ""Berpihak KepadaDaerah"". Perubahan tersebut disampaikan di tengah sorotan partai terhadap hubungan pemerintah pusat dan daerah, terutama terkait pengelolaan anggaran dan transfer ke daerah. Dari Tambang ke Industri, Struktur Ekonomi Daerah Penghasil Nikel Berubah Sekretaris Jenderal DPP PartaiHanura,Benny Rhamdani, mengatakan slogan baru tersebut akan menjadi bagian dari arah perjuangan partai dan diterapkan dalam berbagai kegiatanHanurake depan. ""Itu akan dituangkan dalam instruksi resmi partai. Dulu temanya, 'Daerah Berdaya, Indonesia Sejahtera'. Sekarang, 'Berpihak Kepada Daerah'. Ke depan, semua kegiatan akan menggunakan tema baru ini,"" ujar Benny di Yogyakarta, Rabu (16/9/2026). Prabowo Balas Pemda yang Ancam Pisah dari RI Gara-gara TKD: Jangan Main Gertak! Benny mengatakan perubahan slogan tersebut berkaitan dengan kondisi hubungan pemerintah pusat dan pemerintah daerah yang menurutnya tengah menghadapi persoalan, terutama dalam hal anggaran. Ia menilai kebijakan pengelolaan fiskal perlu memperhatikan kapasitas pemerintah daerah dalam menjalankan pelayanan publik dan pembangunan. Ketua UmumHanuraOesman Sapta, kata Benny, selama ini menekankan pentingnya penguatan daerah sebagai bagian dari pembangunan nasional. ""Jadi, Indonesia sentris, dan tidak ada lagi ketimpangan antar daerah. Tidak ada Republik Indonesia tanpa kabupaten, kota, kecamatan, tanpa desa dan kelurahan,"" tuturnya. Soroti Sentralisasi Anggaran Benny juga mengingatkan potensi munculnya ketegangan apabila pemerintah daerah merasa memiliki keterbatasan ruang fiskal dalam menjalankan program pembangunan. Ia menyebut kondisi tersebut dapat berkembang menjadi apa yang disebutnya sebagai 4D, yakni Distrust, Disharmoni, Disobedience, dan Disintegrasi. ""Sebab itu, dalam kegiatan Bimbingan Teknis Nasional (Bimteknas)Hanuradi Yogyakarta, kami merekomendasikan, kebijakan yang mengabaikan daerah, resentralisasi fiskal, tata kelola anggaran dalam kendali pusat, mengkhianati amanat reformasi tentang otonomi daerah. Ini menjadi catatan penting. Sumber daya alam harus sepenuhnya bermanfaat kembali ke daerah,"" tegasnya. Pernyataan tersebut muncul dalam konteks pembahasan mengenai transfer ke daerah (TKD), salah satu instrumen utama hubungan keuangan antara pemerintah pusat dan pemerintah daerah. Berdasarkan data Direktorat Jenderal Perimbangan Keuangan Kementerian Keuangan, pagu TKD nasional pada 2026 tercatat sekitar Rp661,67 triliun."
https://www.tribunnews.com/nasional/7883573/dugaan-keterlibatan-nusron-wahid-di-kasus-hgb-summarecon-istana-pastikan-prabowo-tak-ikut-campur,www.tribunnews.com,nasional,"Dugaan Keterlibatan Nusron Wahid di Kasus HGB Summarecon, Istana Pastikan Prabowo Tak Ikut Campur",2026-09-16 20:53,"TRIBUNNEWS.COM, JAKARTA- Wakil Menteri Sekretaris Negara, Bambang Eko Suhariyanto menegaskan bahwa Presiden Prabowo Subianto tidak akan ikut campur dalam proses hukum yang menjerat anak buahnya di kabinet. Hal ini disampaikan Bambang merespons dugaan keterlibatan Menteri Agraria dan Tata Ruang/Badan Pertanahan Nasional (ATR/BPN)Nusron Wahid, dalam kasus dugaan suap di lingkungan Kementerian ATR/BPN. Diketahui, Komisi Pemberantasan Korupsi (KPK) baru saja menggelar Operasi Tangkap Tangan (OTT) dan menetapkan empat orang yang diduga sebagai orang kepercayaanNusron Wahidsebagai tersangka. ""Ya kita serahkan. Pak Presiden pun selalu mengatakan bahwa kalau ada masalah hukum dan sebagainya, serahkanlah kepada APH (Aparat Penegak Hukum). Jadi beliau tidak akan mau ikut campur soal begitu-begitu,"" kata Bambang saat ditemui di Kompleks Parlemen, Senayan, Jakarta, Rabu (16/9/2026). Bambang meminta semua pihak untuk menghormati proses hukum yang sedang berjalan di lembaga antirasuah tersebut. Pihak Istana, kata dia, tidak ingin mendahului proses hukum dan menyerahkan sepenuhnya penyelidikan maupun penyidikan kepadaKPK. ""Oh, ini kan sekarang lagi ditingkatkan ke penyidikan, ya. Nanti dari penyidikan kita akan tahu siapa yang akan ditetapkan tersangka. Kita tunggu saja dariKPK, ya,"" ucap Bambang. Lebih lanjut, Bambang mengingatkan agar publik tidak berspekulasi terlalu jauh mengenai dugaan keterlibatanNusron Wahidsebelum ada keterangan resmi dariKPK. ""Itu kan masih dugaan. Tunggu saja dariKPK,"" tegasnya. OTTKPK Isu mengenai dugaan keterlibatanNusron Wahidmencuat setelahKPKmenggelarOTTpada Senin (14/9/2026). Dalam operasi senyap tersebut, TimKPKmenemukan puluhan koper dan tas kardus berisi uang tunai lebih dari Rp 106,3 miliar. Uang tersebut disita dari kediaman mantan Bupati Kebumen, Arif Sugiyanto alias Gus Arif, di kawasan Cibubur. Gus Arif, yang kini berstatus sebagai tersangka dan diduga merupakan orang kepercayaan Nusron, disinyalir bertindak sebagai operator utama di lapangan. Ia diduga menampung dana dari berbagai pihak terkait pengurusan layanan pertanahan. Kasus ini terkait dugaan suap perizinan Hak Guna Bangunan (HGB) dari PT Summarecon Agung Tbk. Dalam melancarkan aksinya, Gus Arif dibantu oleh Politikus Partai Golkar, Fahd A Rafiq, yang memainkan peran vital sebagai pengepul dana suap."
https://www.tribunnews.com/nasional/7883572/kpk-buru-dalang-suap-hgb-summarecon-alur-perintah-ke-pejabat-bpn-ditelusuri,www.tribunnews.com,nasional,"KPK Buru Dalang Suap HGB Summarecon, Alur Perintah ke Pejabat BPN Ditelusuri",2026-09-16 20:46,"TRIBUNNEWS.COM, JAKARTA -Komisi Pemberantasan Korupsi (KPK) terus mengusut kasus dugaan suap pengurusan pembukaan blokirHak Guna Bangunan(HGB) lahan PTSummarecondiKabupaten Bogor, Jawa Barat. Tim penyidik saat ini fokus menelusuri alur perintah dari para petinggi yang memicu tindak pidana korupsi ini. Juru Bicara KPK Budi Prasetyo menegaskan langkah ini bertujuan memperjelas konstruksi perkara secara utuh dan membongkar dalang utama di balik layar. ""Kita juga akan telusuri soal alur perintah, ya. Apakah kemudian ada pihak-pihak lain yang memberikan perintah yang kemudian terbangun konstruksi perkara ini,"" kata Budi saat memberikan keterangan kepada wartawan di Gedung Merah Putih KPK, Jakarta Selatan, Rabu (16/9/2026). Syarat Buka Blokir dan Peran Orang Kepercayaan Menteri Budi membeberkan temuan awal penyidik yang menunjukkan Kepala Kantor PertanahanKabupaten BogorI, Sontang Coin Manurung (SON), enggan membuka blokir HGBSummareconjika tidak mendapat perintah langsung dari atasannya. Kondisi ini mendorong PTSummareconmengambil jalan pintas dengan mendekati Erwin (ERW). Publik dan KPK mengetahui Erwin sebagai salah satu orang kepercayaan Menteri ATR/BPN Nusron Wahid. ""Nah itulah yang kemudian juga jadi basis mengapa PT Summarecon ini melakukan pendekatan kepada ERW yang diketahui merupakan orang kepercayaan dari Pak Menteri,"" ucap Budi. KPK Temukan Struktur Bayangan ATR/BPN di Kasus HGB Summarecon, 4 Orang Kepercayaan Nusron Pelaksana Tugas (Plt) Direktur Penyidikan KPK Achmad Taufik Husein menguraikan perkara ini bermula saatSummareconmengajukan perpanjangan atau pemecahan HGB ke Sertifikat Hak Milik (SHM). Para ahli waris pemilik tanah awal sempat memblokir SHGB tersebut ke Kantor Pertanahan Bogor karena lahan berstatus sengketa. Yaser Alfarisi dan Rizal Pahlevi, yang mewakili kepentinganSummarecon, kemudian melobi Erwin agar menggunakan pengaruhnya untuk menekan Sontang. ""Kemudian, YA dan LEV selaku pihak swasta atau perantara pihakSummareconERW yang merupakan orang kepercayaan menteri agar dibantu berkomunikasi dengan SON untuk pembukaan blokir dan pemecahan HGB,"" tutur Taufik. Sontang melalui Erwin meminta uang pelicin dengan kode ""dua"" yang berarti Rp2 miliar guna memuluskan penerbitan sertifikat tanahSummarecon. Namun, pihakSummareconberalasan ada broker lain yang harus mereka bayar, sehingga perusahaan hanya menyanggupi pembayaran sebesar Rp1,5 miliar."
https://www.tribunnews.com/nasional/7883569/ruu-pemilu-2029-mulai-dibahas-mengapa-aturannya-harus-disiapkan-sekarang,www.tribunnews.com,nasional,"RUU Pemilu 2029 Mulai Dibahas, Mengapa Aturannya Harus Disiapkan Sekarang?",2026-09-16 20:42,"TRIBUNNEWS.COM, JAKARTA- Wacana perombakan aturan main Pemilihan Umum (Pemilu) kembali menghangatkan ruang-ruang diskusi politik di Kompleks Parlemen, Senayan, Jakarta. Pada Rabu (16/9/2026), pimpinan partai politik dan jajaran anggota Komisi IIDPRRI mulai terang-terangan memetakan arah revisi Undang-Undang Pemilu (RUU Pemilu), dengan fokus utama penyesuaian parliamentary threshold (PT) atau ambang batas parlemen untuk Pemilu 2029 mendatang. Arah Baru Threshold Pemilu: Isu Utama yang Mengemuka Gagasan utama yang kini menggelinding di Senayan adalah dorongan menaikkan ambang batas parlemen dari yang semula 4 persen pada Pemilu 2024 menjadi 5 persen untuk Pemilu 2029. Sekretaris Jenderal (Sekjen) PartaiGerindraSugionomengungkapkan bahwa peta kesepahaman awal antar-pimpinan partai politik mulai terbentuk dalam pertemuan terbatas yang digelar beberapa waktu sebelumnya. Dalam forum tersebut,Gerindradiwakili oleh Ketua Harian DPP Sufmi Dasco Ahmad. ""Ya, jadi kemarin beberapa Ketua Umum partai berkumpul. PartaiGerindrawaktu itu diwakili oleh Pak Dasco selaku Ketua Harian untuk membicarakan mengenai hal-hal yang perlu dibicarakan dalam rangka Undang-Undang Pemilu,"" ujarSugionodi Kompleks Parlemen, Senayan, Jakarta, Rabu (16/9/2026). Gerindra bersama sejumlah parpol lain seperti Golkar dan PKS mengisyaratkan sinyal hijau terhadap angka 5 persen tersebut. Meski demikian, konstelasi ini masih dinamis karena tiap partai membawa pandangan strategisnya masing-masing. Partai Nasdem, misalnya, masih mempertahankan usulan 7 persen. Pembahasan ini penting bukan semata-mata karena partai politik sedang memperdebatkan angka 4, 5 atau 7 persen. Ada alasan yang lebih mendasar mengapa UU Pemilu perlu dibahas sejak 2026: aturan untuk Pemilu 2029 memang harus disiapkan sebelum tahapan pemilu dimulai. MengapaRUU Pemilu2029 Dibahas Sekarang? Pemilu 2029 memang masih sekitar tiga tahun lagi. Namun, penyelenggaraannya tidak dimulai pada hari pemungutan suara. Tahapan pemilu harus disiapkan jauh sebelumnya, mulai dari pembentukan dan persiapan penyelenggara, pemutakhiran data pemilih, pendaftaran peserta, penataan daerah pemilihan, pencalonan, kampanye hingga tahapan pemungutan dan penghitungan suara."
https://www.tribunnews.com/nasional/7883568/kpk-temukan-struktur-bayangan-atrbpn-di-kasus-hgb-summarecon-4-orang-kepercayaan-nusron,www.tribunnews.com,nasional,"KPK Temukan 'Struktur Bayangan' ATR/BPN di Kasus HGB Summarecon, 4 Orang Kepercayaan Nusron",2026-09-16 20:40,"TRIBUNNEWS.COM, JAKARTA- Komisi Pemberantasan Korupsi (KPK) mengungkap dugaan keberadaan “struktur bayangan” di Kementerian Agraria dan Tata Ruang/Badan Pertanahan Nasional (ATR/BPN). Istilah itu digunakanKPKuntuk menggambarkan pihak swasta di luar struktur resmi kementerian yang diduga memiliki akses kepada pejabat ATR/BPN. Temuan tersebut muncul dalam penyidikan dugaansuappengurusan Hak Guna Bangunan (HGB) PTSummareconAgung Tbk di KabupatenBogor, Jawa Barat. KPK menyebut empat tersangka dari pihak swasta sebagai orang yang diduga merupakan kepercayaan atau representasiMenteri ATR/BPNNusron Wahid, yang juga merupakan politikusPartai Golkar. Keempatnya adalah Arif Sugiyanto, mantan Bupati Kebumen; Fahd El Fouz alias Fahd A Rafiq, Ketua DPPPartai Golkar; serta Erwin dan Muhammad Fakhry, yang disebut sebagai pihak swasta. Juru BicaraKPKBudi Prasetyo menjelaskan salah satu pihak yang disebut memiliki akses tersebut adalah Erwin. “Bahwa ERW ini selaku orang kepercayaan atau representasi dari PakMenteri ATR/BPN ini adalah pihak swasta. Namun dari konstruksi perkara ini itu ter-capture bahwa ERW ini punya akses, ya, kepada pihak-pihak di ATR/BPN, salah satunya SON yang merupakan Kepala KantahBogorI,” kata Budi di Gedung Merah PutihKPK, Jakarta Selatan, Rabu (16/9/2026). Dalam konstruksi KPK, Erwin diduga menjadi penghubung antara pihak luar dan pejabat ATR/BPN. Arif diduga berperan sebagai pengepul uang dari Erwin dan Muhammad Fakhry, sedangkan Fahd disebut diduga menjadi penampung uang yang dikumpulkan Arif. KPK Telusuri Aliran Uang Kasus HGB Summarecon, Pembelian Aset Terkait Nusron Didalami Perkara bermula ketikaSummareconmengajukan perpanjanganHGB, pemecahanHGBmenjadi Sertifikat Hak Milik (SHM), serta pembukaan blokir lahan di KabupatenBogor. KPK menyebut sebagian lahan masih bersengketa dengan ahli waris. Sontang Coin Manurung, Kepala Kantor Pertanahan KabupatenBogorI, disebut tidak bersedia membuka blokir tanpa arahan atasannya. PihakSummareconkemudian menggunakan perantara untuk berkomunikasi dengan Erwin. KPK menduga pada 27 Agustus 2026, Adrianto Pitojo Adi, Direktur Utama PTSummareconAgung Tbk, melalui Yaser Alfarisi dan Rizal Pahlevi menyerahkan Rp1,5 miliar kepada Erwin. Dari uang tersebut, Erwin diduga memberikan Rp200 juta kepada Sontang di sebuah kafe di Jakarta Selatan untuk pengurusan pembukaan blokir dan proses HGB. KPK melakukan operasi tangkap tangan (OTT) di wilayah Jabodetabek pada 14 September 2026. Sebanyak 19 orang diamankan untuk diperiksa."
https://www.tribunnews.com/nasional/7883566/reza-indragiri-soroti-risk-assessment-di-lapas-usai-fahd-a-rafiq-3-kali-terjerat-kasus-korupsi,www.tribunnews.com,nasional,Reza Indragiri Soroti Risk Assessment di Lapas usai Fahd A Rafiq 3 Kali Terjerat Kasus Korupsi,2026-09-16 20:28,"TRIBUNNEWS.COM -Pakar psikologi forensik,Reza IndragiriAmriel, mempertanyakan kinerja otoritas pemasyarakatan terhadap narapidana berkaca dari kasus dugaankorupsiyang menjerat politikus Partai Golkar,Fahd El FouzatauFahd A Rafiq. Fahd baru saja ditetapkan sebagai tersangka oleh Komisi Pemberantasan Korupsi (KPK) terkait kasus dugaan gratifikasiPT Summarecon Agung Tbkdalam pembukaan blokir Hak Guna Bangunan (HGB) pada lahan diKabupaten Bogor,Jawa Barat. Dia juga diduga menjadi orang yang menampung uang hasil gratifikasi di lingkungan Kementerian ATR/BPN. Sebelum kasus terbarunya, dirinya sudah dua kali terjerat kasus rasuah dan berujung dipenjara. Kasus pertama yaitu terkait suap Dana Penyesuaian Infrastruktur Daerah (DPID) pada tahun 2012 yang berujung dirinya divonis 2,5 tahun penjara. Selain Fahd A Rafiq, Berikut Eks Napi Koruptor yang Jadi Pengurus DPP Partai Golkar Setelah bebas, Fahd kembali terjerat kasuskorupsiterkait pengadaan Alquran dan laboratorium komputer Madrasah Tsanawiyah (MTs) di Kementerian Agama (Kemenag) tahun anggaran 2011 dan 2012. Dia terbukti menerima uang senilai Rp3,4 miliar dan berujung divonis 4,5 tahun penjara pada tahun 2017. Berkaca dari hal tersebut, Reza mempertanyakan prosesrisk assessmentatau penilaian risiko oleh Ditjen Pemasyarakatan terhadap Fahd apakah dilakukan terhadap yang bersangkutan atau tidak. Dia menjelaskan bahwa setidaknya ada dua data yang akan terlampir dalam laporan Ditjen Pemasyarakatan terkait Fahd selama dipenjara. ""Andai Ditjen Pemasyarakatan pernah melakukanrisk assessmentterhadap Fahd selama dia menjadi narapidana, apakah sudah bisa diramal bahwa Fahd nantinya akan mengulangi tindak pidananya? ""Cobalah buka laporanrisk assessmentDitjen Pemasyarakatan terhadap Fahd. Di situ setidaknya ada dua data yakni tingkat potensi residivisme Fahd dan program pembinaan yang diterapkan terhadap Fahd,"" kata Reza dalam keterangan tertulis, Rabu (16/9/2026). Reza juga menyoroti soal program pembinaan di dalam lembaga pemasyarakatan (Lapas) tempat Fahd ditahan. Pasalnya, selama ditahan dalam dua kasus berbeda, Fahd tetap melakukan tindak pidanakorupsi. Berdasarkan fakta tersebut Reza menilai bahwa semakin lama Fahd direhabilitasi, maka potensi dirinya untuk melakukankorupsisemakin lama. Dia mencontohkan ketika Fahd dipenjara selama 2,5 tahun, yang bersangkutan baru mengulangi perbuatannya setelah tiga tahun bebas."
https://www.tribunnews.com/nasional/7883562/karhutla-di-kotawaringin-barat-kalteng-dpr-ingatkan-keselamatan-petugas-di-tengah-kepungan-asap,www.tribunnews.com,nasional,"Karhutla di Kotawaringin Barat Kalteng, DPR Ingatkan Keselamatan Petugas di Tengah Kepungan Asap",2026-09-16 20:16,"TRIBUNNEWS.COM, JAKARTA- Kebakaran hutan dan lahan (karhutla) di KabupatenKotawaringin Barat(Kobar), Kalimantan Tengah, mendapat perhatian Anggota DPR RI Komisi IV dari Fraksi Partai Demokrat, Bambang Purwanto. Bambang mengingatkan pentingnya keselamatan dan kesehatan petugas yang berada di garis depan penanganan karhutla. Terlebih, sebagian besar titikkebakaranberada di kawasan gambut dengan kondisi medan yang memiliki risiko tinggi. Menurut Bambang, petugas SatgasKarhutlabersama relawan terus berjibaku melakukan pemadaman di sejumlah titik di tengah kepungan asap. ""Tim Satgas merupakan garda terdepan dalam penanganan karhutla. Karena itu, kesehatan dan keselamatan mereka harus diperhatikan. Apalagi sebagian besar lokasikebakaranberada di kawasan gambut yang memiliki risiko besar dalam proses penanganannya,"" ujar Bambang dalam keterangannya, Rabu (16/9/2026). Sebagai bentuk dukungan kepada petugas, Bambang menyerahkan bantuan masker kepada tim SatgasKarhutla. Bantuan tersebut diterima langsung Kepala Pelaksana Badan Penanggulangan Bencana Daerah (BPBD) KabupatenKotawaringin Barat, Samuel. Bambang mengatakan masker tersebut diharapkan dapat membantu melindungi petugas dari paparan asap pekat selama menjalankan tugas pemadaman. ""Bantuan yang saya berikan untuk tim karena mereka garda depan penyelamat masyarakat, apalagi saya dapat informasi ada tim juga yang meninggal,"" jelas Bambang. Dia juga mengapresiasi kerja keras tim Satgas dan para relawan yang terus berupaya mengendalikan kobaran api agar tidak meluas. Bambang mengingatkan agar semangat petugas dalam melindungi masyarakat tidak membuat aspek keselamatan diri terabaikan. ""Dukungan ini menjadi motivasi bagi Tim Satgas. Saya berharap mereka tetap bersemangat menjalankan tugas, tetapi jangan pernah mengabaikan keselamatan diri ketika berjibaku memadamkan api,"" imbuhnya. Dia menilai penanganan karhutla di Kobar membutuhkan kolaborasi berbagai pihak. Pemerintah daerah bersama TNI-Polri dan para relawan terus bersinergi dalam menghadapikebakaran. Bambang juga mengajak masyarakat Kobar ikut mendukung upaya pencegahan dan penanggulangan karhutla."
https://www.tribunnews.com/nasional/7883560/gelar-taspen-goes-to-campus-di-usu-generasi-muda-diimbau-atur-keuangan-sejak-gaji-pertama,www.tribunnews.com,nasional,"Gelar TASPEN Goes to Campus di USU, Generasi Muda Diimbau Atur Keuangan Sejak Gaji Pertama",2026-09-16 20:14,"TRIBUNNEWS.COM -Memasuki masa pensiun mungkin masih terasa teramat jauh bagi mahasiswa. Kendati demikian, kebiasaan mengelola keuangan pribadi sejak mengantongi penghasilan pertama dianggap sebagai faktor penentu utama kondisi finansial seseorang saat masa tak produktif tiba. Pesan edukatif tersebut menjadi salah satu poin utama pembahasan dalam kegiatan TASPEN Goes to Campus yang berlangsung di Universitas Sumatera Utara (USU), Medan, Rabu (16/9/2026). Direktur Operasional PT TASPEN (Persero), Tribuna Phitera Djaja mengatakan, literasi keuangan perlu dikenalkan sejak usia muda agar seseorang mampu mengatur pendapatan selama bekerja sekaligus mempersiapkan kebutuhan pada hari tua. Menurutnya, banyak orang pada awal masa bekerja belum menjadikan tabungan sebagai prioritas. Persoalan kemudian muncul ketika memasuki masa pensiun dan penghasilan yang diterima tidak lagi sebesar ketika masih aktif bekerja. “Di sini pentingnya teman-teman nanti memahami bagaimana mengatur keuangan. Jadi ada hal-hal keuangan yang perlu disisihkan untuk masa depan,” jelasnya. Ia mencontohkan memasuki masa pensiun, sumber pendapatan akan mengalami perubahan sehingga diperlukan perencanaan keuangan yang baik untuk menjaga kesejahteraan di masa pensiun Ketimpangan antara pendapatan selama bekerja dan setelah pensiun, menurut Phitera, berpotensi mengubah ritme kehidupan seseorang apabila tidak dipersiapkan sejak awal. “Ini memang harus kita kelola dari awal,” katanya. Karena itu, mahasiswa yang nantinya mulai memasuki dunia kerja didorong membiasakan diri menyisihkan sebagian penghasilan untuk tabungan maupun persiapan hari tua. Ia mencontohkan, dari penghasilan sekitar Rp5 juta, seseorang dapat menetapkan target menyimpan sekitar Rp1 juta setiap bulan apabila kondisi keuangannya memungkinkan. “Dipaksakan harus menabung untuk memikirkan masa tua kita. Ketika usia 60 tahun, kita sudah tidak bisa berkreasi lagi,” tukasnya. Selain mengelola program pensiun, TASPEN, kata Phitera, juga memiliki program terkait Tabungan Hari Tua (THT). Ia turut menjelaskan adanya Taspen Life yang dapat digunakan untuk menambah persiapan dana hari tua melaluitop up. Ia menyebut penyisihan dana dapat dilakukan secara berkala, misalnya sekitar Rp100 ribu hingga Rp500 ribu per bulan, sesuai kemampuan masing-masing. Tribuna mengatakan, persiapan tersebut menjadi penting karena tidak semua orang memiliki sumber penghasilan lain setelah memasuki masa pensiun. “Semoga kegiatan ini memberikan manfaat bagi seluruh peserta dan membuat kesadaran kita bahwa masa depan yang sejahtera melalui persiapan yang dilakukan sejak dini,” ungkapnya. TASPEN Salurkan JKK dan THT Rp420 Juta kepada Ahli Waris ASN yang Gugur di Jayawijaya"
https://www.tribunnews.com/nasional/7883558/industri-kesehatan-berubah-perusahaan-farmasi-mulai-geser-strategi-bisnis,www.tribunnews.com,nasional,"Industri Kesehatan Berubah, Perusahaan Farmasi Mulai Geser Strategi Bisnis",2026-09-16 20:12,"TRIBUNNEWS.COM, JAKARTA -Perubahan kebutuhan masyarakat terhadap pelayanan kesehatan ikut mendorong perusahaan farmasi global menyesuaikan cara mereka menjalankan bisnis. Novo Nordisk menjadi salah satu perusahaan yang mulai mengubah pendekatan tersebut dengan memperbarui identitas perusahaan, memperkenalkan nama 'Novo' untuk penggunaan sehari-hari, sekaligus merombak prinsip kerja internal melalui budaya baru yang disebut The Novo Way. Perubahan tersebut diumumkanNovo Nordiskpada 14 September 2026 dan menjadi bagian dari langkah perusahaan memasuki fase baru bisnisnya. Di tengah kebutuhan kesehatan yang masih besar dan perubahan cara masyarakat berinteraksi dengan layanan kesehatan, perusahaan menyatakan ingin bergerak dengan prioritas yang lebih jelas dan proses pengambilan keputusan yang lebih cepat. Ahli Farmakologi Molekuler Tawarkan Health Impact Analysis demi Keadilan Paten Farmasi Pada sisi merek,Novo Nordiskkini menggunakan “Lasting Health Starts Now” sebagai pesan utama. Sementara dalam penggunaan sehari-hari, perusahaan akan menggunakan nama Novo, meski nama legal globalNovo NordiskA/S tetap dipertahankan. Perubahan itu juga terlihat pada identitas visual perusahaan. Logo banteng Apis yang telah menjadi bagian dari identitas Novo sejak dekade 1920-an tetap digunakan, tetapi tampil dengan pembaruan desain. Warna dan tipografi perusahaan turut diperbarui untuk memberikan tampilan yang lebih modern. Presiden dan CEO Novo, Mike Doustdar, mengatakan perubahan tersebut tidak mengubah tujuan utama perusahaan di bidang kesehatan. Menurut dia, Novo selama ini mengembangkan inovasi di sejumlah bidang, termasuk diabetes dan obesitas. Namun, kebutuhan kesehatan yang belum terpenuhi masih besar, sementara ekspektasi masyarakat terhadap pelayanan kesehatan juga terus berubah. “Healthcare must become more responsive, relevant and easier to fit into everyday life,” ujar Doustdar dalam pengumuman perusahaan yang dikutip Rabu(16/9/2026). Perubahan identitas tersebut karena itu tidak hanya ditempatkan sebagai pergantian tampilan perusahaan. Novo mengaitkannya dengan cara perusahaan ingin beroperasi di tengah perubahan industri kesehatan yang semakin cepat dan kompetitif. Selain mengganti pendekatan terhadap identitas merek, Novo memperkenalkan The Novo Way sebagai seperangkat prinsip yang menjadi dasar budaya perusahaan. Empat prinsip tersebut adalah Customer Obsession, Competitiveness, Clarity, serta Care & Integrity. Customer Obsession menempatkan konsumen dan pasien sebagai pusat pengembangan inovasi. Competitiveness menekankan peningkatan kinerja untuk menciptakan nilai bagi pemangku kepentingan."
https://www.tribunnews.com/nasional/7883554/besok-sidang-perdana-roy-suryo-kuasa-hukum-tegaskan-keaslian-ijazah-jokowi-jadi-objek-sentral,www.tribunnews.com,nasional,"Besok Sidang Perdana Roy Suryo, Kuasa Hukum Tegaskan Keaslian Ijazah Jokowi Jadi Objek Sentral",2026-09-16 20:11,"TRIBUNNEWS.COM- Sidang perdana pakar telematikaRoy Suryodalam tudinganijazahpalsu Presiden ke-7 RI Joko Widodo (Jokowi) akan digelar diPengadilan Negeri Jakarta Timur, Kamis (17/9/2026). Sidang terdakwa lainnya, Tifauzia Tyassuma aliasDokter Tifa, akan digelar pada hari yang sama. SidangDokter Tifadijadwalkan digelar lebih dahulu, kemudian dilanjutkan dengansidangperdanaRoy Suryo. Berdasarkan jadwal yang disampaikan PN Jakarta Timur,sidangDokter Tifadimulai pukul 09.00 WIB. PersidanganDokter Tifamerupakan lanjutan perkara yang telah lebih dahulu berjalan. Sementara itu,sidangperdanaRoy Suryodijadwalkan pukul 10.30 WIB. PerkaraRoy Suryotercatat dengan nomor 300/Pid.B/2026/PN JKT.TIM. Agenda pertama adalah pembacaansurat dakwaanoleh jaksa penuntut umum (JPU). Juru Bicara PN Jakarta Timur,Immanuel Tarigan, membenarkan kedua terdakwa akan menjalani persidangan dengan agenda berbeda. “Terdakwa TT menjalani sidang lanjutan dan untuk RS sidang perdana dengan agenda pembacaan dakwaan,” ungkap Immanuel, Rabu (16/9/2026), dilansirWartakotalive.com. Kuasa hukumRoy Suryo,Abdul Gafur Sangadji, menjelaskan meskipun dakwaan pidana yang dikenakan kepada kliennya berfokus pada pencemaran nama baik, fitnah, serta manipulasi dokumen elektronik, pihaknya menganggap keaslianijazahJokowisebagai objek sentral dalam perkara ini. ""Jadi memang ini dakwaan pidananya adalah pencemaran nama baik dan fitnah, kemudian ada pengubahan dan manipulasi dokumen elektronik. Tapi sesungguhnya 'kan objeknya ini terkait dengan objek ijazah Pak Joko Widodo,"" ujarnya dalam programKompas Petang, Rabu (16/9/2026), dilansir YouTubeKompas TV. Alasan Jokowi Ingin Hadir di Sidang Roy Suryo-Dokter Tifa: Agar Jadi Contoh Semua Orang Abdul Gafur menilai terdapat kontradiksi dari pihakUniversitas Gadjah Mada(UGM) terkaitijazahJokowi. MeskiUGMtelah menyatakan bahwaJokowiadalah lulusan mereka, kuasa hukumRoy SuryomengklaimUGMtidak membuka data akademik yang diminta melalui jalur Komisi Informasi Pusat (KIP). Pihaknya juga menyoroti upaya banding hingga kasasi yang dilakukanUGMterkait putusan KIP tersebut sebagai tindakan yang dianggap menutup-nutupi informasi publik yang seharusnya transparan. ""Kalau tadi dikatakan bahwaUGMkan sudah mengakui gitu, artinya keteranganUGMadalah keterangan yang paling kuat secara hukum,"" kata Abdul."
https://www.tribunnews.com/nasional/7883547/sitaan-rp1063-miliar-di-kasus-dugaan-suap-hgb-summarecon-bogor-terbesar-dalam-sejarah-ott-kpk,www.tribunnews.com,nasional,"Sitaan Rp106,3 Miliar di Kasus Dugaan Suap HGB Summarecon Bogor, Terbesar dalam Sejarah OTT KPK",2026-09-16 19:59,"TRIBUNNEWS.COM, JAKARTA -Dari seluruh rangkaian Operasi Tangkap Tangan (OTT) yang Komisi Pemberantasan Korupsi (KPK) gelar di wilayah Jabodetabek pada Senin (14/9/2026), tim berhasil menyita barang bukti elektronik dan uang tunai bernilai fantastis mencapai total Rp106,3 miliar. OTT KPK itu terkait dugaan suap pengurusan Hak Guna Bangunan (HGB) Summarecon di Kabupaten Bogor, Jawa Barat. KPK: Suap Ratusan Miliar PT Summarecon ke Pejabat ATR/BPN Bukan yang Pertama Uang tersebutKPKtemukan dalam berbagai pecahan mata uang, mulai dari rupiah, dolar Amerika Serikat, dolar Singapura, riyal Arab Saudi, hingga ringgit Malaysia. Menurut KPK, nilai uang yang diamankan tersebut menjadi yang terbesar dalam sejarah kegiatan OTT lembaga antirasuah. Telusuri Jejak Rp106 M, KPK Dalami Dugaan Aliran Uang ke Muktamar NU, Nama Nusron Wahid Ikut Disorot Namun, besarnya uang yang disita tidak serta-merta berarti nilaisuapdalam pengurusanHGBSummareconmencapai Rp106,3 miliar. Dalam konstruksi perkara yang telah dipaparkanKPK, dugaansuapyang berkaitan langsung dengan pengurusan pembukaan blokir dan pemecahanHGBSummarecondisebut sebesar Rp1,5 miliar. Sementara uang Rp106,3 miliar merupakan keseluruhan barang bukti yang ditemukan penyidik dari sejumlah pihak dan masih didalami asal-usul serta peruntukannya. Kasus tersebut terbongkar setelahKPKmenerima laporan masyarakat terkait dugaan korupsi yang melibatkan pejabat Kementerian ATR/BPN dan menindaklanjutinya melalui serangkaianOTT. Kasus bermula saat pihakSummareconmengajukan perpanjangan Hak Guna Bangunan (HGB) dan pemecahannya menjadi Sertifikat Hak Milik (SHM) untuk sebuah lahan diKabupaten Bogor, Jawa Barat. Namun, ahli waris lahan tersebut memblokirHGBSummarecondan mengajukan gugatan ke PTUN Bandung. PihakSummareconkemudian menggunakan jasa perantara bernama Yaser Alfarisi dan Rizal Pahlevi untuk mendekati Erwin. Erwin merupakan orang kepercayaan Menteri ATR/BPNNusron Wahid. Mereka meminta Erwin agar membujuk Kepala Kantor PertanahanKabupaten BogorI, Sontang Coin Manurung, untuk membuka blokir tanah tersebut. Sontang ternyata menyetujui permintaan itu, namun ia meminta fee dengan sandi ""dua"" yang merujuk pada angka Rp2 miliar. ""PihakSummareconhanya menyanggupi pemberian sejumlah Rp1,5 miliar, karena mereka menduga masih ada pihak-pihak lain yang akan meminta dan mendapatkan fee broker dari pengurusan tersebut,"" kata Plt Direktur PenyidikanKPK, Achmad Taufik Husein dalam konferensi pers di Gedung Merah PutihKPK, Jakarta Selatan, Selasa (15/9/2026)."
https://www.tribunnews.com/internasional/7883600/houthi-tanam-ranjau-di-bab-al-mandab-ini-dampaknya-bagi-kapal-dan-harga-minyak,www.tribunnews.com,internasional,"Houthi Tanam Ranjau di Bab al-Mandab, Ini Dampaknya bagi Kapal dan Harga Minyak",2026-09-16 22:02,"Houthi Tanam Ranjau di Bab al-Mandab, Ini Dampaknya bagi Kapal dan Harga Minyak TRIBUNNEWS.COM- Risiko terhadap pelayaran di Selat Bab al-Mandab kembali menjadi sorotan setelah sumber militerYamanmenyebut kelompokHouthimenanam ranjau laut di sekitar selat strategis tersebut. Sumber yang dikutip media Jerman itu juga menyebutHouthimenggali parit di kawasan pegunungan yang menghadap Bab al-Mandab. Aktivitas tersebut disebut berlangsung di tengah meningkatnya ketegangan dan seranganHouthidi wilayahYaman. Bab al-Mandab merupakan salah satu jalur pelayaran penting yang menghubungkanLaut Merahdengan Teluk Aden dan menjadi akses menujuTerusan Suez. Gangguan keamanan di kawasan tersebut berpotensi memengaruhi lalu lintas kapal yang menghubungkan Eropa, Timur Tengah, dan Asia. Klaim mengenai pemasangan ranjau muncul setelah sumber militerYamanpada akhir Agustus menyatakan telah menemukan dan menyingkirkan ranjau laut yang diduga ditanamHouthidi kawasan Bab al-Mandab. Menurut sumber tersebut, ranjau ditemukan di area yang dinilai vital bagi jalur pelayaran internasional. Pasukan angkatan laut kemudian disebut menonaktifkan ranjau dan melakukan langkah pengamanan untuk menghilangkan ancaman terhadap kapal. Informasi terbaru mengenai dugaan penanaman ranjau kembali meningkatkan kekhawatiran mengenai keselamatan kapal yang melintas di kawasan tersebut. Ancaman ranjau laut memiliki risiko berbeda dibanding serangan langsung karena keberadaannya dapat membahayakan kapal tanpa adanya kontak atau peringatan yang mudah terlihat. Kekhawatiran tersebut muncul ketika Dewan Keamanan Perserikatan Bangsa-Bangsa (PBB) menggelar sidang darurat untuk membahas perkembangan keamanan di sekitar Bab al-Mandab. Dalam beberapa hari terakhir, ketegangan di kawasan tersebut dilaporkan meningkat.Houthidisebut telah mengambil alih Pulau Perim, yang berada di pintu masukLaut Merahdan memiliki posisi strategis di sekitar Bab al-Mandab. Di sisi lain, pasukan pemerintahYamanmengumumkan penataan ulang garis pertahanan mereka di kawasan selatan Kota Mocha, yang berada di pesisir barat negara tersebut. Serangkaian perkembangan itu membuat perhatian kembali tertuju pada kawasan pesisirYamanyang menghadap Bab al-Mandab."
https://www.tribunnews.com/internasional/7883583/drone-mq-9-reaper-milik-as-hancur-usai-ditembak-jatuh-irgc-di-iran-selatan,www.tribunnews.com,internasional,Drone MQ-9 Reaper Milik AS Hancur usai Ditembak Jatuh IRGC di Iran Selatan,2026-09-16 21:12,"TRIBUNNEWS.COM- Korps Pengawal Revolusi IslamIran(IRGC) mengumumkan bahwa unit pertahanan udaranya telah mencegat dan menghancurkan pesawat tak berawak MQ-9 milik Amerika Serikat di atas Pulau Qeshm,Iranselatan, pada Rabu (16/9/2026). Dalam pernyataannya,IRGCmengatakan drone tersebut ditembak jatuh pada dini hari di atas pulau strategis yang terletak di dekat Selat Hormuz. IRGC menyebut pesawat yang jatuh itu merupakan drone MQ-9 AS ke-52 yang berhasil dicegat selama konflik. Operasi tersebut, menurut pernyataanIRGC, dilakukan menggunakan sistem pertahanan udara canggih milik Angkatan DirgantaraIRGCyang beroperasi dalam jaringan pertahanan udara terintegrasiIran. Laporan Anadolu Agency menyebut drone tersebut terdeteksi pada pukul 02.29 waktu setempat. Hingga laporan tersebut diterbitkan, militer AS belum memberikan tanggapan atas klaimIran, mengutipAl Mayadeen,Rabu (16/9/2026). Pengumuman terbaru itu disampaikan sehari setelahIRGCmengklaim telah mencegat dan menghancurkan drone MQ-1 AS di sebelah barat Selat Hormuz. IRGC juga menyatakan telah mencegat drone MQ-1 lainnya di atas jalur perairan strategis tersebut pada awal pekan ini. Serangkaian klaim tersebut menunjukkan bahwa wilayah sekitar Selat Hormuz menjadi salah satu titik penting dalam ketegangan militer antaraIrandan Amerika Serikat. MQ-9 Reaper merupakan drone jarak jauh milik militer AS yang digunakan untuk misi pengawasan, pengumpulan intelijen, dan serangan presisi. Sejumlah laporan media AS sebelumnya menyebut puluhan drone MQ-9 telah hilang selama konflik. Salah satu laporan yang dikutip Al-Manar menyebut The Washington Post melaporkan sedikitnya 45 MQ-9 Reaper telah hilang, berdasarkan keterangan tiga pejabat AS yang mengetahui persoalan tersebut. Nilai satu unit MQ-9 Reaper diperkirakan mencapai 30 juta hingga 50 juta dolar AS, bergantung pada konfigurasi sensor dan persenjataannya. Dengan demikian, kehilangan puluhan unit dapat menimbulkan biaya penggantian yang besar bagi militer AS. Namun, angka 52 drone MQ-9 yang dicegat merupakan klaimIRGCdan tidak dapat diperlakukan sebagai jumlah yang telah dikonfirmasi secara independen. Demikian pula, nilai total kerugian perlu dibedakan antara harga unit pesawat dan keseluruhan biaya operasional, persenjataan, serta penggantian armada. (Tribunnews.com/Garudea Prabawati)"
https://www.tribunnews.com/internasional/7883564/anggota-dpr-soroti-ancaman-konflik-houthi-saudi-minta-pemerintah-pastikan-keselamatan-wni,www.tribunnews.com,internasional,"Anggota DPR Soroti Ancaman Konflik Houthi-Saudi, Minta Pemerintah Pastikan Keselamatan WNI",2026-09-16 20:16,"TRIBUNNEWS.COM, JAKARTA- Eskalasi konflik antara kelompokHouthidi Yaman danArab Saudihingga memunculkan laporan mengenai ancaman keamanan di sekitar Makkah mendapat perhatianDPRRI. Pemerintah diminta memastikan keselamatan Warga Negara Indonesia (WNI) yang berada diArab Saudidi tengah meningkatnya ketegangan di kawasan Timur Tengah. Anggota Komisi IDPRRI Fraksi Partai Amanat Nasional (PAN), Okta Kumala Dewi, mengatakan perkembangan konflik tersebut tidak bisa hanya dilihat sebagai persoalan regional. Menurutnya, peningkatan serangan berpotensi berdampak terhadap stabilitas keamanan, jalur perdagangan, energi, hingga kondisi kemanusiaan. “Eskalasi konflik antaraHouthidanArab Saudiharus menjadi perhatian serius masyarakat internasional. Konflik yang terus meningkat berisiko memperluas instabilitas kawasan, mengganggu jalur perdagangan dan energi global, serta menimbulkan dampak kemanusiaan yang semakin besar,” kata Okta, kepada wartawan, Rabu (16/9/2026). Okta menilai pemerintah Indonesia perlu meningkatkan kesiapsiagaan, khususnya untuk melindungi WNI yang berada diArab Saudimaupun negara-negara di sekitarnya yang berpotensi terdampak konflik. “Saya mendorong Kementerian Luar Negeri untuk memastikan perlindungan maksimal bagi seluruh WNI yang berada di kawasan Timur Tengah, khususnya diArab Saudi. Pemerintah harus memastikan sistem peringatan dini berjalan baik, komunikasi dengan WNI tetap terjaga, serta rencana kontinjensi selalu siap apabila situasi keamanan mengalami perubahan,” ujarnya. Menurut Okta, isu keamanan Makkah menjadi perhatian khusus karena kota tersebut merupakan salah satu pusat ibadah umat Islam dunia dan setiap tahun menjadi tujuan jutaan jamaah haji maupun umrah. “Kita sangat prihatin apabila benar Makkah dijadikan salah satu target serangan. Makkah bukan hanya memiliki arti penting bagiArab Saudi, tetapi juga bagi umat Islam di seluruh dunia. Tempat-tempat suci dan warga sipil harus dilindungi serta tidak boleh menjadi bagian dari konflik bersenjata dalam kondisi apa pun,” ujarnya. Ia menegaskan, pemerintah perlu memperkuat koordinasi dengan perwakilan RI diArab Saudiuntuk memastikan informasi mengenai kondisi keamanan dapat segera diterima WNI. Hal itu dinilai penting mengingatArab Saudimerupakan salah satu negara tujuan utama jamaah umrah dan haji asal Indonesia, sekaligus menjadi tempat tinggal bagi pekerja migran dan WNI lainnya. “Kepentingan utama Indonesia adalah memastikan keselamatan warga negaranya. Pemerintah harus terus melakukan pemantauan, memperkuat koordinasi dengan perwakilan RI diArab Saudi, dan memastikan seluruh langkah antisipasi telah disiapkan dengan baik,” tandas Okta."
https://www.tribunnews.com/internasional/7883545/usulan-penarikan-pasukan-as-di-asia-bisa-perkuat-posisi-cina,www.tribunnews.com,internasional,Usulan Penarikan Pasukan AS di Asia Bisa Perkuat Posisi Cina,2026-09-16 19:59,"Sebuah studi dari lembaga riset kebijakan luar negeri Amerika Serikat menyerukan penarikan besar-besaran pasukan AS dari kawasan sekitar Jepang, Taiwan, dan Filipina atau Pasifik Barat. Menurut para analis, hal ini memicu kekhawatiran di kalangan sekutu lama AS di Indo-Pasifik. Laporan tersebut ditulis oleh Jennifer Kavanagh, peneliti senior sekaligus direktur analisis militer di Defense Priorities Foundation yang berhaluan konservatif moderat. Kavanagh menyebut AS harus ""mempersempit komitmen pertahanannya di kawasan tersebut"" dengan mengakhiri aliansi pertahanan bersama dengan Korea Selatan, Jepang, Australia, dan Filipina. Menurutnya, prioritas Washington adalah melindungi wilayah dalam negeri AS serta menjaga akses ke pasar ekonomi dan jalur perdagangan utama. Untuk mencapai tujuan tersebut, pengamat menilai AS perlu menarik pasukan dari ""rantai pulau pertama"" yang membentang dari Okinawa di wilayah selatan Jepang, melalui Taiwan, hingga Filipina. Kavanagh menulis bahwa pasukan AS sebaiknya dikurangi dan dipindahkan ke ""rantai pulau kedua"", yang membentang dari Jepang bagian timur ke Kepulauan Mariana Utara di tengah Pasifik, Guam, Palau, hingga Papua Nugini. Laporan tersebut menyebut bahwa pemindahan pasukan ke wilayah yang lebih jauh dari garis depan akan membuat posisi mereka lebih mudah dipertahankan dan ""mengurangi risiko terjadinya perang besar dengan Cina."" Jika benar-benar diterapkan, penarikan itu mungkin akan paling terasa dampaknya di Taiwan, yang dianggap oleh Beijing sebagai bagian dari wilayahnya dan harus dipersatukan dengan daratan Cina. Dalam laporannya, Kavanagh mencatat bahwa AS tidak memiliki komitmen formal untuk membantu Taiwan jika wilayah tersebut diserang Cina. Ia memperingatkan bahwa bentrokan bersenjata ""akan menimbulkan biaya yang sangat besar bagi Amerika Serikat, jauh melampaui manfaat apa pun yang mungkin diperoleh."" ""Dengan perhitungan biaya dan manfaat yang timpang seperti ini, perubahan komitmen AS terhadap Taiwan tampak bijaksana,"" ujarnya. ""Amerika Serikat seharusnya beralih dari ambiguitas strategis menuju kebijakan non-intervensi yang jelas apabila terjadi konfrontasi militer terkait Taiwan."" Negara-negara yang disebut dalam laporan tersebut belum memberikan komentar resmi atas usulan lembaga pemikir itu. Namun, William Yang, analis keamanan yang berbasis di Taiwan dari International Crisis Group, mengatakan kepada DW bahwa kesimpulan laporan tersebut ""akan mengejutkan banyak pihak.” Yang menilai, kekhawatiran itu semakin besar karena Defense Priorities Foundation dikenal berpandangan isolasionis dalam urusan luar negeri dan pertahanan. Artinya, mereka lebih mengutamakan kepentingan domestik dan menarik diri dari segala urusan internasional. Lembaga itu juga disebut dekat dengan sejumlah pengambil keputusan senior di Gedung Putih. Menurut Yang, Presiden AS Donald Trump berulang kali mengancam akan menarik pasukan dari negara-negara sekutu di Eropa dan Asia apabila tuntutannya terkait pembayaran yang lebih besar atau konsesi lain dalam hubungan bilateral tidak dipenuhi. ""Ini merupakan langkah menuju agenda pembatasan yang sangat ekstrem dan tampak sangat mengakomodasi Cina,"" kata Yang. Meski belum ada indikasi bahwa Gedung Putih akan mengadopsi usulan Defense Priorities Foundation, Yang mengatakan gagasan tersebut sejalan dengan banyak prinsip isolasionis dan transaksional pemerintahan AS saat ini. Ia menambahkan bahwa jika rencana itu mendapat dukungan Trump, konsekuensinya akan setara dengan ""gempa bumi politik."" Laporan Defense Priorities ini diterbitkan di tengah meningkatnya kekhawatiran regional mengenai ketahanan komitmen keamanan AS di Asia, khususnya terkait ketegangan di Taiwan dan Laut Cina Selatan. Meski Kavanagh menilai risiko tersebut tidak sebesar yang dikhawatirkan, banyak analis berpendapat bahwa berkurangnya dukungan AS di kawasan tersebut akan mendorong Cina untuk segera mengambil alih Taiwan. Di saat yang sama, Korea Utara yang memiliki senjata nuklir dapat meningkatkan tuntutannya terhadap Korea Selatan. Situasi ini juga berpotensi memicu lonjakan belanja pertahanan di seluruh kawasan Pasifik Barat dan pada akhirnya merusak upaya non-proliferasi nuklir regional."
https://www.tribunnews.com/internasional/7883542/krisis-bahan-bakar-macron-dorong-pemerintah-amankan-pasokan-prancis,www.tribunnews.com,internasional,"Krisis Bahan Bakar, Macron Dorong Pemerintah Amankan Pasokan Prancis",2026-09-16 19:57,"TRIBUNNEWS.COM- PresidenPrancisEmmanuel Macronmengarahkan pemerintah untuk meningkatkan upaya mengamankan pasokan bahan bakar sekaligus mengendalikan harga di tengah kenaikan biaya energi yang mulai memberikan tekanan terhadap sejumlah stasiun pengisian bahan bakar. Juru bicara pemerintahPrancis, Maud Bregeon, mengatakan sekitar 10 persen stasiun pengisian bahan bakar di negara tersebut mengalami kendala dalam menyediakan setidaknya satu jenis bahan bakar. ""Hal ini menciptakan lonjakan konsumen, volume penjualan yang lebih tinggi dari biasanya, dan rantai logistik yang terkadang bisa tertekan untuk mengisi kembali stok, terutama setelah akhir pekan,"" ujar Bregeon, mengutipAnadolu Agency, Rabu (16/9/2026). Menurut Bregeon, sekitar 90 persen stasiun yang mengalami kendala tersebut merupakan jaringan milik TotalEnergies. Ia mengatakan Macron telah menyerukan mobilisasi total untuk memastikan ketersediaan bahan bakar dan menjaga harga. Pemerintah juga telah memberikan sejumlah pengecualian guna memperlancar distribusi, termasuk mengizinkan truk pengangkut bahan bakar beroperasi pada Minggu dan hari libur nasional. Sering Bertemu Presiden Rusia, Prabowo: RI Bebas Aktif, Saya Juga Sering ke Prancis hingga Arab Bregeon mengatakan pemerintah akan terus berkoordinasi dengan pelaku industri untuk menjaga kelancaran distribusi. Ia menambahkan bahwa sejauh ini tidak terdapat kesulitan yang tidak wajar dalam rantai logistik domestik. Meski demikian,Prancismulai meningkatkan langkah untuk mengamankan pasokan dari pasar internasional. Menurut Bregeon, Macron ingin memastikan volume pasokan bahan bakar tetap tersedia dalam beberapa hari dan pekan mendatang, termasuk melalui kerja sama dengan negara-negara lain. PemerintahPrancisjuga tengah menjajaki kemungkinan adanya fleksibilitas tambahan dalam aturan Uni Eropa, termasuk opsi untuk memberikan ruang lebih besar bagi kilang minyak dalam menghadapi kondisi saat ini. Di sisi diplomatik, Bregeon mengatakan Macron melakukan komunikasi secara rutin dengan mitra-mitranya dari Amerika Serikat (AS) dan Iran, serta sejumlah negara di kawasan, untuk meredakan ketegangan dan mendorong pembukaan kembali Selat Hormuz. Harga bahan bakar diPrancistelah meningkat tajam dalam beberapa pekan terakhir akibat gangguan yang berkaitan dengan konflik di Timur Tengah. Harga bensin dan solar bahkan dilaporkan mencapai rekor tertinggi. Kenaikan harga tersebut turut memicu aksi protes. Pada Rabu (16/9/2026), sekitar 100 nelayan dan pendukung mereka memblokir sebuah depot bahan bakar di Frontignan, wilayah selatanPrancis. (*)"
https://www.tribunnews.com/internasional/7883541/pesawat-kepresidenan-ukraina-disebut-2-kali-ditarget-rusia-zelenskyy-sebut-insiden-drone,www.tribunnews.com,internasional,"Pesawat Kepresidenan Ukraina Disebut 2 Kali Ditarget Rusia, Zelenskyy Sebut Insiden Drone",2026-09-16 19:49,"TRUBUNNEWS.COM- PresidenUkrainaVolodymyr ZelenskyymengatakanRusiatelah dua kali berupaya menargetkan pesawat kepresidenannya dengan drone dalam beberapa pekan terakhir ketika dirinya melakukan perjalanan melalui Moldova. Dalam wawancara dengan CBS News yang diterbitkan pada Selasa (15/9/2026), Zelenskyy mengatakan dua drone memasuki wilayah udara Moldova selama perjalanan yang dilakukannya. ""Pesawat kepresidenan saya berada di Moldova, dan itulah mengapa mereka menyerang Moldova."" ""Ketika kami kembali ke rumah, lagi-lagi melalui Chisinau, mereka melakukan hal yang sama,"" kata Zelenskyy. Zelenskyy merujuk pada dua insiden drone yang terjadi ketika ia melakukan perjalanan melalui Chisinau, ibu kota Moldova. Namun, ia tidak memberikan rincian lebih lanjut mengenai dugaan upaya untuk menargetkan pesawat kepresidenannya. Salah satu insiden terjadi pada 9 September. Ukraina Uji Senjata Pencegat Baru, Klaim Berhasil Jatuhkan Shahed Bertenaga Jet Rusia Perdana Menteri Norwegia Jonas Gahr Store saat itu mengatakan pesawat Zelenskyy hampir terkena drone ketika lepas landas dari Moldova menuju Oslo. Zelenskyy dijadwalkan menghadiri pemakaman Raja Norwegia Harald V di Oslo. Store tidak memberikan penjelasan lebih rinci mengenai insiden tersebut, mengutipAnadolu Agency,Rabu (16/9/2026). Pihak berwenang Moldova kemudian mengumumkan penutupan sementara wilayah udara negara itu setelah sebuah drone memasuki wilayah udara Moldova. Gangguan tersebut menyebabkan sejumlah penerbangan mengalami penundaan. Ketika kejadian berlangsung, pesawat Zelenskyy masih berada di darat. Drone tersebut kemudian jatuh sekitar 160 kilometer dari Bandara Internasional Chisinau."
https://www.tribunnews.com/internasional/7883538/as-naikkan-peringatan-perjalanan-ke-arab-saudi-ke-level-3-ini-alasannya,www.tribunnews.com,internasional,"AS Naikkan Peringatan Perjalanan ke Arab Saudi ke Level 3, Ini Alasannya",2026-09-16 19:40,"AS Naikkan Peringatan Perjalanan keArab Saudike Level 3, Ini Alasannya  TRIBUNNEWS.COM- Kedutaan BesarAmerikaSerikat (AS) di Riyadh menaikkan peringatan perjalanan bagi warga negaranya yang berada atau hendak bepergian keArab Saudidi tengah meningkatnya ancaman keamanan di kawasan. Departemen Luar Negeri AS menetapkanArab Saudidalam Level 3: Reconsider Travel atau pertimbangkan kembali perjalanan. Peringatan tersebut mencakup ancaman serangan menggunakan pesawat tak berawak dan rudal, konflik bersenjata yang masih berlangsung, serta risiko terorisme. Benarkah Houthi Menyerang Mekkah dan Madinah? Apa yang Sebenarnya Terjadi di Arab Saudi? Dalam sistem peringatan perjalanan AS, Level 3 berarti warga negara AS diminta mempertimbangkan kembali rencana perjalanan karena terdapat risiko keamanan yang lebih tinggi. Sementara itu, wilayah di sepanjang perbatasanArab SaudidenganYamanditempatkan pada Level 4: Do Not Travel, yang berarti warga AS diminta tidak melakukan perjalanan ke wilayah tersebut. Pembaruan peringatan ini dikeluarkan pada 16 September 2026, ketika ketegangan antaraArab Saudidan kelompokHouthidiYamanterus meningkat. Kedutaan AS menyebut ancaman serangan rudal dan drone sebagai salah satu alasan utama pembaruan peringatan keamanan. Situasi tersebut menjadi bagian dari eskalasi konflik yang lebih luas diYaman. Dalam beberapa waktu terakhir, serangan menggunakan rudal dan drone telah menjadi salah satu instrumen utama dalam konflik yang melibatkan kelompokHouthi,YamandanArab Saudi. Bagi AS, risikonya tidak hanya berkaitan dengan kemungkinan serangan terhadap wilayah Saudi, tetapi juga ancaman terhadap kepentingan dan fasilitas AS di kerajaan tersebut. Karena itu, Kedutaan AS meminta warganya mempertimbangkan kembali perjalanan keArab Saudidan mengikuti informasi keamanan terbaru dari pemerintah AS maupun otoritas setempat. Sebagai langkah pencegahan, Kedutaan AS di Riyadh juga memberlakukan pembatasan terhadap pergerakan pegawai pemerintahnya. Pegawai AS dilarang memasuki wilayah dekat perbatasanArab Saudi-Yaman. Perjalanan yang tidak penting ke Kegubernuran Qatif juga dilarang."
https://www.tribunnews.com/internasional/7883530/bangunan-runtuh-di-gaza-puluhan-nyawa-terancam-akibat-penundaan-penyelamatan,www.tribunnews.com,internasional,"Bangunan Runtuh di Gaza, Puluhan Nyawa Terancam akibat Penundaan Penyelamatan",2026-09-16 19:28,"TRIBUNNEWS.COM-Gazakini tengah menghadapi ancaman bangunan runtuh akibat buntut dari agresi Israel yang hingga kini masih terus dilakukan. Tayseer Mheisen, penasihat di Kantor Media PemerintahGaza, mengatakan runtuhnya sebuah bangunan tempat tinggal di KotaGazamerupakan gambaran kecil dari tragedi serupa yang terus terjadi di wilayah tersebut. Mheisen menuding Israel menghalangi masuknya peralatan yang diperlukan untuk membantu operasi penyelamatan korban yang masih tertimbun di bawah reruntuhan. ""Israel secara konsisten menghalangi intervensi PBB atau internasional apa pun untuk mendatangkan peralatan terpenting yang dapat menyelamatkan nyawa para korban di bawah reruntuhan,"" kata Mheisen, mengutip Al Jazeera, Rabu (2026/9/2026). Menurut Mheisen, sebuah bangunan enam lantai yang runtuh masih menimbun sekitar 75 orang. Sejauh ini, 16 korban telah ditemukan dalam kondisi meninggal dunia, termasuk lima anak-anak. Krisis Bahan Bakar-Obat, Kementerian Gaza Peringatkan Sistem Kesehatan di Ambang Keruntuhan Total Ia mengatakan seluruh anggota sejumlah keluarga yang berada di dalam bangunan saat kejadian berpotensi menjadi korban. Menurutnya, kondisi tersebut membuat keluarga-keluarga tersebut bisa saja dihapus dari catatan sipil. Mheisen juga memperingatkan bahwa sekitar 2.000 bangunan diGazaberada dalam kondisi yang berisiko runtuh. Ia mengaitkan situasi tersebut dengan ancaman yang semakin besar menjelang musim dingin. Menurut Mheisen, komunitas internasional belum mengambil langkah yang dinilainya diperlukan untuk mengatasi kondisi tersebut. Ia menyerukan tekanan terhadap Israel agar membuka perbatasan sehingga peralatan dan bantuan dapat masuk keGaza. Ia mengatakan tim penyelamat umumnya memiliki waktu sekitar tiga hari untuk menemukan korban yang masih hidup setelah sebuah bangunan runtuh. Namun, menurut keterangan yang diterimanya dari direktur pertahanan sipilGaza, proses pencarian dalam kasus ini dapat memerlukan berhari-hari, bahkan berminggu-minggu. ""Artinya kita akan kehilangan puluhan nyawa,"" kata Mheisen. (*)"
https://www.tribunnews.com/internasional/7883527/krisis-bahan-bakar-obat-kementerian-gaza-peringatkan-sistem-kesehatan-di-ambang-keruntuhan-total,www.tribunnews.com,internasional,"Krisis Bahan Bakar-Obat, Kementerian Gaza Peringatkan Sistem Kesehatan di Ambang Keruntuhan Total",2026-09-16 19:20,"TRIBUNNEWS.COM- Kementerian KesehatanGazamemperingatkan sistem kesehatan di wilayah tersebut berada di ambang kehancuran total akibat kekurangan bahan bakar, obat-obatan, dan perlengkapan medis. Dalam pernyataannya, kementerian menyerukan tindakan segera dari komunitas internasional dan memberikan kecaman. Kementerian juga menuduh Israel melebih-lebihkan klaim mengenai fasilitasi masuknya bantuan medis keGaza. Menurut kementerian, pasokan yang diizinkan masuk hanya dalam jumlah terbatas dan masih jauh dari kebutuhan minimum untuk menjalankan rumah sakit. Krisis bahan bakar disebut menjadi salah satu persoalan utama. Kementerian mengatakan lebih dari 70 persen generator cadangan di fasilitas kesehatan saat ini tidak beroperasi akibat keterbatasan bahan bakar. Kondisi tersebut diperparah oleh hampir terhentinya transportasi umum, mengutipAl Jazeera, Rabu (16/9/2026). Anak-Anak Gaza Kembali Sekolah setelah 3 Tahun Perang, Belajar di Tenda dengan Fasilitas Terbatas Kementerian mengaitkan situasi itu dengan larangan impor suku cadang kendaraan dan ban, yang menurutnya membuat ratusan dokter, perawat, dan teknisi kesulitan mencapai tempat kerja mereka. Selain bahan bakar, fasilitas kesehatanGazajuga menghadapi kekurangan obat-obatan dan perlengkapan medis. Kerusakan pada sejumlah peralatan diagnostik turut menghambat pelayanan kesehatan. Kementerian juga menyebut akses bagi pasien dan korban luka yang membutuhkan perawatan di luarGazamasih menghadapi hambatan. Dalam seruannya, Kementerian KesehatanGazameminta Dewan Keamanan PBB, Organisasi Kesehatan Dunia (WHO), dan Kantor PBB untuk Koordinasi Urusan Kemanusiaan (OCHA) segera mengambil tindakan. Kementerian memperingatkan bahwa keterlambatan pasokan bahan bakar dan kebutuhan medis dapat menyebabkan semakin banyak kematian. Mereka juga menuntut pencabutan pengepungan serta pembukaan perbatasan tanpa syarat. Klaim dan angka mengenai kondisi fasilitas kesehatan tersebut disampaikan oleh Kementerian KesehatanGazadalam pernyataannya. (*)"
https://www.tribunnews.com/internasional/7883500/iran-kembali-serang-pangkalan-kelompok-oposisi-kurdi-di-irak-pakai-drone-dan-rudal,www.tribunnews.com,internasional,"Iran Kembali Serang Pangkalan Kelompok Oposisi Kurdi di Irak, Pakai Drone dan Rudal",2026-09-16 18:14,"TRIBUNNEWS.COM- Kelompok oposisiKurdimengeklaim Iran melancarkan serangkaian serangan terhadap pangkalan mereka di wilayahIrakselama tiga hari berturut-turut. Partai KebebasanKurdistan (PAK) mengatakan telah mencegat sebuah pesawat nirawak yang diduga diluncurkan oleh rezim Iran ketika drone tersebut berupaya menyerang pangkalan Chamshar milik mereka. Pangkalan itu berada di sepanjang jalan Erbil-Duhok, dekat distrik Darashakran, sebelah utara Erbil. Anggota pimpinan PAK, Rebaz Sharifi, mengatakan kepada stasiun televisiKurdiRudaw bahwa tidak ada korban jiwa dalam serangan tersebut. Menurut PAK, sasaran serangan merupakan pangkalan sayap bersenjata kelompok itu, Tentara NasionalKurdistan. Pada hari yang sama, Partai Demokrat Kurdistan Iran (KDPI) mengatakan salah satu pangkalannya di kawasan Balisan, timur laut Erbil, juga menjadi sasaran serangan drone satu arah, mengutipAnadolu Agency, Rabu (16/9/2026). Nasib Pete Hegseth di Ujung Tanduk, Perang Iran Seret Menhan AS ke Ambang Pemakzulan KDPI merupakan salah satu kelompok pembangkangKurditerbesar di Iran. Kelompok tersebut sebelumnya juga melaporkan adanya serangan terhadap basisnya di wilayahIrak. Serangkaian serangan itu terjadi setelah sebuah serangan rudal pada Senin menghantam kamp di Zirgwez, wilayah selatan Provinsi Sulaimani. Kamp tersebut menampung keluarga anggota kelompokKurdiIran Komala dan berada di kawasan yang menjadi lokasi sejumlah kamp oposisiKurdiIran. Seorang pejabat Komala mengatakan tiga rudal menghantam lokasi tersebut. Serangan menyebabkan kerusakan material, tetapi tidak menimbulkan korban jiwa. Laporan mengenai serangan-serangan tersebut disampaikan oleh kelompok oposisiKurdi. Dalam data yang tersedia, belum terdapat keterangan dari pemerintah Iran mengenai tuduhan serangan tersebut. (*)"
https://www.tribunnews.com/internasional/7883498/as-pastikan-pipa-minyak-arab-saudi-segera-pulih-diprediksi-beroperasi-lagi-dalam-hitungan-hari,www.tribunnews.com,internasional,"AS Pastikan Pipa Minyak Arab Saudi Segera Pulih, Diprediksi Beroperasi Lagi dalam Hitungan Hari",2026-09-16 18:10,"TRIBUNNEWS.COM -Jalurpipa minyakmentah East-West Pipeline milikArab Saudidiperkirakan kembali beroperasi dalam hitungan hari setelah mengalami kerusakan akibat serangan pesawat tanpa awak ataudrone. Kabar tersebut disampaikan Menteri EnergiAmerika Serikat(AS) Chris Wright dalam wawancara dengan CNBC International di sela pertemuan para pejabat energi negara-negara G20 di Houston, Rabu (16/9/2026). Wright mengatakan gangguan terhadap jalur pipa strategis tersebut diperkirakan tidak berlangsung lama. “Ini masih dalam penilaian terperinci, tetapi saya pikir akan diukur dalam hitungan hari,” ujar Wright. Pernyataan tersebut muncul di tengah kekhawatiran pasar energi global mengenai dampak kerusakan infrastruktur minyakArab Saudisetelah East-West Pipeline dihantam serangandroneselama beberapa hari terakhir. Hingga kini belum ada konfirmasi bahwa kelompok Houthi merupakan pelaku langsung serangan tersebut.Droneyang menyerang pipa dilaporkan berasal dari wilayah Irak, sementara belum ada kelompok yang secara terbuka mengaku bertanggung jawab. Namun, serangan tersebut memicu gangguan terhadap pipa dan berpotensi memberikan tekanan tambahan terhadap pasar minyak dunia. East-West Pipeline merupakan salah satu jalur utama yang memungkinkanArab Saudimengirim minyak mentah dari wilayah penghasil minyak di bagian timur menuju pesisir Laut Merah tanpa harus sepenuhnya mengandalkan Selat Hormuz. Jalur tersebut memiliki kapasitas sekitar 4–5 juta barel per hari. Dengan menggunakan pipa tersebut, minyak Saudi dapat dikirim menuju terminal di kawasan Laut Merah sebelum kemudian diteruskan menggunakan kapal tanker. Benarkah Houthi Menyerang Mekkah dan Madinah? Apa yang Sebenarnya Terjadi di Arab Saudi? Reutersmenyebut pipa tersebut selama sekitar enam bulan terakhir menjadi rute utama bagi pasokan minyak Timur Tengah karena Selat Hormuz mengalami gangguan besar akibat perang Iran. Karena itu, gangguan terhadap pipa dapat mengurangi fleksibilitas Saudi dalam menyalurkan ekspor minyak ketika Selat Hormuz mengalami gangguan. Meski Menteri Energi AS memperkirakan operasi dapat kembali berjalan dalam hitungan hari, perkiraan mengenai waktu perbaikan belum sepenuhnya seragam. Reutersmelaporkan sejumlah sumber memberikan estimasi berbeda mengenai lamanya pipa akan berhenti beroperasi. Salah satu sumber memperkirakan kerusakan dapat membutuhkan waktu lima hingga enam minggu untuk diperbaiki. Sumber lain menyebut pipa dapat diperbaiki lebih cepat dan bahkan kembali memompa minyak secara sebagian sebelum seluruh pekerjaan perbaikan selesai. Perbedaan estimasi tersebut menunjukkan bahwa kondisi aktual infrastruktur masih menjadi faktor penting yang menentukan kapan operasi dapat benar-benar normal. Sementara itu,Arab Saudisebelumnya menggambarkan penghentian operasi pipa sebagai langkah sementara atau tindakan pencegahan."
https://www.tribunnews.com/internasional/7883493/benarkah-houthi-menyerang-mekkah-dan-madinah-apa-yang-sebenarnya-terjadi-di-arab-saudi,www.tribunnews.com,internasional,Benarkah Houthi Menyerang Mekkah dan Madinah? Apa yang Sebenarnya Terjadi di Arab Saudi?,2026-09-16 18:04,"BenarkahHouthiMenyerangMekkahdanMadinah? Apa yang Sebenarnya Terjadi diArab Saudi? TRIBUNNEWS.COM-Arab Saudimenyatakan telah mencegat dan menghancurkan sebuah droneHouthidi wilayah selatan KotaMekkahpada Selasa (15/9/2026) malam. Saudi menyebut drone tersebut sebagai ancaman yang mengarah ke kawasan kota suci. Namun, klaim itu langsung dibantah kelompok Houthi, Yaman. Mengenal Mokha, Kota Pelabuhan yang Jatuh ke Tangan Houthi, Arab Saudi Dalam Bahaya? Kelompok bersenjata yang menguasai sebagian besar wilayah baratYamantersebut menegaskan kalau operasi militernya tidak menargetkanMekkahmaupun tempat-tempat suci Islam. Perbedaan klaim ini membuat persoalan utamanya bukan sekadar apakah sebuah drone memang dicegat di sekitarMekkah, tetapi juga ke mana drone tersebut sebenarnya diarahkan dan apa target operasinya. Juru bicara koalisi pimpinan Saudi diYaman, Turki al-Maliki, menyebut dugaan penargetanMekkahsebagai tindakan yang memalukan. Mekkah merupakan lokasi Masjidil Haram dan Ka'bah, sekaligus pusat pelaksanaan ibadah haji. Organisasi Kerja Sama Islam (OKI), yang beranggotakan 57 negara, bahkan mengecam apa yang disebut sebagai serangan terhadapMekkahdan ProvinsiMadinah. Madinah adalah lokasi Masjid Nabawi dan makamRasulullah SAW, sekaligus pusat hijrah dan pembangunan peradaban awal Islam. OKI menyatakan serangan terhadap dua wilayah yang menjadi pusat situs suci umat Islam tersebut merupakan pelanggaran yang tidak dapat diterima. Akan tetapi, pihakHouthimemberikan versi yang berbeda. Juru bicara militerHouthiYahya Saree menolak tuduhan bahwa kelompoknya menargetkan tempat-tempat suci. “Tidak ada ancaman apa pun dariYamanterhadap tempat-tempat suci. Operasi kami menargetkan fasilitas minyak dan pangkalan militer mereka, dan berada jauh dari tempat-tempat suci,” kata Saree. Houthi juga menyatakan serangan drone dan rudal ke wilayah Saudi dilakukan sebagai pembalasan atas lebih dari 450 serangan udara Saudi ke wilayahYamanselama sepekan terakhir."
https://www.tribunnews.com/internasional/7883478/nasib-pete-hegseth-di-ujung-tanduk-perang-iran-seret-menhan-as-ke-ambang-pemakzulan,www.tribunnews.com,internasional,"Nasib Pete Hegseth di Ujung Tanduk, Perang Iran Seret Menhan AS ke Ambang Pemakzulan",2026-09-16 17:46,"TRIBUNNEWS.COM -Menteri PertahananAmerika Serikat(AS)Pete Hegsethmenghadapi upayapemakzulansetelah anggota DPR dari Partai Republik, Thomas Massie, mengajukan delapan pasalpemakzulanterhadapnya. Langkah tersebut dilakukan Massie, anggota DPR AS asal Kentucky, dengan mendorong DPR untuk melakukan pemungutan suara terkait resolusipemakzulanHegseth. Massie menuduh Hegseth menjalankan operasi militer AS diIrantanpa persetujuan Kongres. Ia juga mempersoalkan sejumlah tindakan Departemen Pertahanan yang menurutnya berada di luar kewenangan konstitusional dan bertentangan dengan ketentuan War Powers Resolution 1973. Dalam pernyataannya, Massie menuding keterlibatan militer AS dalam konflikIrantelah berlangsung lebih dari 90 hari tanpa otorisasi Kongres. ""With engaging in hostilities inIranfor more than 90 days without congressional authorization, Secretary Hegseth is breaking the law and must be held accountable,"" kata Massie dalam pernyataan yang dikutip dari Time.com. Tuduhan tersebut merupakan posisi Massie yang dituangkan dalam dokumenpemakzulandan belum menjadi putusan hukum bahwa Hegseth terbukti melakukan pelanggaran. Resolusi tersebut juga masih harus melewati tahapan politik dan konstitusional di Kongres AS. Meski demikian, langkah Massie menjadi perhatian karena ia berasal dari Partai Republik, partai yang juga menaungi Presiden AS Donald Trump dan saat ini menguasai DPR. PerangIranbukan satu-satunya persoalan yang dimasukkan Massie dalam delapan pasalpemakzulantersebut. Ia juga menuduh Hegseth menyalahgunakan kewenangan Departemen Pertahanan dalam sejumlah persoalan lain, termasuk dugaan tindakan terhadap Senator Mark Kelly. Persoalan tersebut bermula setelah Kelly bersama sejumlah anggota parlemen Demokrat membuat video yang mengingatkan personel militer dan komunitas intelijen bahwa mereka dapat menolak menjalankan perintah yang dianggap ilegal. Massie menilai tindakan yang dilakukan terhadap Kelly berkaitan dengan kebebasan berbicara yang dilindungi konstitusi AS. Terungkap 14 Satelit Rusia Pantau Pangkalan AS, Diduga Bantu Iran Bidik Target Selain itu, Massie memasukkan tuduhan mengenai operasi militer AS di Venezuela. Menurutnya, operasi yang berujung pada penangkapan Presiden Venezuela Nicolás Maduro dan istrinya dilakukan tanpa kewenangan konstitusional atau hukum yang memadai. Dengan demikian,perangIranmenjadi salah satu bagian utama dalam tuduhan Massie, tetapi bukan satu-satunya dasar yang digunakan untuk mengajukanpemakzulanterhadap Hegseth. Untuk mempercepat proses tersebut, Massie mengajukan resolusipemakzulansebagai privileged resolution. Status ini memberikan jalur prosedural yang memungkinkan Massie meminta DPR mempertimbangkan resolusi tersebut dalam batas waktu tertentu. Reuters melaporkan DPR harus menindaklanjuti resolusi itu dalam dua hari legislatif."
https://www.tribunnews.com/internasional/7883459/arab-saudi-keluarkan-peringatan-darurat-akankah-ancaman-houthi-ganggu-ibadah-jamaah-indonesia,www.tribunnews.com,internasional,"Arab Saudi Keluarkan Peringatan Darurat, Akankah Ancaman Houthi Ganggu Ibadah Jamaah Indonesia?",2026-09-16 17:18,"TRIBUNNEWS.COM –PemerintahArab Saudimengeluarkan peringatan darurat terkait adanya ""potensi bahaya"" di sejumlah wilayah penting di bagian barat negara tersebut, yakni Jeddah, Mekah, dan Taif, pada Selasa (15/9/2026). Peringatan disampaikan Badan Pertahanan SipilArab Saudimelalui National Early Warning Platform for Emergencies atau Platform Peringatan Dini Nasional untuk Keadaan Darurat. Melalui peringatan tersebut, masyarakat Saudi diminta tetap tenang dan segera menuju tempat aman di dalam bangunan. Mengutip dari Anadulu, Warga juga dihimbau menjauh dari jendela, area terbuka, balkon, serta atap bangunan selama peringatan berlangsung. Bagi masyarakat yang berada di luar ruangan, otoritas meminta mereka segera masuk ke bangunan terdekat atau berlindung di balik penghalang yang kokoh. Peringatan keamanan tersebut menjadi perhatian karena muncul di tengah meningkatnya ketegangan antaraArab Saudidan kelompokHouthidi Yaman. Sejauh ini, otoritas Saudi belum menjelaskan secara spesifik jenis ""potensi bahaya"" yang dimaksud dalam peringatan tersebut. Namun, situasi itu terjadi setelah serangkaian serangan yang dikaitkan denganHouthiterhadap wilayah dan infrastrukturArab Saudidalam beberapa hari terakhir hingga menimbulkan gangguan terhadap aktivitas pengiriman minyak. Pasca peringatan darurat yang sempat diberlakukan di Jeddah, Mekah, dan Taif serta memicu kekhawatiran masyarakat, pemerintahArab Saudikini telah mencabut status tersebut. Kendati dinyatakan berakhir, perkembangan keamanan di wilayah baratArab Sauditetap menjadi perhatian, terutama bagi masyarakat dari berbagai negara yang sedang menjalankan ibadah umrah maupun mempersiapkan perjalananhaji. Situasi tersebut turut menjadi perhatian bagi jamaah Indonesia yang melakukan perjalanan ke Arab Saudi. Pengamat Ungkap Konflik Saudi-Houthi Pernah Lebih Parah, Libatkan Koalisi Arab Ketua Bidang Umrah Dewan Pengurus Pusat Asosiasi Muslim Penyelenggara Haji dan Umrah Republik Indonesia (DPP AMPHURI), H. Ahmad Barakhwan, mengatakan perkembangan seranganHouthibelum secara otomatis memengaruhi keberangkatan jamaahhajimaupun umrah. ""Jamaah kemungkinan tetap merasakan kekhawatiran akibat perkembangan keamanan diArab Saudi. Namun, keberangkatan jamaah tetap bergantung pada kondisi keamanan serta kebijakan yang dikeluarkan otoritas terkait,"" ujar H. Ahmad saat dihubungi Tribunnews dari Kecamatan Colomadu, Kabupaten Karanganyar, Jawa Tengah, Rabu (16/9/2026). Ia menjelaskan, salah satu hal yang perlu menjadi perhatian adalah potensi gangguan terhadap akses penerbangan apabila eskalasi konflik semakin meluas dan menyasar wilayah Jeddah. Jeddah memiliki posisi penting bagi perjalanan jamaah karena terdapat Bandara Internasional King Abdulaziz yang menjadi salah satu pintu masuk utama bagi jamaah dari berbagai negara."
https://www.tribunnews.com/internasional/7883431/terungkap-14-satelit-rusia-pantau-pangkalan-as-diduga-bantu-iran-bidik-target,www.tribunnews.com,internasional,"Terungkap 14 Satelit Rusia Pantau Pangkalan AS, Diduga Bantu Iran Bidik Target",2026-09-16 16:37,"TRIBUNNEWS.COM -Sedikitnya14 satelit mata-mataRusiamelintas di atas pangkalan militerAmerika Serikatdi Arab Saudi dua hari sebelumIranmelancarkan serangan besar. CNNmelaporkan, waktu dan urutan pergerakan satelit tersebut berpotensi memberi akses terhadap informasi mengenai fasilitas militer AS. Pejabat AS dan sumber intelijen internasional yang dikutip CNN mengatakan informasi tersebut kemungkinan membantuIranmelakukan sejumlah serangan dengan penargetan yang lebih presisi terhadap aset Amerika. Data yang diperoleh dari satelit berpotensi memberikan gambaran mengenai lokasi dan pergerakan aset militer AS. Informasi tersebut dapat digunakan untuk memahami posisi pangkalan, pusat komando, fasilitas logistik hingga infrastruktur militer Amerika. Temuan mengenai aktivitas satelitRusiamuncul ketika hubungan militer Moskow dan Teheran semakin erat. Rusia disebut telah menyediakan citra satelit dan informasi penargetan kepada Iran. FBI Gagalkan Rencana Pembunuhan Pengkritik Pemerintah Rusia di AS, Ditawari 40.000 Dolar Kerja sama kedua negara juga berkembang dalam bidang teknologi militer, termasuk drone. Iran sebelumnya memasok drone Shahed kepadaRusiauntuk digunakan dalam perang di Ukraina. Rusia kemudian memodifikasi teknologi tersebut dan mengembangkan sejumlah varian baru berdasarkan pengalaman penggunaannya di medan perang. Institut Studi Perang (ISW) memperingatkan bahwa dukungan intelijen dan teknologiRusiaberpotensi meningkatkan kemampuanIrandalam menyerang aset militer AS. Di tengah meningkatnya kemampuan seranganIran, militer AS juga mengerahkan persenjataan pertahanan udara dalam jumlah besar. The Wall Street Journal (WSJ)melaporkan pasukan AS menembakkan sekitar 60 hingga 70 rudal pencegat Patriot ketikaIranmelancarkan serangan terhadap Yordania pekan lalu. Serangan tersebut melibatkan sekitar 20 rudal balistikIran. Selain Patriot, AS juga menembakkan lebih dari selusin rudal pencegat THAAD, menurut pejabat AS dan regional yang mengetahui situasi tersebut. Ukraina Uji Senjata Pencegat Baru, Klaim Berhasil Jatuhkan Shahed Bertenaga Jet Rusia WSJ melaporkan penggunaan tersebut kira-kira setara dengan jumlah rudal pencegat yang biasanya digunakan AS selama satu pekan penuh pada periode lain dalam perang. Pengeluaran amunisi dalam jumlah besar itu menyoroti tekanan terhadap sistem pertahanan udara AS dalam menghadapi serangan rudalIran. (Tribunnews.com/Andari Wulan Nugrahani)"
https://www.tribunnews.com/internasional/7883416/eropa-ketar-ketir-pipa-minyak-saudi-lumpuh-usai-serangan-drone-krisis-bbm-mengintai,www.tribunnews.com,internasional,"Eropa Ketar-Ketir! Pipa Minyak Saudi Lumpuh Usai Serangan Drone, Krisis BBM Mengintai",2026-09-16 16:13,"TRIBUNNEWS.COM -Pasokanminyakmentah keEropamulai menghadapi tekanan setelahArab Saudimemangkas sebagian pengiriman akibat kerusakan jalur pipa ekspor utama menuju Laut Merah. Gangguan tersebut membuat sejumlah pembeliminyakdiEropamulai mencari sumber pasokan alternatif. Salah satunya adalah Orlen, perusahaanminyakterintegrasi asal Polandia yang selama ini memiliki ketergantungan cukup besar terhadapminyakmentahArab Saudiuntuk menjaga operasional kilangnya. Mengutip laporan Reuters, Aramco diketahui menjadi salah satu pemasok utama Orlen sejak 2022. Saat ini,minyakdari perusahaan energiArab Sauditersebut memenuhi sekitar 40 persen kebutuhanminyakOrlen. Besarnya porsi pasokan itu membuat gangguan pengiriman Saudi menjadi persoalan penting bagi perusahaan Polandia tersebut, mengingat selama ini pasokan Saudi  membantu Polandia mengurangi ketergantungan terhadapminyakRusia. Adapun kekhawatiran pasar muncul setelah serangan pesawat tak berawak yang olehArab Saudidituduhkan kepada milisi Irak menyebabkan kerajaan tersebut menutup jalur pipaminyakgurun Timur-Barat pada Jumat. Jalur pipa tersebut memiliki peran strategis karena menghubungkan ladangminyakdi wilayah timurArab Saudidengan pelabuhan di pesisir Laut Merah. Pipa itu juga menjadi salah satu jalur yang memungkinkan Saudi menghindari ketergantungan penuh terhadap Selat Hormuz. Serangan Iran Buat AS Boncos, Fasilitas AS di 4 Negara Teluk Rusak Kerugian Tembus Rp3,2 Triliun Selama sekitar enam bulan terakhir, jalur tersebut menjadi semakin penting di tengah gangguan keamanan di kawasan Teluk. Namun, setelah mengalami kerusakan, sebagian aliranminyakmelalui jalur tersebut harus dihentikan. Penutupan itu berpotensi mengganggu sebagian eksporminyakArab SaudimenujuEropa. Riyadh pun perlu mencari jalur lain agarminyaktetap dapat dikirim kepada pembeli internasional. Sumber perdagangan mengatakanArab Saudiberpotensi meningkatkan pengirimanminyakmelalui Selat Hormuz dengan menggunakan metode yang disebut sebagai “pengiriman gelap”. Pola pengiriman tersebut memungkinkan produsenminyakdi kawasan Teluk mengurangi visibilitas pergerakan kapal dan asal muatan. Metode serupa disebut telah digunakan oleh Uni Emirat Arab dan Irak. Dengan pola tersebut, produsenminyakTeluk diperkirakan masih dapat mengekspor sekitar 7 juta hingga 9 juta barelminyakper hari atau sekitar 30 hingga 40 persen dari volume sebelum perang. Gangguan pada jalur ekspor Saudi turut memberikan tekanan terhadap hargaminyak. HargaminyakBrent berjangka dilaporkan diperdagangkan mendekati 108 dolar AS per barel. Sementara itu, harga kargominyakdi pasar fisikEropabahkan berada pada level yang lebih tinggi. Patokan utama Brent di pasar fisik berada di sekitar 122 dolar AS per barel berdasarkan data LSEG."
https://www.tribunnews.com/internasional/7883351/brics-mulai-kurangi-ketergantungan-dolar-tapi-sejumlah-hambatan-mengadang,www.tribunnews.com,internasional,"BRICS Mulai Kurangi Ketergantungan Dolar, tapi Sejumlah Hambatan Mengadang",2026-09-16 14:59,"TRIBUNNEWS.COM- Ketika para pemimpinBRICSbertemu pada akhir pekan lalu, mereka membahas kekuatan ekonomi negara-negara Global South serta kebutuhan untuk memperluas perdagangan menggunakan mata uang lokal. Langkah ini menunjukkan dorongan untuk mengurangi ketergantungan terhadapdolarAS. Para pakar mengatakan blok tersebut ingin mengurangi ketergantungan terhadapdolarAS karena ketegangan geopolitik, sanksi ekonomi, dan kebijakan tarif Amerika Serikat. Namun, mereka meragukan kemampuanBRICSuntuk benar-benar melepaskan diri daridolar. MengutipCNBC, selama bertahun-tahun, istilah ""de-dolarisasi"" muncul dari waktu ke waktu, terutama ketika kepercayaan terhadap Amerika Serikat mengalami guncangan. Gagasannya sederhana. Saat ini, sebagian besar transaksi internasional dilakukan menggunakandolarAS, sehingga mata uang tersebut menjadi fondasi sebagian besar sistem keuangan dunia. Sebagai contoh, dua komoditas yang paling banyak diperdagangkan di dunia, yakni minyak dan emas, menggunakan denominasidolarAS. Data dari Bank for International Settlements menunjukkandolarAS mencakup 89 persen pasar valuta asing (forex) pada April. Angka tersebut naik 1 poin persentase dibandingkan setahun sebelumnya. Sementara itu, euro dan yen masing-masing mencakup 29 persen dan 17 persen. Presiden Afrika Selatan Cyril Ramaphosa dalam pidatonya di KTT BRICS mengatakan BRICS harus ""terus mendorong penggunaan mata uang lokal yang lebih luas, sistem pembayaran lintas batas yang lebih kuat, serta keterhubungan keuangan yang lebih mendalam."" Bukan Konfrontasi Langsung, BRICS Dinilai Bisa Gerogoti Dominasi Ekonomi AS Lewat Sistem Non-Dolar Negara-negara kaya energi seperti Iran dan Rusia, yang merupakan anggotaBRICSdan kemampuan perdagangannya menggunakandolarterhambat oleh sanksi Amerika Serikat, juga mendesak blok tersebut mengembangkan infrastruktur pembayaran, penyelesaian transaksi, dan penyimpanan aset di dalamBRICS. Sistem keuangan saat ini ""rentan terhadap guncangan politik karena terkonsentrasi pada sejumlah mata uang yang terbatas,"" kata Presiden Iran Masoud Pezeshkian. Pernyataan tersebut mengisyaratkan perlunya diversifikasi untuk mengurangi ketergantungan terhadapdolar. Namun, para pakar mengatakan kurangnya integrasi keuangan dan makroekonomi, ketidakseimbangan perdagangan yang besar, serta ketidakpercayaan yang mendalam di antara negara-negara anggota utama, seperti China danIndia, menjadi hambatan terbesar yang harus diatasiBRICSsebelum dapat terbebas dari dominasidolar. BRICS tidak memiliki infrastruktur kelembagaan, keuangan, dan makroekonomi terpadu yang diperlukan untuk menggantikan ""likuiditas dan kepercayaan yang melekat"" padadolardi tingkat global, kata Jayant Krishna, senior fellow di Center for Strategic and International Studies, kepada CNBC. Istilah de-dolarisasi paling sering dikaitkan dengan negara-negaraBRICS. Presiden AS Donald Trump sebelumnya mengancam blok tersebut dengan tarif jika mereka mengurangi penggunaandolar. ""Kami membutuhkan komitmen dari negara-negara ini bahwa mereka tidak akan menciptakan Mata UangBRICSbaru atau mendukung mata uang lain untuk menggantikandolarAS yang perkasa. Jika tidak, mereka akan menghadapi tarif 100 persen dan harus mengucapkan selamat tinggal untuk menjual barang ke Ekonomi AS yang luar biasa,"" tulis Trump. Secara keseluruhan, 10 negara anggotaBRICSmenyumbang 27 persen output ekonomi dunia, 24 persen ekspor barang, dan 22 persen arus masuk investasi asing langsung global pada 2024, menurut laporan United Nations Trade and Development yang diterbitkan pada Maret. ""Hal ini membawa peluang baru, berbagai ruang untuk kerja sama, serta potensi yang sangat besar,"" kata laporan tersebut. Namun, laporan itu menegaskan bahwa skala perdagangan intra-BRICS saat ini hanya mencakup sekitar 5 persen perdagangan dunia pada 2024."
https://www.tribunnews.com/internasional/7883348/asap-karhutla-indonesia-capai-thailand-kualitas-udara-hat-yai-hari-ini-masuk-kategori-tidak-sehat,www.tribunnews.com,internasional,"Asap Karhutla Indonesia Capai Thailand, Kualitas Udara Hat Yai Hari Ini Masuk Kategori Tidak Sehat",2026-09-16 14:56,"TRIBUNNEWS.COM -Dampak dari bencanakebakaranhutan dan lahan (karhutla) yang terjadi diIndonesiakini telah menjangkau wilayahThailandbagian selatan. Datangnya kabutasapkarhutla pada hari Rabu ini (16/9/2026) tepatnya terjadi di Provinsi Songkhla. Sejumlah kawasan padat penduduk di wilayah tersebut melaporkan peningkatan konsentrasi polusi udara berupa partikel halus yang terjadi secara signifikan, terutama pada waktu pagi hari. Kondisiini mulai dirasakan oleh masyarakat setempat menyusul tiupan angin yang membawa partikelasapdari pusatkebakarandi PulauKalimantanserta PulauSumatra. Berdasarkan data dari Pusat Penelitian Polusi Udara dan Efek Kesehatan Universitas Prince of Songkla atau Mahawitthayalai Songkhla Nakharin, tingkat partikel materi berukuran 2,5 mikrometer atau kurang di kota Hat Yai sempat mencatatkan angka yang mengkhawatirkan. Pada hari Rabu pukul 09.00 pagi, konsentrasi polutan tersebut tercatat mencapai 67,2 mikrogram per meter kubik. Angka pembacaan tersebut berada dalam level jingga atau oranye, yang menandakan bahwakualitas udaramulai memberikan dampak negatif bagi kesehatan masyarakat. Tingkat tersebut jauh melampaui ambang batas aman untuk PM2.5 yang ditetapkan oleh pemerintahThailandsebesar 37,5 mikrogram per meter kubik. Bahkan, beberapa area tertentu sempat melaporkan tingkat bahaya berwarna merah yang mencapai 88,2 mikrogram per meter kubik dengan rata-rata harian berada di sekitar 59,9 mikrogram per meter kubik. Pertama Kali Sejak 2019, Seluruh Wilayah Negara Singapura Alami Kualitas Udara Buruk Akibat Karhutla Pada Selasa malam, sejumlah peneliti di Songkhla sudah mendeteksi potensi kabutasaptebal yang menyelimuti berbagai sudut kota. Kabut tersebut juga diketahui turut menyelimuti sepanjang jalur menuju kawasan pemandangan populer di Hatyai seperti Khao Kho Hong hingga Taman Kota. Dilansir dari Channel 7, sejumlah pengantar barang belanja online juga mengeluhkan kabutasapyang terasa semakin pekat belakangan ini. Kabut ini disebut meninggalkan rasa perih pada mata dan hidung mereka selama mencari nafkah di jalanan. Pihak sekolah juga dilaporkan telah mengambil langkah pencegahan dengan melarang para siswa untuk bermain serta beraktivitas di luar ruangan."
https://www.tribunnews.com/internasional/7883346/pengamat-ungkap-konflik-saudi-houthi-pernah-lebih-parah-libatkan-koalisi-arab,www.tribunnews.com,internasional,"Pengamat Ungkap Konflik Saudi-Houthi Pernah Lebih Parah, Libatkan Koalisi Arab",2026-09-16 14:50,"TRIBUNNEWS.COM -KonflikArab Saudidan kelompokHouthidiYamankembali memanas setelah Saudi mengeluarkan peringatan darurat dan mengklaim mencegat drone yang diluncurkanHouthidi dekat Kota Suci Mekah. Peringatan darurat tersebut dikeluarkanArab Saudipada Selasa (15/9/2026) setelah muncul potensi bahaya di wilayah barat negara tersebut. Menurut Saudi Civil Defense, warga diminta mencariperlindungandan mengikuti instruksi melalui sistem peringatan dini nasional. Otoritas Saudi tidak menjelaskan secara rinci ancaman yang dimaksud, namun meminta warga tetap tenang dan menuju tempat aman terdekat. Pada hari yang sama, pertahanan udara Saudi mengklaim mencegat dan menghancurkan drone yang disebut diluncurkan kelompok Houthi di dekat Mekah. Dikutip dariTRT World, Juru bicara koalisi pimpinan Saudi, Turki al-Malki, mengatakan drone tersebut dicegat sekitar pukul 18.50 waktu setempat atau 15.50 GMT, sebelum memasuki wilayah udara terlarang Kota Mekah. Puing-puing drone dilaporkan jatuh di sebelah selatan kota suci tersebut. Al-Malki menyebut insiden itu sebagai upaya kedua Houthi untuk menargetkan Mekah setelah sebelumnya rudal balistik diluncurkan ke arah kota tersebut pada 27 Juli 2017. Drone Houthi Dicegat sebelum Capai Mekah, Saudi: Kota Suci adalah Garis Merah Ia juga menegaskan keamanan Dua Masjid Suci dan para jemaah merupakan ""garis merah"" bagi koalisi pimpinan Saudi. Namun,Houthimembantah tuduhan tersebut dan menyatakan tidak mengirim drone menuju Mekah. Di tengah eskalasi terbaru tersebut, Pengamat Politik Timur TengahHasibullah Satrawimengingatkan bahwakonflikArab SaudidanHouthibukan persoalan yang baru muncul. Menurut Hasibullah, perang Saudi-Houthi pada periode sebelumnya bahkan berlangsung lebih besar dibandingkan ketegangan yang terlihat saat ini. ""Perang di antaraArab SaudidenganHouthiitu bukan hanya sekarang, sebelumnya juga sudah pernah terjadi perang, bisa dikatakan lebih parah,"" ujar Hasibullah, dalam programBreakingnewsyang tayang diYouTube KompasTV Live, Rabu (16/9/2026). Ia menjelaskan, perang yang berlangsung sejak 2015 hingga sekitar 2021 atau 2022 melibatkan sejumlah negara Teluk dan Mesir dalam koalisi yang dipimpinArab Saudi. Koalisi tersebut dibentuk untuk mendukung pemerintahYamanyang diakui secara internasional dalam menghadapi kelompokHouthiyang menguasai sejumlah wilayahYaman."
https://www.tribunnews.com/internasional/7883333/drone-houthi-dicegat-sebelum-capai-mekah-saudi-kota-suci-adalah-garis-merah,www.tribunnews.com,internasional,"Drone Houthi Dicegat sebelum Capai Mekah, Saudi: Kota Suci adalah Garis Merah",2026-09-16 14:40,"TRIBUNNEWS.COM -Arab Saudimengatakan telah mencegat dan menghancurkan sebuahdroneyang diluncurkan kelompokHouthisebelum mencapai wilayah KotaMekah. Drone tersebut dicegat di sebelah selatanMekahpada Selasa (15/9/2026) waktu setempat, sebelum memasuki wilayah udara terlarang di sekitar kota suci. Juru bicara koalisi pimpinan Saudi, Turki al-Malki, mengatakan tindakan tersebut dilakukan untuk menjaga keamanan dua tempat suci umat Islam dan para jemaah. Al-Malki menegaskan bahwa keamananMekahdan tempat-tempat suci merupakan “garis merah” bagiArab Saudi. Menurut Al-Malki, koalisi akan mengambil langkah-langkah pencegahan yang diperlukan untuk menghadapi ancaman terhadap kawasan tersebut. Al-Malki juga mengatakan insiden terbaru tersebut merupakan upaya kedua yang disebut Saudi sebagai serangan Houthi terhadap Mekah. Lagi, Arab Saudi Hancurkan Drone Houthi yang Menyasar Kota Suci Mekah Upaya pertama terjadi pada Juli 2017 ketika koalisi pimpinan Saudi mengklaim mencegat sebuah rudal balistik yang ditembakkanHouthidan diarahkan menujuMekah. Namun,Houthimembantah bahwa kelompok tersebut mengancamMekahatau tempat-tempat suci umat Islam. Sumber militerHouthi, melalui kantor berita yang dikelola kelompok tersebut, mengatakan pihaknya tidak menargetkanMekahdalamseranganyang disebut Saudi sebagai ancaman terhadap kota suci. Setelah insiden tersebut, peringatan keamanan dikeluarkan diMekah, Jeddah, Taif dan sejumlah wilayah lainnya. Peringatan diMekahmenjadi yang pertama dikeluarkan sejak perang di Timur Tengah meningkat. Peringatan tersebut kemudian dicabut dalam waktu singkat setelah ancaman dinilai telah ditangani. Organisasi Kerja Sama Islam (OKI) turut mengecam insiden tersebut dan menyebutnya sebagaiseranganyang dilakukanHouthi. Insidendronedi sekitarMekahterjadi ketikaseranganHouthiterhadap wilayahArab Saudikembali meningkat dalam beberapa hari terakhir. Houthi sebelumnya mengklaim melancarkanseranganmenggunakandronedan rudal terhadap sasaran militer Saudi. Kelompok tersebut menyebutseranganitu sebagai respons atasseranganudara Saudi terhadap wilayah yang dikuasainya diYaman."
https://www.tribunnews.com/bisnis/7883586/lmkn-sebut-netflix-siap-bayar-royalti-rp150-miliar-yang-tertunda-sejak-2016,www.tribunnews.com,ekonomi,LMKN Sebut Netflix Siap Bayar Royalti Rp150 Miliar yang Tertunda Sejak 2016,2026-09-16 21:12,"TRIBUNNEWS.COM, JAKARTA- Lembaga Manajemen Kolektif Nasional (LMKN) menegaskan penyelesaian pembayaranroyaltiolehNetflixyang tertunda sejak 2016 senilai lebih kurang Rp150 miliar segera dilaksanakan. Sekretaris Umum LMKN, M. Bigi Ramadha, mengatakan kesepakatan ini telah dibicarakan dalam pertemuan LMKN denganNetflixdi kantor LMKN, kawasan Rasuna Said, Jakarta Selatan, Rabu, 16 September 2026. Dalam pertemuan itu, kata Bigi,Netflixdiminta melakukan pembayaran kepada LMKN. Selanjutnya, proses distribusiroyaltikepada pihak-pihak yang berhak akan ditangani LMKN. “LMKN menawarkan opsi kepadaNetflixagar pembayaranroyaltidilakukan satu pintu melalui  LMKN, kemudian proses distribusinya ditangani sesuai dengan kewenangan dan ketentuan yang berlaku,” kata Bigi. Menurut Bigi,Netflixmenyatakan bersedia menyelesaikan pembayaran sesuai tenggat waktu yang diberikan LMKN, yakni paling lambat akhir September 2026. “Netflix bersedia melakukan pembayaran sesuai dengan tenggat waktu yang telah disampaikan. Selanjutnya, mereka akan membahas usulan ini dengan stakeholders terkait maupun secara internal,” ujarnya. Multi-Licensor Bigi menjelaskan, hal lain yang menjadi pembahasan dalam pertemuan tersebut, adalah agreement yang disampaikanNetflixpada 2024 dengan struktur multi-licensor. Struktur tersebut melibatkan Wahana MusikIndonesia(WAMI), Collective Administration of Copyrights (CASH), dan Australasian Performing Right Association (APRA). Namun, pembayaranroyaltisejak 2016 hingga kini belum terselesaikan. LMKN menilai struktur multi-licensor menjadi salah satu hal yang perlu dibicarakan dalam proses penyelesaian pembayaran. “Struktur multi-licensor ini menjadi salah satu bagian yang perlu dibahas bersama, karena melibatkan beberapa pihak. Karena itu, kami menawarkan alternatif agar proses penyelesaiannya dapat berjalan,” kata Bigi. Dalam usulan tersebut, LMKN juga menawarkan indemnification/guarantee kepadaNetflixsebagai bagian dari skema penyelesaian pembayaran. Netflix Segera Bahas dengan Stakeholders Netflix selanjutnya akan membahas usulan LMKN dengan stakeholders terkait, termasuk CASH, WAMI, dan APRA. Pembahasan juga akan dilakukan secara internal di lingkunganNetflix. Kedua pihak (LMKN danNetflix) kemudian akan kembali bertemu, untuk membahas perkembangan proses pembayaran sebelum Benjamin Brassington bertolak dari Jakarta."
https://www.tribunnews.com/bisnis/7883553/menkeu-suahasil-sebut-apbn-harus-fleksibel-hadapi-situasi-tak-terduga-termasuk-ancaman-el-nino,www.tribunnews.com,ekonomi,"Menkeu Suahasil Sebut APBN Harus Fleksibel Hadapi Situasi Tak Terduga, Termasuk Ancaman El Nino",2026-09-16 20:10,"TRIBUNNEWS.COM, JAKARTA -Menteri KeuanganSuahasil Nazaramengatakan pemerintah telah menyiapkan anggaran untuk penanganan bencana dalamAPBN2026. Hal itu dikatakan Suahasil merespons soal kesiapan pemerintah dari sisi anggaran untuk menghadapi ancaman akibat fenomenaEl Nino. Namun, menurut Suahasil, fleksibilitas anggaran tetap diperlukan agar pemerintah dapat merespons berbagai situasi yang berkembang, termasuk bencana alam dan kekeringan. Stok Beras 4,6 Juta Ton di Tengah Ancaman El Nino, Mentan Amran Klaim Masih Aman ""Tentu fleksibilitas anggaran sangat diperlukan untuk memastikan bahwa anggarannya responsif terhadap situasi yang berkembang, situasi bencana alam, situasi kekeringan, dan yang lainnya harus kita tangani,"" kata Suahasil seusai menghadiri sidang paripurna luar biasa DPD RI di Kompleks Parlemen Senayan, Jakarta, Rabu (16/9/2026). Suahasil mengatakan pemerintah juga perlu mengantisipasi berbagai tekanan yang muncul akibat kejadian tidak terduga. Menurut dia, fleksibilitas pengelolaan anggaran dibutuhkan agar pemerintah dapat mengambil langkah penanganan demi kepentingan masyarakat. ""Pressure dari berbagai macam kejadian yang tak terduga itu tentu harus kita tanggulangi untuk kebaikan masyarakat. Saya rasa begitu ya, terima kasih,"" tandasnya. Diketahui, Kondisi cuaca kering perlu menjadi perhatian masyarakat Indonesia, terutama di wilayah yang memiliki kerentanan terhadap kebakaran hutan dan lahan (karhutla). Peneliti dari Lembaga Riset Internasional untuk Lingkungan dan Perubahan Iklim Institut Pertanian Bogor (IPB) Prof. Dr. Ir. Rizaldi Boer, M.S, menjelaskan kondisi iklim saat ini dipengaruhi oleh fenomenaEl Ninoyang kuat. Menurut Rizaldi, kondisi semakin kompleks karena bersamaan dengan fenomena regional di kawasan Samudra Hindia yang disebut IOD atau Indian Ocean Dipole. Pertemuan kedua fenomena tersebut dapat membuat kondisi Indonesia menjadi jauh lebih kering. ""Jadi itu adalah satu mekanisme di mana terjadinya pemanasan suhu di kawasan pasifik yang sangat tinggi. Sehingga menyebabkan tekanan udara di sana rendah. Itu menyebabkan terjadi pergeseran pembuangan masa udara, konfektus banyak di wilayah pasifik timur, sehingga di Indonesia itu kekeringan,""ungkapnya pada diskusi virtual, Jumat (11/9/2026). El Nino kuat membuat Indonesia kering El Nino berkaitan dengan pemanasan suhu di kawasan Pasifik yang sangat tinggi."
https://www.tribunnews.com/bisnis/7883548/dari-tambang-ke-industri-struktur-ekonomi-daerah-penghasil-nikel-berubah,www.tribunnews.com,ekonomi,"Dari Tambang ke Industri, Struktur Ekonomi Daerah Penghasil Nikel Berubah",2026-09-16 20:03,"TRIBUNNEWS.COM, JAKARTA- Dalam satu dekade terakhir, wajah perekonomian sejumlah daerah penghasil nikel di Sulawesi Tengah berubah cukup drastis. Pasar Baterai Makin Besar, Hilirisasi Nikel Indonesia Berpeluang Naik Kelas Aktivitas ekonomi yang sebelumnya banyak bergantung pada sektor primer, terutama pertambangan dan pertanian, perlahan bergeser ke industri pengolahan yang menghasilkan produk dengan nilai tambah lebih tinggi di dalam negeri. Morowali dan Morowali Utara menjadi dua contoh yang menunjukkan bagaimana hilirisasi mineral tidak hanya mengubah cara nikel diproses, tetapi juga ikut menggeser struktur ekonomi daerah tempat industri tersebut tumbuh. Perubahan itu berlangsung seiring masuknya investasi dan berkembangnya fasilitas pengolahan nikel dalam sekitar satu dekade terakhir. Di Morowali, misalnya, sektor industri kini menjadi salah satu penopang utama perekonomian daerah. Direktur Eksekutif Center of Reform on Economics (CORE) Indonesia Mohammad Faisal mengatakan, perubahan tersebut memperlihatkan pergeseran dari ekonomi yang sebelumnya bertumpu pada pengambilan komoditas menjadi kegiatan industri yang memberikan nilai tambah lebih besar di dalam negeri. ""Kalau kita lihat Morowali, lebih dari 75 persen struktur ekonominya sekarang berasal dari sektor industri. Padahal, sebelumnya lebih dari separuhnya masih berasal dari sektor primer, seperti pertambangan dan pertanian,"" kata Faisal dalam diskusi MediaMind 2026: Hilirisasi Nikel dan Optimasi Nilai Tambah Dalam Negeri, Rabu(16/9/2026) di Jakarta. Data Bappenas yang mengolah publikasi Badan Pusat Statistik (BPS) juga menunjukkan perubahan tersebut.  Kontribusi industri pengolahan terhadap PDRB Morowali meningkat dari 12,15 persen pada 2014 menjadi 73,60 persen pada 2024. Pada periode yang sama, kontribusi sektor pertambangan dan penggalian berada pada 16,80 persen pada 2024, setelah sebelumnya mencapai 20,98 persen pada 2014. Perubahan serupa terjadi di Morowali Utara. Perkembangan kawasan industri dan investasi pengolahan mineral membuat kegiatan ekonomi di wilayah tersebut semakin terhubung dengan rantaiindustri nikel. Faisal menilai perubahan struktur ekonomi itu tidak bisa dilepaskan dari semakin panjangnya rantai pengolahan nikel di Indonesia. Pada awal perkembangan hilirisasi, sekitar 2021-2022, pengolahan nikel Indonesia masih banyak menghasilkan produk antara seperti nickel pig iron (NPI) dan ferronickel. Kini, rantai tersebut mulai bergerak menuju produk yang digunakan dalam industri baterai. Morowali Tak Masuk Daerah Pengolah Minerba, Menteri ESDM Bahlil: Akan Kami Cek ""Tapi makin ke sini sudah sampai baterai. Ini sesuatu yang saya pikir perlu sangat diapresiasi,"" ujar Faisal. Perubahan tersebut membuat nilai ekonomi yang dihasilkan dari komoditas nikel tidak lagi berhenti pada tahap penambangan atau produk antara. Salah satu teknologi yang kini menjadi bagian dari rantai tersebut adalah high pressure acid leach (HPAL). Teknologi ini digunakan untuk mengolah bijih nikel kadar rendah atau limonit menjadi mixed hydroxide precipitate (MHP), yang kemudian dapat menjadi bahan antara untuk tahapan pengolahan berikutnya. Head of Strategy and Business Development PT Vale Indonesia Tbk Mateus Sigit Harisulistya mengatakan, pengembangan HPAL masih memiliki peluang seiring kebutuhan industri baterai yang terus berkembang. Namun, menurut dia, daya saing menjadi faktor penting agar pengembangan rantai industri tersebut dapat berlangsung berkelanjutan."
https://www.tribunnews.com/bisnis/7883544/kecewa-draf-ruu-ketenagakerjaan-yang-disusun-dpr-buruh-pertimbangkan-aksi-besar-besaran-di-jakarta,www.tribunnews.com,ekonomi,"Kecewa Draf RUU Ketenagakerjaan yang Disusun DPR, Buruh Pertimbangkan Aksi Besar-besaran di Jakarta",2026-09-16 19:57,"TRIBUNNEWS.COM, JAKARTA -Koalisi Besar Perjuangan Buruh Indonesia (KBPBI) mengaku kecewa terhadap draf Rancangan Undang-Undang (RUU) Perlindungan Ketenagakerjaan yang disusunDPR. Draf tersebut dinilai jauh dari substansi usulan yang sebelumnya disampaikan koalisiburuh. Hal itu disampaikan Presiden Konfederasi Serikat Pekerja Seluruh Indonesia (KSPSI) Andi Gani Nena Wea dalam Rapat Dengar Pendapat Umum (RDPU) membahas RUU Perlindungan Ketenagakerjaan bersama Komisi IX DPR RI, Kadin Indonesia, dan Apindo di Gedung DPR, Jakarta, Rabu (16/9/2026). Pemerintah Serahkan DIM RUU Ketenagakerjaan ke DPR Senin Besok Andi Gani mengatakan, selama sekitar empat bulan terakhir,buruhtelah menempuh jalur diplomasi dengan membangun komunikasi bersama berbagai pihak, termasuk Apindo. Langkah tersebut dilakukan agar RUU Perlindungan Ketenagakerjaan dapat menjadi UU yang memberikan keadilan bagi seluruh stakeholder. Namun, setelah melihat draf yang diperoleh dariDPR,Andi Ganimenyebut kalanganburuhsangat kecewa. Karena itu, KBPBI masih memberikan kesempatan kepada pemerintah danDPRuntuk merespons aspirasiburuhhingga 22 September 2026. ""Tapi dengan draf yang kita dapatkan dariDPRRI, sangat-sangat mengecewakan kaumburuh. Karena itu, teman-teman sekalian, kami akan mencoba terus sampai tanggal 22 September,"" kataAndi Gani. MenurutAndi Gani, tanggal tersebut menjadi batas bagiburuhuntuk menempuh jalur komunikasi dan diplomasi sebelum menentukan langkah selanjutnya. Ia menyebut opsi aksi besar-besaran dengan mendatangkan massaburuhke Jakarta menjadi salah satu pilihan yang tengah dipertimbangkan. ""Kelihatannya pilihan aksi besar masuk Jakarta akan menjadi pilihan buat Koalisi Besar,"" tegasnya. Andi Gani menegaskan,buruhsebenarnya memahami risiko pengerahan massa dalam jumlah besar ke Jakarta. Karena itu, selama berbulan-bulan pihaknya memilih jalur diplomasi untuk mencari jalan keluar bersama pemerintah,DPR, pengusaha, dan stakeholder lainnya. Namun, menurutnya, aksiburuhdi daerah tetap berjalan. Pada 10 September lalu, aksi telah digelar di 30 kota. Selanjutnya,buruhJawa Timur dijadwalkan kembali turun ke jalan pada 17 September 2026. ""Besok tanggal 17 jam 10 pagi, teman-temanburuhJawa Timur akan turun ke Grahadi dan kantorDPRD,"" ujarnya."
https://www.tribunnews.com/bisnis/7883528/gandeng-baznas-industri-fintech-salurkan-bantuan-pangan-ke-warga-terdampak-gempa-ntt,www.tribunnews.com,ekonomi,"Gandeng Baznas, Industri Fintech Salurkan Bantuan Pangan ke Warga Terdampak Gempa NTT",2026-09-16 19:21,"TRIBUNNEWS.COM, JAKARTA —PerusahaanfintechAkulaku Group yang diwakili tiga perusahaan di ekosistemnya menyalurkan bantuan kemanusiaan bagi masyarakat terdampakgempabumi di Nusa Tenggara Timur (NTT). Bantuan tersebut disalurkan melaluiBAZNASRI untuk mendukung penyediaan dan pendistribusian bahan pangan pokok kepada masyarakat terdampak. Proses penyalurannya akan dilakukan melalui jaringan tanggap kemanusiaanBAZNASRI berdasarkan kebutuhan prioritas yang teridentifikasi di lapangan. Penyaluran bantuan ini ditandai dengan seremoni penyerahan yang diselenggarakan di Kantor BAZNAS RI, Jakarta, pada 10 September 2026. Salurkan Donasi untuk Korban Gempa di NTT, Cinta Laura Siap Tidur di Tenda Pengungsian Dari pihak Akulaku Group diwakili oleh Herryson selaku Direktur Utama PT Akulaku Silvrr Indonesia; Edy Salim selaku Direktur Teknologi Informasi PT Akulaku Finance Indonesia; serta Adrian Soewardjo selaku Direktur Operations & IT PT Bank Neo Commerce Tbk. Sementara itu,BAZNASRI diwakili oleh H. Syarifuddin, S.Ag., M.E., selaku PimpinanBAZNASRI Bidang Riset, Perencanaan, Pengembangan, dan Inovasi; H. Fitriansyah Agus Setiawan, S.Sos., M.I.Kom., CFRM., selaku Direktur Infak, Sedekah, dan Dana Sosial Keagamaan Lainnya; Budi Setiawan selaku Kepala Divisi Pengumpulan CSR; serta Fahruddin selaku Kepala Divisi Pengumpulan Digital. “Kami berharap bantuan ini dapat disalurkan secara efektif dan memberikan manfaat nyata bagi masyarakat yang terdampakgempabumi di Nusa Tenggara Timur,” ujar Edy Salim, Direktur Teknologi Informasi PT Akulaku Finance Indonesia dikutip Rabu, 16 September 2026. Ia menambahkan, keterlibatan dunia usaha dan lembaga kemanusiaan dapat membantu memperkuat upaya bersama dalam merespons bencana. “Ketika dunia usaha, lembaga sosial, dan masyarakat bergerak menuju tujuan kemanusiaan yang sama, dampak yang dihasilkan dapat menjadi lebih besar. Kami berharap bantuan ini dapat meringankan beban masyarakat terdampak sekaligus mendukung mereka dalam menjalani proses pemulihan,” tambahnya. Bantuan tersebut akan diarahkan untuk pengadaan dan pendistribusian bahan pangan pokok, antara lain beras, minyak goreng, mi instan, serta kebutuhan pokok lainnya. Bantuan ini diharapkan dapat membantu memenuhi kebutuhan mendesak masyarakat selama masa tanggap darurat dan tahap awal pemulihan. BAZNAS RI akan mengkoordinasikan penyaluran bantuan melalui jaringan kemanusiaan yang dimilikinya, termasuk untuk menjangkau wilayah terdampak bencana yang sulit diakses. Mekanisme tersebut diharapkan dapat memastikan bantuan diterima oleh masyarakat yang membutuhkan secara transparan, akuntabel, dan sesuai dengan kondisi di lapangan. Gempa bumi yang melanda Nusa Tenggara Timur pada 15 Agustus 2026 berdampak terhadap masyarakat di sejumlah wilayah serta menyebabkan kerusakan pada rumah dan infrastruktur penting. Bencana tersebut juga memaksa sejumlah warga meninggalkan tempat tinggalnya dan meningkatkan kebutuhan terhadap bantuan segera, termasuk bahan pangan dan kebutuhan pokok lainnya selama masa tanggap darurat dan pemulihan. Inisiatif ini merupakan bagian dari komitmen Akulaku Group untuk mendukung berbagai upaya sosial dan kemanusiaan di Indonesia. Akulaku Group berharap bantuan tersebut dapat memberikan manfaat yang berarti bagi masyarakat terdampak sekaligus mendukung proses pemulihan yang lebih luas di Nusa Tenggara Timur."
https://www.tribunnews.com/bisnis/7883524/tiga-pekerjaan-rumah-lama-yang-menunggu-dikerjakan-menkeu-suahasil-nazara,www.tribunnews.com,ekonomi,Tiga Pekerjaan Rumah Lama yang Menunggu Dikerjakan Menkeu Suahasil Nazara,2026-09-16 19:16,"TRIBUNNEWS.COM, JAKARTA -Suahasil Nazaradipercaya Presiden Prabowo Subianto menduduki posisi Menteri Keuangan, menggantikan Purbaya Yudhi Sadewa yang sudah menjabat selama satu tahun. Dalam menjalankan tugas sebagai Menkeu, Suahasil disebut memiliki pekerjaan rumah lama yang telah menunggu. Center of Reform on Economic (CORE) yang merupakan lembaga pengkaji (think-tank) ekonomi independen di Indonesia menjabarkan tiga pekerjaan rumah tersebut. Utang Whoosh Rp79 T, Anggota DPR Ingatkan Menkeu Baru Suahasil: Jangan Bebani Negara Mengutip keteranganCORE, Rabu (16/9/2026), pekerjaan rumah tersebut yang pertama yaitu meningkatkan kredibilitas asumsi makro dan penerimaan negara. Kurs rupiah bergerak di atas asumsiAPBN2026 sebesar Rp16.500 per dolar AS, dan realisasi harga minyak mentah Indonesia pada semester I 2026 berada di kisaran US$85 hingga US$90 per barel, jauh di atas asumsi US$70. ""Akibatnya beban subsidi dan kompensasi energi naik, bungautangdalam mata uang asing bertambah, dan proyeksi defisit 2026 melebar dari 2,68 persen menjadi 2,85 persen PDB,"" tulis kajianCORE. Utang pemerintah kini menembus Rp10.294 triliun dengan beban bunga sekitar Rp599 triliun setahun, hampir seperlima belanja pemerintah pusat. Di sisi penerimaan,COREmenilai, porsi penerimaan negara bertahan di sekitar 12 persen PDB, di bawah Malaysia, Vietnam, Thailand, dan Filipina, dan RAPBN 2027 masih merancang angka 12,01 sampai 12,40 persen PDB, dengan batas bawah yang lebih rendah dariAPBN2026. Kedua, membenahi beban yang dijalankan di luarAPBNdan tekanan pada keuangan daerah. Penempatan dana pemerintah di bank Himbara dirancang hingga sekitar Rp400 triliun, pinjaman Koperasi Desa Merah Putih berpotensi mencapai Rp240 triliun dengan jaminan Dana Desa, DAU, dan DBH. Utang kompensasi energi kepada PLN dan Pertamina serta rencana pengalihan pengelolaanutangKereta Cepat Whoosh ke SMV serta penugasan investasi lewat Danantara menambah daftar itu. ""Beban ini tidak tercatat sebagai defisit, tetapi sewaktu-waktu bisa menjadi tagihanAPBN. Pemetaan risikofiskaldalam KEM PPKF 2027 pun hanya mencatat tiga sumber kewajiban bersyarat, tidak satu pun dari beban di atas,"" tulisnya. Fitch dan Moody's menilai keterbukaan ini kurang dan memangkas prospek peringkat Indonesia, sementara S&Pmenahan peringkatnya. Tekanan serupa terasa di daerah. Pagu Transfer ke Daerah 2026 ditetapkan Rp693 triliun atau turun sekitar 24,6 persen dari alokasi UUAPBN2025 sebesar Rp919,8 triliun, sementara lebih dari separuh provinsi masih bergantung pada transfer pusat dan tetap wajib menjalankan enam layanan dasar. Ketiga, memperbaiki kualitas belanja. Belanja negara tumbuh 18,62 persen secara tahunan sampai akhir Juli 2026, tetapi kenaikan itu belum diikuti perbaikan hasil. Efisiensi selama ini lebih banyak berupa pemotongan anggaran, tanpa menilai program mana yang hasilnya paling lemah."
https://www.tribunnews.com/bisnis/7883499/aplikasi-commuter-line-tidak-cuma-buat-naik-krl-kini-bisa-bayar-listrik-hingga-bpjs-,www.tribunnews.com,ekonomi,"Aplikasi Commuter Line Tidak Cuma Buat Naik KRL, Kini Bisa Bayar Listrik hingga BPJS",2026-09-16 18:12,"TRIBUNNEWS.COM, JAKARTA- Aplikasi transportasi publik mulai bergerak melampaui fungsi awalnya sebagai alat bantu perjalanan. Ketika aktivitas masyarakat semakin bergeser ke layanan digital, aplikasi mobilitas pun ikut berebut ruang dalam keseharian pengguna, termasuk untuk kebutuhan pembayaran yang sebelumnya dilakukan melalui platform berbeda. KAI Commuter Tambah 4 Perjalanan KRL Yogyakarta-Palur selama Libur Sekolah 2026 Perubahan arah tersebut mulai terlihat padaC-Accessmilik KAI Commuter. Aplikasi yang selama ini lekat dengan kebutuhan perjalanan Commuter Line kini memperluas layanan dengan menghadirkan fitur pembayaran untuk sejumlah kebutuhan rutin masyarakat. Direktur Utama KAI Commuter M Purnomo Sidi mengatakan pengembanganC-Accessdilakukan untuk menyesuaikan layanan digital perusahaan dengan kebutuhan pengguna yang semakin beragam. ""C-Access kami dorong untuk terus berkembang, tidak hanya sebagai pendukung mobilitas perjalanan Commuter Line, tetapi juga sebagai platform yang memberikan kemudahan transaksi harian masyarakat secara aman dan terintegrasi,"" kata Purnomo kepada wartawan di Jakarta, Rabu(16/9/2026). Melalui fitur Payment Point Online Bank (PPOB), pengguna kini dapat melakukan pembayaran sejumlah kebutuhan, seperti tagihan listrik, air, dan BPJS. Layanan pengisian saldo dompet elektronik atau e-wallet juga tersedia di dalam aplikasi. Kehadiran fitur tersebut membuatC-Accesstidak lagi sepenuhnya bergantung pada aktivitas pengguna ketika bepergian. Setelah sebelumnya digunakan untuk mendukung kebutuhan perjalanan, aplikasi kini mulai masuk ke aktivitas yang dilakukan pengguna sehari-hari di luar transportasi. Menurut Purnomo, integrasi layanan pembayaran tersebut memungkinkan pengguna menyelesaikan transaksi rutin tanpa harus berpindah ke aplikasi lain. ""Integrasi ini memastikan pengguna tidak perlu berpindah aplikasi untuk menyelesaikan kebutuhan transaksi rutin mereka sehari-hari,"" ujarnya. Pengembangan fitur pembayaran ini dilakukan KAI Commuter bersama PT Bimasakti Multi Sinergi. Layanan tersebut diperkenalkan bertepatan dengan peringatan ulang tahun ke-18 KAI Commuter pada 15 September 2026. Dari Aplikasi Transportasi ke Platform Digital Perluasan fungsi C-Access mencerminkan perubahan cara aplikasi transportasi dikembangkan. Platform yang awalnya dirancang untuk membantu pengguna mencari informasi perjalanan atau mengakses layanan transportasi, kini mulai mengintegrasikan kebutuhan lain yang terjadi sebelum, selama, maupun setelah perjalanan. Dua Insiden Ganggu Perjalanan KRL Bogor dan Tangerang, KAI Commuter Terapkan Satu Jalur Bagi pengguna, integrasi tersebut berarti lebih banyak aktivitas dapat dilakukan dari satu aplikasi. Sementara bagi perusahaan transportasi, perluasan layanan membuka ruang untuk meningkatkan frekuensi interaksi pengguna dengan platform digital yang mereka miliki. Deputy II CEO PT Bimasakti Multi Sinergi Mirza Alief Syahrizal mengatakan kerja sama dengan KAI Commuter merupakan bagian dari pengembangan layanan transaksi padaC-Access. “Melalui integrasi berbagai layanan pembayaran,C-Accessdiharapkan berkembang menjadi platform yang tidak hanya mendukung mobilitas, tetapi juga memenuhi berbagai kebutuhan transaksi masyarakat secara mudah, aman, dan terintegrasi,” ujar Mirza."
https://www.tribunnews.com/bisnis/7883492/rentetan-kecelakaan-kapal-terjadi-berdekatan-menhub-dudy-perketat-pengawasan-pelayaran,www.tribunnews.com,ekonomi,"Rentetan Kecelakaan Kapal Terjadi Berdekatan, Menhub Dudy Perketat Pengawasan Pelayaran",2026-09-16 18:03,"TRIBUNNEWS.COM, JAKARTA- Keselamatan pelayaran kembali menjadi sorotan setelah rentetan insiden terjadi di perairan Indonesia dalam beberapa pekan terakhir, mulai dari hilang kontaknya kapal yang membawa lima jurnalis dan tiga kru di Selat Sunda hingga kecelakaan KMP Virgo Transport 8 di Laut Jawa. Prabowo Soroti Tragedi KM Virgo Transport 8, Janji Investigasi Penyebab Kecelakaan Situasi tersebut mendorong Menteri Perhubungan (Menhub) Dudy Purwagandhi meminta seluruh jajaran Direktorat Jenderal Perhubungan Laut memperketat pengawasan dan memastikan setiap sistem keselamatan benar-benar diterapkan sebelum kapal meninggalkan pelabuhan. Dudy menilai rangkaian kejadian tersebut harus menjadi momentum untuk mengevaluasi sekaligus memperbaiki penyelenggaraan keselamatan pelayaran. Menurut dia, sistem keselamatan tidak boleh hanya terlihat lengkap dalam dokumen, tetapi harus dibuktikan melalui kondisi kapal, kesiapan awak, muatan, navigasi, hingga kemampuan menghadapi situasi darurat di lapangan. ""Tidak ada kompromi untuk keselamatan, karena tidak ada muatan, jadwal, maupun kepentingan komersial yang nilainya lebih tinggi daripada nyawa manusia,"" kata Dudy dalam keterangannya, Rabu (16/9/2026). Rentetan insiden tersebut antara lain terjadi di Selat Sunda. Kapal cepat KM Arupadatu I yang membawa lima jurnalis bersama tiga kru dan pemandu dilaporkan hilang kontak pada Senin (7/9/2026) ketika dalam perjalanan dari Carita menuju kawasan Gunung Anak Krakatau untuk melakukan peliputan. Hingga Rabu (16/9/2026), operasi pencarian telah memasuki hari kesembilan. Tim SAR gabungan mempersempit sekaligus memperdalam wilayah pencarian menjadi delapan sektor dengan cakupan sekitar 3.439 mil laut persegi. Pencarian juga diperluas dengan mempertimbangkan kemungkinan objek terbawa arus hingga wilayah pesisir dan perairan Bengkulu. Sebelumnya, pada Minggu (13/9/2026), kecelakaan juga terjadi pada KMPVirgo Transport 8yang melayani rute Surabaya-Banjarmasin di perairan Laut Jawa. Berdasarkan data Kementerian Perhubungan, kapal tersebut membawa 243 orang. Dalam perkembangan awal operasi SAR, sejumlah penumpang berhasil dievakuasi, sementara korban meninggal dunia dan penumpang yang masih dalam pencarian juga dilaporkan. Pemerintah menyerahkan penentuan penyebab kecelakaan kepada Komite Nasional Keselamatan Transportasi (KNKT). Menhub sebelumnya juga menyatakanVirgo Transport 8tidak mengalami kelebihan kapasitas penumpang. Kapal tersebut memiliki kapasitas hingga 500 penumpang, sementara jumlah orang yang tercatat dalam manifest sebanyak 243 orang. Dua peristiwa tersebut terjadi dalam rentang waktu yang berdekatan dan kembali menempatkan aspek keselamatan pelayaran sebagai perhatian utama pemerintah. Keselamatan Tak Cukup di Atas Kertas Dudy menegaskan, sebelum kapal diizinkan berlayar, pemerintah harus memastikan berbagai persyaratan keselamatan terpenuhi. Pemeriksaan mencakup kondisi kapal, kesesuaian muatan, kesiapan awak kapal, kondisi cuaca, hingga berfungsinya seluruh peralatan keselamatan. ""Keselamatan pelayaran harus dibuktikan melalui kondisi nyata di lapangan, bukan hanya dari kelengkapan dokumen dan sertifikat,"" ujarnya."
https://www.tribunnews.com/bisnis/7883452/pertamina-klaim-antrean-bbm-di-makassar-mulai-kondusif-pastikan-pasokan-berlanjut,www.tribunnews.com,ekonomi,"Pertamina Klaim Antrean BBM di Makassar Mulai Kondusif, Pastikan Pasokan Berlanjut",2026-09-16 17:10,"TRIBUNNEWS.COM, MAKASSAR -Kondisi penyaluran Bahan Bakar Minyak (BBM) di sejumlah Stasiun Pengisian Bahan Bakar Umum (SPBU) diMakassardan wilayah sekitarnya mulai kembali tertib. Sebelumnya, antrean kendaraan untuk mendapatkanBBMsudah terjadi hampir dua pekan terakhir di KotaMakassar, Sulawesi Selatan. Antrean kendaraan di SPBU kini tidak lagi mengganggu kelancaran lalu lintas di sekitar lokasi. Kondisi serupa juga terjadi di Kabupaten Gowa, Takalar dan Maros. Antrean BBM Masih Terjadi di Sejumlah Daerah, Pemotor Tewas Terlindas Kontainer di OKU Pertamina Patra Niaga Regional Sulawesi menyebut situasi tersebut tidak terlepas dari koordinasi dengan pemerintah daerah, serta Aparat Penegak Hukum (APH) untuk memantau distribusiBBMdi lapangan. Selain mengawasi kondisi SPBU,Pertaminatetap menyalurkan pasokanBBMsecara rutin ke lembaga penyalur. Distribusi dilakukan dengan menyesuaikan kebutuhan dan perkembangan kondisi di masing-masing wilayah. Pjs. Area Manager Communication, Relations & CSRPertaminaPatra Niaga Regional Sulawesi Okky Aditya Wibowo mengatakan, situasi penyaluranBBMdi empat wilayah tersebut saat ini telah berangsur lebih kondusif. ""Kondisi penyaluranBBMdiMakassar, Gowa, Takalar dan Maros saat ini sudah lebih kondusif. Ini tentu merupakan hasil kerja bersama antaraPertamina, pemerintah daerah, dan APH yang terus berkoordinasi dan melakukan pemantauan di lapangan,"" ucap Okky dalam keterangan, Rabu (16/9/2026). Pertamina juga memastikan distribusiBBMke SPBU dan lembaga penyalur tetap berjalan. Pemantauan dilakukan untuk mengantisipasi perubahan kondisi yang dapat memengaruhi kelancaran penyaluran. ""Dari sisiPertamina, kami terus berupaya menjaga agar penyaluranBBMberjalan secara berkelanjutan. Distribusi ke lembaga penyalur terus kami lakukan dan kondisi di lapangan terus kami monitor. Kami juga terus berkoordinasi dengan pemerintah daerah dan APH apabila terdapat dinamika dalam penyaluran,"" ucap Okky. Pertamina menyampaikan apresiasi kepada pemerintah daerah dan APH yang ikut menjaga ketertiban di sekitar SPBU. Koordinasi lintas pihak dinilai penting agar pelayananBBMkepada masyarakat tetap berlangsung dengan tertib. Di sisi lain, masyarakat diimbau membeliBBMsesuai kebutuhan dan mengikuti arahan petugas SPBU.Pertaminajuga meminta konsumen tidak melakukan pembelian secara berlebihan agar pasokan dapat terdistribusi secara merata. Masyarakat yang membutuhkan informasi maupun ingin menyampaikan pengaduan terkait produk dan layananPertaminadapat menghubungiPertaminaContact Center (PCC) 135 yang beroperasi selama 24 jam."
https://www.tribunnews.com/bisnis/7883426/utang-whoosh-rp79-t-anggota-dpr-ingatkan-menkeu-baru-suahasil-jangan-bebani-negara,www.tribunnews.com,ekonomi,"Utang Whoosh Rp79 T, Anggota DPR Ingatkan Menkeu Baru Suahasil: Jangan Bebani Negara",2026-09-16 16:26,"]TRIBUNNEWS.COM, JAKARTA-Pengelolaan kewajiban pembiayaan Kereta Cepat Jakarta-Bandung atauWhooshmemasuki fase baru setelahSuahasil NazaramenggantikanPurbaya Yudhi SadewasebagaiMenteri Keuangan. Anggota Komisi VIDPRRIAhmad Labibmeminta skema penyelesaiannya jelas dan tidak membebani ruang fiskal negara dalam jangka panjang. Suahasil dilantik Presiden Prabowo Subianto pada Senin (14/9/2026), saat pemerintah menyiapkan pengalihan pengelolaan kewajibanWhooshdari Danantara ke Kementerian Keuangan. Labib meminta penyelesaian kewajiban PT Kereta Cepat IndonesiaChina(KCIC) transparan dan terukur, dengan dasar hukum serta mekanisme pembayaran yang jelas. “Menkeu baru perlu segera memberikan kepastian mengenai skema penyelesaian kewajibanKCIC,” kata Labib, Rabu (16/9/2026). KewajibanWhooshkepadaChinaDevelopment Bank disebut sekitar US$4,5 miliar atau Rp79,45 triliun, dengan tenor hasil restrukturisasi hingga 80 tahun. Labib juga mendorong peningkatan penumpang, efisiensi operasional, integrasi kawasan ekonomi, dan pengembangan sumber pendapatanWhoosh. “Ini bukan hanya persoalanutang,” ujarnya. Ia meminta Suahasil bersama Danantara, Kementerian BUMN/Badan Pengaturan BUMN, Kementerian Perhubungan, dan pihak terkait menyusun peta jalan penyelesaian KCIC. Beratnya Tugas Menkeu Baru Suahasil Nazara dari Prabowo: APBN Harus Sehat Biayai Program Prioritas Sebelum digantikan, Purbaya menyiapkan skema melalui Special Mission Vehicle (SMV) di bawah Kementerian Keuangan, dengan PT Sarana Multi Infrastruktur (SMI) dan PT Indonesia Infrastructure Finance (IIF) disebut dapat dilibatkan. Purbaya juga menyiapkan pengalihan 60 persen saham Indonesia diKCICdari Danantara ke Kementerian Keuangan melalui entitas SMV. Menurutnya, kewajiban dapat dicicil melalui mekanisme pemerintah tanpa menggunakan APBN secara langsung. Setelah serah terima jabatan pada Selasa (15/9/2026), Purbaya mengatakan penangananWhooshkini berada di tangan Menkeu baru. “Kan gue bukan menteri keuangannya, alhamdulillah selamat gue,” kata Purbaya di Kementerian Keuangan, Jakarta. Hingga artikel ini ditayangkan, belum ada pernyataan spesifik Suahasil mengenai skema penyelesaian kewajibanWhoosh."
https://www.tribunnews.com/bisnis/7883425/rupiah-ditutup-melemah-ke-rp17696-pasar-soroti-tantangan-menkeu-suahasil-jaga-fiskal,www.tribunnews.com,ekonomi,"Rupiah Ditutup Melemah ke Rp17.696, Pasar Soroti Tantangan Menkeu Suahasil Jaga Fiskal",2026-09-16 16:25,"TRIBUNNEWS.COM, JAKARTA -Nilai tukar rupiah kembali melemah pada perdagangan Rabu (16/9/2026), meski tekanan sempat lebih besar sepanjang perdagangan. Pengamat Ekonomi, Mata Uang dan Komoditas Ibrahim Assuaibi menyebut, rupiah ditutup di level Rp 17.696 per dolar AS, melemah tipis 2 poin. ""Pada perdagangan sore ini, mata uang rupiah ditutup melemah tipis 2 poin sebelumnya sempat melemah 30 poin di level Rp 17.696 dari penutupan sebelumnya di level Rp 17.694. Sedangkan untuk perdagangan besok, mata uang rupiah fluktuatif namun ditutup melemah direntang Rp 17.690 - Rp 17.750,"" ungkap Ibrahim, Rabu (16/9/2026). Menkeu Suahasil Terima Masukan DPD soal RAPBN 2027, Soroti Kepentingan Daerah Di tengah tekanan eksternal tersebut, Ibrahim menyoroti tantangan Menteri Keuangan baruSuahasil Nazaradalam menjaga keseimbangan antara mendorong pertumbuhan ekonomi dan mempertahankan kredibilitas Anggaran Pendapatan dan Belanja Negara (APBN). Menurutnya, kapasitasfiskaltetap perlu dijaga agar pemerintah memiliki ruang untuk merespons ketika terjadi guncangan ekonomi. ""Menteri Keuangan baruSuahasil Nazaramenghadapi tantangan untuk menjaga dua kepentingan yang kerap berhadapan dalam kebijakanfiskal, guna mendorong pertumbuhan ekonomi sekaligus mempertahankan disiplin dan kredibilitas Anggaran Pendapatan dan Belanja Negara (APBN),"" ucapnya. Di sisi lain, komitmen menjaga defisit APBN di bawah 3 persen terhadap produk domestik bruto (PDB) tetap penting untuk mempertahankan kepercayaan terhadapfiskalIndonesia. Tantangan tersebut semakin kompleks karena kondisi global masih dibayangi mahalnya biaya pendanaan dan permintaan domestik yang belum sepenuhnya kuat. Dari eksternal, gangguan pasokan minyak di Timur Tengah turut menjadi perhatian pasar. Serangan kelompok Houthi terhadap Arab Saudi dilaporkan mengganggu jalur distribusi minyak, sementara ketegangan di Selat Hormuz juga masih menekan arus minyak melalui jalur perdagangan tersebut. Ibrahim memperkirakan gangguan tersebut dapat berdampak terhadap sekitar 4-5 persen pasokan minyak global. Kenaikan harga energi berpotensi menjadi tekanan tambahan bagi negara pengimpor minyak, termasuk Indonesia. ""Situasi ini terjadi di tengah ketegangan yang terus berlanjut antara Amerika Serikat dan Iran di Selat Hormuz, yang menyebabkan arus minyak melalui jalur perairan vital tersebut tetap berada jauh di bawah tingkat sebelum masa konflik,"" jelasnya. Sementara itu, pasar juga menunggu keputusan suku bunga The Fed. Pasar memperkirakan bank sentral Amerika Serikat menaikkan suku bunga sebesar 25 basis poin ke kisaran 3,75-4 persen."
https://www.tribunnews.com/bisnis/7883413/menkeu-suahasil-terima-masukan-dpd-soal-rapbn-2027-soroti-kepentingan-daerah,www.tribunnews.com,ekonomi,"Menkeu Suahasil Terima Masukan DPD soal RAPBN 2027, Soroti Kepentingan Daerah",2026-09-16 16:12,"TRIBUNNEWS.COM, JAKARTA -Menteri KeuanganSuahasil Nazaramengapresiasi pertimbangan Dewan Perwakilan Daerah (DPD) Republik Indonesia, terhadap Rancangan Undang-undangan tentang Anggaran Pendapatan Belanja Negara (RUUAPBN) tahun 2027. Menurut Suahasil, pertimbangan tersebut disampaikan pada waktu yang tepat, seiring dengan berlangsungnya pembahasan RAPBN 2027 antara pemerintah dan Dewan Perwakilan Rakyat (DPR) RI. ""Pertimbangan-pertimbangan disampaikan seperti tadi, kita telah dengarkan akan menjadi masukan yang sangat-sangat kami perhatikan dan menjadi bagian dari pembicaraan dengan DPR RI,"" tutur Suahasil usai Sidang Paripurna Luar Biasa di DPD, Rabu (16/9/2026). Bersama Gubernur BI dan Ketua OJK, Menkeu Suahasil Nazara Perdana Hadiri Rapat Paripurna DPD RI DPD RI menetapkan pertimbangan terhadap RUUAPBN2027 sebagai bagian dari pelaksanaan fungsi konstitusionalDPDRI. Pertimbangan tersebut disusun Komite IVDPDRI melalui pembahasan dengan kementerian/lembaga, pemerintah daerah, serta berbagai pemangku kepentingan dan penjaringan masukan dari daerah. Sejumlah isu yang menjadi perhatian mencakup transfer ke daerah, pembangunan infrastruktur, dana desa, serta kapasitas fiskal daerah. Suahasil menilai keterlibatanDPDRI dalam pembahasan RAPBN 2027 merupakan  bagian dari proses ketatanegaraan yang penting untuk memperkaya perspektif dalam penyusunan kebijakan fiskal. ""Ini adalah suatu tata bernegara yang baik, menurut saya mendapatkan pertimbangan yang mencerminkan perspektif dari seluruh daerah. Karena yang ada diDPDini semua adalah perwakilan dari daerah-daerah di seluruh Indonesia,"" tegas dia. PertimbanganDPDRI selanjutnya akan diperhatikan Pemerintah dan menjadi bagian dari pembahasan RAPBN 2027 bersama DPR RI sesuai dengan tahapan yang telah disepakati dalam Badan Anggaran DPR RI."
https://www.tribunnews.com/bisnis/7883407/levita-g-supit-kepercayaan-dan-kemitraan-jadi-fondasi-pertumbuhan-bisnis-waralaba,www.tribunnews.com,ekonomi,Levita G. Supit: Kepercayaan dan Kemitraan Jadi Fondasi Pertumbuhan Bisnis Waralaba,2026-09-16 16:02,"TRIBUNNEWS.COM, JAKARTA —Kepercayaan menjadi salah satu fondasi penting dalam menjaga pertumbuhan bisniswaralaba, terutama dalam membangun hubungan jangka panjang antara pemilik merek dan mitra usaha. Ketua Umum Perhimpunan Waralaba dan Lisensi Indonesia (WALI),Levita G. Supit, S.H., M.H., mengatakan perkembangan bisniswaralabatidak hanya berkaitan dengan nilai investasi, tetapi juga kualitas hubungan kemitraan yang dibangun sejak awal. Menurut Levita, pertemuan langsung antara pemilik merek dan calon mitra di ruang pameran  seperti FLEI Business Show 2026  memberikan ruang untuk membangun pemahaman sekaligus kepercayaan sebelum kerja sama dilakukan. Menteri UMKM Maman Abdurrahman Dorong Pola Waralaba untuk Kembangkan Usaha Mikro dan Kecil “Waralaba tumbuh karena kepercayaan, dan kepercayaan dibangun lewat pertemuan langsung. Di FLEI, calon mitra bisa berbicara dengan pemilik merek, bertanya, membandingkan, dan memastikan bisnis yang dipilih memiliki legalitas yang jelas,” ujar Levita saat temu media dalam rangka FLEI Business Show 2026 di Jakarta, Rabu (16/9/2026). Levita yang juga menjabat Ketua Komite Tetap Kadin bidang Franchise, Networking dan E-Commerce menyebut bisniswaralabadi Indonesia kini bernilai lebih dari Rp143 triliun dengan pertumbuhan rata-rata 10–15 persen per tahun. Pertumbuhan tersebut terutama ditopang sektor makanan dan minuman, jasa, serta ritel. Dalam konteks tersebut, menurut Levita, calon mitra perlu melihat bisniswaralabasecara lebih menyeluruh. Besaran investasi menjadi salah satu pertimbangan, tetapi pemahaman terhadap model bisnis, legalitas, dukungan operasional, serta pola hubungan dengan pemilik merek juga menjadi bagian penting sebelum membangun kemitraan. “Hubungan yang dimulai dengan baik akan menjadi kemitraan yang sehat,” katanya. Melalui FLEI Business Show 2026, calon mitra dapat bertemu langsung dengan pemilik merek untuk menggali informasi mengenai model bisnis dan skema kerja sama. Sementara bagi pemilik merek, forum tersebut menjadi ruang untuk membangun jaringan dan membuka peluang kemitraan baru. FLEI Business Show 2026 merupakan pameran franchise dan lisensi edisi ke-27 yang akan berlangsung pada 9–11 Oktober 2026 di Nusantara International Convention & Exhibition (NICE) PIK 2, Jakarta. Pameran tersebut menghadirkan ratusan brand dari berbagai sektor, sekaligus membuka ruang pertemuan antara pemilik merek dengan calon franchisee, investor, distributor, dan pelaku usaha melalui program Business Matching. Pentingnya Legalitas dan Transparansi Di sisi lain, Franchise Consultant dari Franchise Academy Indonesia, Evi Diah Puspitawati, mengingatkan calon franchisee untuk memahami bisnis yang akan dijalankan sebelum mengambil keputusan."
https://www.tribunnews.com/bisnis/7883403/mentan-amran-perintahkan-izin-25-merek-beras-fortifikasi-dicabut-tak-boleh-dijual-lagi,www.tribunnews.com,ekonomi,"Mentan Amran Perintahkan Izin 25 Merek Beras Fortifikasi Dicabut, Tak Boleh Dijual Lagi",2026-09-16 15:57,"TRIBUNNEWS.COM, JAKARTA -Menteri Pertanian RI (Mentan) AndiAmran Sulaimansecara tegas telah meminta jajarannya, untuk mencabut izin edarberasfortifikasiyang diduga menipu masyarakat karena kandunganberasnya tidak sesuai mutu namun dijual dengan harga tinggi. Diketahui, Amran telah mengungkap ada 25 merekberasfortifikasiyang berdasarkan hasil uji lab kedapatan tidak mengandung gizi yang sesuai batas ketentuan. ""Kami sudah minta Sestama, Deputi yang baru kami lantik, awasi, tindak dan yang sudah melanggar kemarin, yang fortifikasi, izinnya dicabut,"" kata Amran kepada awak media di Kompleks Parlemen, Senayan, Jakarta, Rabu (16/9/2026). Stok Beras 4,6 Juta Ton di Tengah Ancaman El Nino, Mentan Amran Klaim Masih Aman Secara tegas, Amran menyatakan, keseluruhan merekberasyang dimaksud sudah tidak boleh lagi memasarkanberasfortifikasidi seluruh wilayah Indonesia. Dia juga mendorong adanya tindakan tegas dan penjatuhan sanksi oleh Aparat Penegak Hukum (APH) kepada perusahaan yang berdasarkan hasil pemeriksaan benar melakukan manipulasiberasfortifikasi. ""Tapi sekarangberasfortifikasi, yang melakukan manipulasi ditindak tegas, beri hukuman seberat-beratnya,"" ucap Amran. ""Enggak boleh lagi memasarkanberasdi Republik Indonesia. Saya perintahkan dicabut,"" tegasnya. 25 Merek Beras Fortifikasi Diduga Menipu Rakyat Pemerintah telah mengungkap adanya dugaan penipuan oleh produsenberasatas peredaranberasfortifikasidi pasaran. Setidaknya, kata Menteri Pertanian (Mentan) AndiAmran Sulaimanada 25 dari 27 merekberasyang melabelkan masuk dalam kategorifortifikasinamun tidak sesuai standar dan mutu. ""Itu yang kita tentukan adalahfortifikasinya saja. Tetapi setelah dicek, bukanfortifikasi,berasbiasa. Ada 25 (merek),"" kata Amran saat jumpa pers di Kantor Kementan, Jakarta, Selasa (15/9/2026). Dimana secara standar,berasfortifikasiharus memenuhi ketentuan SNI 9372:2025. Dalam setiap 100 gramberasfortifikasiharus memiliki kandungan vitamin B1 minimal 0,25 miligram, asam folat 0,25–0,38 miligram, vitamin B12 1,0–1,5 mikrogram, zat besi 3,50–5,25 miligram, dan seng 3,0–4,5 miligram. Produk juga dibuat melalui pencampuranberassosoh dengan kernelberasfortifikan sekurang-kurangnya 1 persen. SNI tersebut juga menetapkan ketentuan bahwa kandungan vitamin dan mineral dalam produk sekurang-kurangnya 80 persen dari nilai yang dicantumkan pada label."
https://www.tribunnews.com/bisnis/7883399/menkeu-pertimbangan-dpd-soal-rapbn-2027-jadi-masukan-pemerintah,www.tribunnews.com,ekonomi,Menkeu: Pertimbangan DPD Soal RAPBN 2027 Jadi Masukan Pemerintah,2026-09-16 15:53,"TRIBUNNEWS.COM, JAKARTA - Pertimbangan Dewan Perwakilan Daerah (DPD) RI tentang Rancangan Anggaran Pendapatan dan Belanja Negara (RAPBN) 2027 akan menjadi masukan pemerintah dalam pembahasan bersama DPR RI. Menteri KeuanganSuahasil Nazaramengatakan pertimbangan tersebut disampaikan pada momentum yang tepat karena pemerintah bersama DPR saat ini tengah membahasRAPBN 2027. Menurut Suahasil, pertimbangan DPD penting karena membawa perspektif daerah dari seluruh Indonesia. ""Karena itu, pertimbangan-pertimbangan dari DPD ini adalah diberikan pada waktu yang sangat tepat. Karena kita memang sedang dalam jadwal membicarakan, pemerintah membicarakan dengan DPR RI,"" kata Suahasil seusai menghadiri sidang paripurna luar biasaDPD RIdi Kompleks Parlemen Senayan, Jakarta, Rabu (16/9/2026). Suahasil mengatakan masukan dari DPD akan diperhatikan pemerintah dan menjadi bagian dari pembicaraan dalam pembahasanRAPBN 2027bersama DPR. ""Sehingga nanti akan menjadi bahan masukan, pertimbangan tersebut menjadi betul-betul pertimbangan yang mencerminkan aspirasi dari daerah,"" kata dia. Pihaknya mengapresiasiDPD RIyang mengundang pemerintah dalam sidang paripurna luar biasa tersebut. Dia menilai forum tersebut merupakan bagian dari tata bernegara yang baik karena memungkinkan pemerintah memperoleh pertimbangan yang merepresentasikan kepentingan daerah. ""Ini adalah suatu tata bernegara yang baik menurut saya, mendapatkan pertimbangan yang mencerminkan perspektif dari seluruh daerah, karena yang ada di DPD ini semua adalah perwakilan dari daerah-daerah di seluruh Indonesia,"" ujar Suahasil. DPR-Pemerintah Sepakati Asumsi Ekonomi RAPBN 2027, Pertumbuhan Ditarget 6 Persen Pemerintah akan melanjutkan pembahasanRAPBN 2027bersama DPR sesuai jadwal yang telah disepakati diBadan AnggaranDPR. ""Pertimbangan-pertimbangan disampaikan, seperti tadi kita telah dengarkan, akan menjadi masukan yang sangat-sangat kami perhatikan dan menjadi bagian dari pembicaraan dengan DPR RI,"" kata dia. Komisi XI DPR dan pemerintah menyepakati sejumlah asumsi dasar ekonomi makro yang akan digunakan dalam penyusunan Rancangan Anggaran Pendapatan dan Belanja Negara (RAPBN) Tahun Anggaran 2027. Kesepakatan tersebut diambil dalam Rapat Kerja Komisi XI DPR RI bersama Menteri Keuangan, Menteri PPN/Kepala Bappenas, Pejabat Sementara Gubernur Bank Indonesia (BI), Ketua Dewan Komisioner OJK, serta pihak terkait lainnya, Rabu (2/9/2026). Ketua Komisi XI DPR RI Mukhamad Misbakhun menyampaikan, salah satu target utama yang disepakati adalah pertumbuhan ekonomi Indonesia pada 2027 sebesar 6 persen secara tahunan (year on year/yoy). ""Pertumbuhan ekonomi year on year 6 persen kita sepakati sama,"" ujar Misbakhun."
https://www.tribunnews.com/bisnis/7883387/airasia-limbung-pemerintah-malaysia-minta-batik-air-dan-mas-ambil-alih-market-domestik,www.tribunnews.com,ekonomi,"AirAsia Limbung, Pemerintah Malaysia Minta Batik Air dan MAS Ambil Alih Market Domestik",2026-09-16 15:43,"TRIBUNNEWS.COM, KUALA LUMPUR -Pemerintah Malaysiakini sedang menyelamatkan pasar penerbangan domestik setelah tersiar kabar maskapaiAirAsiasedang dililit masalah keuangan serius. Pemerintah Malaysia telah menawarkan hal tersebut kepadaMalaysia Airlines(MAS) danBatik Airseperti diungkap dua orang yang mengetahui masalah tersebut yang dikutip Reuters. Pemerintah Malaysia menempuh langkah tersebut sebagai bagian dari apa yang mereka sebut sebagai perencanaan skenario di tengah pemantauan otoritas terhadap kondisi keuangan maskapai berbiaya hemat terbesar di Asia Tenggara itu. Diskusi antaraPemerintah Malaysiadengan MAS danBatik Airmakin intens dalam beberapa pekan terakhir, ujar sumber-sumber tersebut. AirAsia kini limbung karena terdampak oleh lonjakan biaya bahan bakar pesawat akibat konflik AS-Israel dengan Iran yang menyebabkanharga avturmeroket 66 persen di kuartal II 2026 dibandingkan kuartal sebelumnya, mencapai rata-rata US$183 per barel. Pembicaraan yang melibatkan Kementerian Keuangan dan operator bandara milik negara, Malaysia Airports Holdings Berhad (MAHB), ini merupakan bagian dari perencanaan skenario yang lebih luas terkait kesulitan keuanganAirAsia, kata sumber-sumber tersebut. Opsi lain yang telah dibahas mencakup pemberian dukungan dari pemerintah untuk memperkuat rencana maskapai dalam menggalang modal segar dari investor eksternal, meskipun bentuk pasti dari potensi dukungan tersebut belum jelas, demikian dilaporkan Reuters bulan ini. Reuters menyatakan tidak dapat memverifikasi secara independen rincian mengenai kondisi keuanganAirAsia. Malaysia Airlines danBatik Airmenyampaikan kepadaPemerintah Malaysiabahwa mereka hanya bersedia mengambil alih operasiAirAsiadalam skala besar jika mereka juga dapat mengambil alih perjanjian sewa pesawat maskapai tersebut, ungkap salah satu sumber. Menurut kedua maskapai, kmengambil alih rute dan volume penumpang tanpa pesawatnya akan jauh lebih sulit dilakukan. Bos AirAsia Jamin Tarif Maskapainya Tetap Terjangkau meski Ada Krisis BBM Malaysia Airlines danBatik Airtelah menyatakan kesiapan mereka melakukan ekspansi secara organik guna mengambil alih rute dan penumpangAirAsia, alih-alih mengakuisisi seluruh bisnis maskapai tersebut, menurut sejumlah sumber. AirAsia menyatakan bahwa mereka menguasai sekitar 40 persen dari keseluruhan pasar penerbangan Malaysia dan 60 persen dari penerbangan domestik, sehingga tantangan keuangan yang dihadapi maskapai ini menjadi perhatian serius bagi pemerintah, ungkap sumber-sumber yang diwawancarai oleh Reuters. BACA JUGA: Kementerian Keuangan Malaysia menunjuk penasihat untuk menilai kebutuhan pendanaanAirAsia, menurut sumber. Farouk Kamal, Wakil CEO Grup AirAsia, menyatakan dalam sebuah keterangan bahwa pihak maskapai tidak memberikan komentar mengenai spekulasi operasional atau keuangan, ataupun mengenai pengaturan korporasi yang belum diumumkan secara resmi. Usai Uzbekistan, AirAsia Ingin Perluas Pasar Asia Tengah ""Segala informasi penting terkait strategi bisnis dan armada kami disampaikan secara transparan melalui laporan resmi bursa efek dan pengumuman perusahaan pada waktu yang tepat,"" ujarnya kepada Reuters."
https://www.tribunnews.com/bisnis/7883371/mengenal-apa-itu-ihsg-pengertian-faktor-yang-memengaruhi-dan-istilah-penting,www.tribunnews.com,ekonomi,"Mengenal Apa Itu IHSG, Pengertian, Faktor yang Memengaruhi, dan Istilah Penting",2026-09-16 15:27,"TRIBUNNEWS.COM -Indeks Harga Saham Gabungan (IHSG) menjadi salah satu indikator yang kerap digunakan untuk melihat pergerakan pasarsahamdi Indonesia. PerubahanIHSGbisa dipengaruhi berbagai faktor, mulai dari kondisi ekonomi, kebijakan pemerintah, hingga sentimen pasar. Sebelum menilik lebih jauh tentangIHSG, kondisi saat ini yakni IHSG mengakhiri perdagangan sesi I Rabu (16/9/2026) dengan penguatan 22,94 poin atau 0,36 persen ke level 6.484,09. Sebanyak 303sahamnaik, 272sahamturun dan 211sahamstagnan. Dikutip dariKontan.co.id, sebanyak tujuh indeks sektoral tercatat menguat dan turut mendorong kenaikan IHSG, sementara empat indeks sektoral lainnya mengalami pelemahan. Indeks sektoral dengan kenaikan terbesar adalah sektor perindustrian yang naik 1,89 persen, sektor energi naik 1,08 persen dan sektor barang baku yang naik 0,66 persen. Sementara itu, pelemahan terdalam tercatat pada sektor teknologi yang turun 0,56 persen, disusul sektor infrastruktur sebesar 0,44 persen dan sektor keuangan yang melemah 0,37 persen. Lantas, apa itu IHSG? IHSG Berbalik Hijau Usai Prabowo Ganti Purbaya dengan Suahasil Nazara sebagai Menteri Keuangan IHSG merupakan indeks yang menggambarkan pergerakan harga seluruhsahamyang tercatat di Bursa Efek Indonesia (BEI). Dikutip dari situs resmi Universitas Negeri Surabaya (Unesa),Indeks Harga Saham Gabungan(IHSG) juga bisa diartikan sebagai barometer utama yang mencerminkan kinerja pasar modal di Indonesia. Dalam pergerakanIHSG, ada sejumlah faktor yang menentukan naik atau turunnya indeks, baik dari dalam negeri maupun global. Berikut beberapa utama yang memengaruhi pergerakanIHSG: Faktor Makroekonomi tersebut, meliputi inflasi, suku bunga, nilai tukar rupiah, Produk Domestik Bruto (PDB), serta harga komoditas termasuk minyak mentah dan emas turut berpengaruh signifikan terhadap pergerakanIHSG. Perubahan nilai tukar rupiah terhadap dolar AS menjadi salah satu faktor penting yang dapat memicu volatilitas pergerakanIHSG. Pelemahan rupiah dapat meningkatkan beban biaya perusahaan yang memiliki kewajiban atau utang dalam dolar AS. Sehingga berpotensi memengaruhi kinerja dan harga saham perusahaan tersebut."
https://www.tribunnews.com/bisnis/7883338/tinjau-layanan-bbm-di-makassar-komut-pertamina-patra-niaga-klaim-antrean-spbu-mulai-melandai,www.tribunnews.com,ekonomi,"Tinjau Layanan BBM di Makassar, Komisaris Pertamina Patra Niaga Klaim Antrean SPBU Melandai",2026-09-16 14:42,"TRIBUNNEWS.COM, MAKASSAR –Komisaris Independen PTPertaminaPatra Niaga Prabunindya Revta Revolusi, meninjau kesiapan layanan dan operasionalPertaminaPatra Niaga diMakassarpada Selasa (15/9). Peninjauan dilakukan untuk memastikan kesiapan sarana, pelayananSPBU, serta kelancaran penyaluranBBMkepada masyarakat. Lokasi yang dikunjungi meliputi SPBU 7490232 Racing, SPBU 7490103 Cendawasih, SPBU 7490115 Ratulangi, SPBU 7490236 Bawakaraeng, SPBU Modular Center Point of Indonesia (CPI), serta Integrated Terminal Makassar. Antrean BBM Masih Terjadi di Sejumlah Daerah, Pemotor Tewas Terlindas Kontainer di OKU Dalam peninjauan tersebut, Prabunindya menyampaikan kondisi antrean di sejumlahSPBUmulai menunjukkan perbaikan, didukung kesiapan petugas dalam melayani masyarakat. “Hari ini kami melakukan peninjauan ke beberapaSPBUyang ada di KotaMakassardan kita sama-sama melihat bahwa antrean sudah mulai kembali normal. Situasi sudah mulai melandai. Para petugas juga sudah siap untuk bisa melayani wargaMakassardalam mengakses kebutuhan energi,” ujar Prabunindya, Rabu (16/9/2026). Pertamina Patra Niaga terus memastikan ketersediaan pasokan, kesiapan sarana, dan pelayananSPBU, serta memperkuat koordinasi bersama Pemerintah Daerah dan seluruh pemangku kepentingan untuk menjaga keandalan energi diMakassar. Berbagai langkah bersama di lapangan mulai menunjukkan hasil positif, dengan kondisi sejumlahSPBUyang berangsur semakin kondusif. Dari sisi suplai,PertaminaPatra Niaga meningkatkan penerimaanBBMdari kapal ke depot serta memperkuat distribusi dengan menambah 17 mobil tangki. Jam operasional penyaluran dari depot juga diperpanjang untuk mempercepat distribusi ke lembaga penyalur. Dari sisi pelayanan, penguatan dilakukan melalui penambahan jam operasional serta rekonfigurasi jalur pelayanan dengan menambah jalur khusus Pertalite di sejumlahSPBU.PertaminaPatra Niaga juga menambah titik pengisian melalui Satgas LayananBBMdengan mengoperasikanSPBUModular di kawasan CPI sebagai alternatif layanan bagi masyarakat. Upaya penanganan juga terus dilakukan untuk mengurai antrean di sejumlah kabupaten dan daerah sekitarMakassar.PertaminaPatra Niaga menindaklanjuti laporan mengenai kondisi pelayananBBMdi wilayah tersebut melalui koordinasi bersama Pemerintah Daerah dan pemangku kepentingan terkait, dengan langkah penanganan yang disesuaikan dengan kebutuhan di lapangan. Pengaturan pelayanan di lapangan turut dilakukan melalui penerapan sistem ganjil-genap sesuai arahan Dinas ESDM. “Kita harapkan situasi terus kondusif selama beberapa hari ke depan. Ada beberapa peraturan yang memang sekarang sedang diterapkan, yaitu ganjil-genap. Artinya, memang perlu ada penyesuaian agar tercipta kenyamanan dalam kita semua mengakses energi diMakassar,” ujar Prabu. Pertamina Patra Niaga bersama Pemerintah Daerah dan pemangku kepentingan terkait akan terus memantau serta mengevaluasi kondisi di lapangan agar penguatan pasokan, distribusi, dan pelayanan berjalan sesuai kebutuhan masyarakat. Pertamina Patra Niaga menyampaikan terima kasih atas partisipasi masyarakat yang turut memberikan informasi mengenai situasi pelayananBBMdiSPBUsekitar. Informasi dan masukan tersebut membantu pemantauan kondisi di lapangan serta menjadi bahan evaluasi untuk menindaklanjuti kendala pelayanan. Prabunindya juga mengajak masyarakat untuk menggunakan energi secara bijak sebagai bagian dari upaya bersama menjaga situasi tetap kondusif. “Harapannya, situasi terus bisa dikendalikan dengan baik. Sekali lagi, kami sarankan, kami anjurkan agar masyarakat bisa menggunakan energi dengan bijak,” sebut Prabunindya. Masyarakat diimbau untuk mengisiBBMsesuai kebutuhan serta mengikuti pengaturan yang berlaku diSPBU."
https://www.tribunnews.com/bisnis/7883327/prabowo-klaim-inflasi-dan-rasio-utang-ri-jauh-lebih-baik-dibanding-as-apa-bukti-buktinya,www.tribunnews.com,ekonomi,"Prabowo Klaim Inflasi dan Rasio Utang RI Jauh Lebih Baik Dibanding AS, Apa Bukti-buktinya?",2026-09-16 14:35,"TRIBUNNEWS.COM, JAKARTA - PresidenPrabowo Subiantomenyatakan, fundamental ekonomi Indonesia saat ini berada dalam kondisi yang sangat sehat dibuktikan dengan tingkat inflasi dandefisit anggaranyang terjaga. Menurut dia, inflasi dandefisit anggaranRI jauh lebih baik dibandingkan banyak negara besar, termasuk Amerika Serikat dan Prancis. Prabowo menyampaikan hal tersebut ke sejumlah awak media termasuk Tribunnnews di kediamannya di Hambalang, Bogor, Jawa Barat, Rabu (16/8/2026). Mulanya, Prabowo menyoroti angka inflasi danrasio utangnasional yang berhasil dipertahankan pada level yang sangat aman. ""Inflasi kita rendah. Salah satu terendah di dunia. Ya kan 2,92. Anda bayangkan. Rasio utang kita salah satu terendah di dunia, utang kita terendah di dunia,"" kata Prabowo. Selain inflasi dan utang, Prabowo juga membanggakandefisit anggaranIndonesia yang terkendali. Ia kemudian membandingkannya secara langsung dengan persentase defisit sejumlah negara di Asia hingga Eropa. ""Kemudian defisit kita juga di bawah 3 persen. Anda lihat itu. Filipines 6 persen defisitnya, India 4,6 persen, Prancis 5,4 persen, US semua di atas kita,” jelasnya. Istana Tak Ambil Pusing dengan Hasil Survei SMRC Soal Kepuasan Publik Terhadap Prabowo Merosot Menurutnya, kondisi makroekonomi yang stabil inilah yang menjadi daya tarik utama bagi para investor. Hal tersebut sekaligus membantah kekhawatiran sejumlah pakar yang memprediksi ekonomi Indonesia akan kolaps. ""Jadi everybody, everybody percaya sama Indonesia makanya mereka mau datang ke Indonesia. Jadi itu, itu, saya, saya sangat optimis. Karena saya mengerti data tapi saya tidak mau banyak bicara kan, nanti biasalah ya,"" ujarnya. Data Badan Pusat Statistik (BPS) menunjukkan, Indeks Harga Konsumen (IHK) mencatatkan inflasi tahunan sebesar 3,19 persen year on year (yoy) di Agustus 2026. Angka ini naik dari bulan sebelumnya sebesar 2,88 persen yoy, maupun dari periode sama tahun lalu sebesar 2,31 persen yoy. Deputi Bidang Statistik Distribusi dan Jasa BPS, Ateng Hartono, menjelaskan bahwa pada Agustus 2025 terjadi kenaikan IHK dari 108,51 menjadi 111,97 pada Agustus 2026. Prabowo Waspadai Campur Tangan Asing: Selalu Ingin Menghajar Indonesia Tiap Kali Mau Take Off “Dari kelompok pengeluaran, inflasi tahunan ini utamanya didorong oleh tiga kelompok, yakni kelompok makanan minuman dan tembakau yang mengalami inflasi 3,86 persen yoy,” kata dia di konferensi pers, Selasa (1/9/2026) lalu. Kelompok makanan minuman dan tembakau memberikan andil inflasi sebesar 1,13 persen yoy. Komoditas andil terbesar, yakni daging ayam ras, ikan segar, minyak goreng, beras, sigaret kretek mesin (SKM), cabai rawit, daging sapi, sigaret kretek tangan (SKT), sigaret putih mesin (SPM), dan cabai merah. Ekonom INDEF Abra Talattov menilai inflasi pangan dipicu kenaikan harga sejumlah komoditas, terutama daging ayam, beras, serta cabai rawit dan cabai merah. ""Nah, sebetulnya kalau kita apa bedah kenapa inflasi pangan ini tinggi terutama memang disebabkan beberapa komoditas terutama daging ayam tadi disampaikan, kemudian juga beras dan juga cabai baik cabai rawit maupun cabai merah,"" terangnya."
https://www.tribunnews.com/bisnis/7883315/purbaya-dipecat-prabowo-jadi-menkeu-setelah-beberapa-hari-rombak-350-lebih-pejabat,www.tribunnews.com,ekonomi,Purbaya Dipecat Prabowo Jadi Menkeu Setelah Beberapa Hari Rombak 350 Lebih Pejabat,2026-09-16 14:22,"TRIBUNNEWS.COM, JAKARTA -Pergantian Menteri Keuangan dariPurbaya Yudhi SadewakepadaSuahasil Nazaraterjadi hanya beberapa hari setelah adanya perombakan sejumlah pejabat di lingkungan Kementerian Keuangan. Purbaya diketahui menjabat sebagai Menteri Keuangan sejak 8 September 2025 hingga 14 September 2026. Ia kemudian digantikanSuahasil Nazara. Pergantian tersebut terbilang mendadak. Pada Senin (14/9/2026) sore, Purbaya masih menjalani Rapat Kerja Gabungan Komite IV DPD RI bersama Kementerian Keuangan, Kementerian PPN/Bappenas, dan Bank Indonesia di Kompleks Parlemen, Senayan, Jakarta. CELIOS Nilai APBN yang Dikelola Purbaya saat Jadi Menkeu Tidak Kredibel: Memang Perlu Reshuffle Purbaya menduga pemecatannya terkait perombakan di lingkup Kementerian Keuangan, termasuk di dalamnya Direktorat Jenderal Pajak dan Direktorat Jenderal Bea Cukai. ""Sebagian ada (akibat perombakan pejabat),"" ujar Purbaya usai sertijab di Kementerian Keuangan, Jakarta, Selasa (15/9/2026), ketika ditanya pemecatan dirinya terkait perombakan jabatan diKemenkeu. Purbaya yang merupakan mantan Ketua Dewan Komisioner Lembaga Penjaminan Simpanan (LPS), tidak membeberkan secara luas, sebab menurutnya pemberhentian menteri merupakan hak prerogatif Presiden. Ia pun menyebut, pejabat yang telah dicopotnya bisa diangkat lagi tergantungMenkeuyang baru akan mengubah Surat Keputusan (SK)Menkeuatau tidak. ""Bisa diubah lagi (SK Pelantikan). Suka-suka menteri lah,"" paparnya. Dikontrak Menteri Hanya Setahun Purbaya mengaku dikontak menjadiMenkeuKabinet Indonesia Maju hanya setahun. ""Dulu sudah tanda tangan kontraknya setahun, kita ikutin,"" ujar Purbaya. Ia pun menepis adanya gesekan dirinya dengan pejabat-pejabat di lingkunganKemenkeu. ""Enggak, enggak ada gesekan sih. Yang jelas itu hak prerogatif Presiden yang beliau sudah putuskan,"" paparnya. Purbaya mengaku sebelumnya sudah memiliki firasat bahwa dirinya bisa saja tidak lagi melanjutkan jabatan sebagai Menteri Keuangan."
https://www.tribunnews.com/techno/7883589/samsung-siapkan-galaxy-z-trifold-2-dan-hp-dengan-desain-geser,www.tribunnews.com,teknologi,Samsung Siapkan Galaxy Z TriFold 2 dan HP dengan Desain Geser,2026-09-16 21:27,"TRIBUNNEWS.COM -Samsung dikabarkan sedang menyiapkan generasi barusmartphonedengan desain yang lebih inovatif. Selain penerus Galaxy Z TriFold, perusahaan asalKorea Selatantersebut disebut tengah mengembangkansmartphonegeser yang menawarkan mekanisme berbeda dariponsel lipatkonvensional. Kabar terbaru menyebutSamsungbahkan mempertimbangkan untuk mempercepat peluncuransmartphonelipat tiganya. Langkah tersebut disebut berkaitan dengan semakin ramainya persaingan di pasarponsel lipat, terutama setelah Apple dikabarkan memasuki segmen ini melalui iPhone Duo. Samsung disebut sedang mengembangkan penerussmartphonelipat tiganya yang kemungkinan hadir dengan namaGalaxy Z TriFold 2. Perangkat generasi kedua ini dikabarkan membawa sejumlah perubahan untuk mengatasi beberapa kekurangan yang ditemukan pada model sebelumnya. Salah satu peningkatan yang paling dinantikan adalah desain yang lebih tipis dan ringan. Galaxy Z TriFold generasi pertama memiliki ketebalan sekitar 12,9 mm dengan bobot mencapai 309 gram ketika perangkat dalam kondisi terlipat. Bobot tersebut membuatnya lebih berat dibandingkan sejumlahsmartphoneflagshipSamsunglainnya. Sebagai perbandingan, Galaxy Z Fold 8 disebut memiliki ketebalan 9,7 mm dan bobot sekitar 201 gram, sementara Galaxy S26 Ultra memiliki bobot sekitar 214 gram. Samsung Galaxy S26 FE Resmi Dijual di Indonesia, Open PO Mulai 1 September 2026 Informasi yang dibagikan olehleaker,Lanzuk, menyebutSamsungsedang mengembangkan mekanisme engsel baru untuk generasi berikutnya, seperti diberitakanMacRumors. Perubahan tersebut diharapkan dapat membuatGalaxy Z TriFold 2memiliki bodi yang lebih tipis, lebih ringan, sekaligus lebih tahan lama. Meski begitu, ketebalan pasti perangkat tersebut belum diketahui. Rumor yang beredar menyebutGalaxy Z TriFold 2kemungkinan masih akan lebih tebal dibandingkan Galaxy Z Fold 7 yang memiliki ketebalan 8,9 mm. Selain peningkatan desain, jadwal peluncuranGalaxy Z TriFold 2juga menjadi perhatian."
https://www.tribunnews.com/techno/7883486/keamanan-siber-perlu-diperkuat-lewat-sdm-teknologi-dan-proses-terintegrasi,www.tribunnews.com,teknologi,"Keamanan Siber Perlu Diperkuat Lewat SDM, Teknologi dan Proses Terintegrasi",2026-09-16 17:59,"TRIBUNNEWS.COM, JAKARTA –Edwin Purwandesi, Direktur Digital BusinessPerurimendorong penguatan keamanansibermelalui pendekatan yang mengintegrasikan aspek keamanan ke dalam proses kerja,teknologi, dan tata kelola organisasi. Hal tersebut disampaikan Edwin Purwandesi dalam Executive Forum “The Internal Frontline: Fixing the Human Factor in Cybersecurity” pada rangkaian ADIGSI Cyber Resilience Day 2026 yang berlangsung di JIExpo Kemayoran, Jakarta, baru-baru ini. Dalam pemaparannya, Edwin menyampaikan bahwa membangun keamanan siber tidak cukup dilakukan melalui program awareness bagi para pekerja. Nurul Arifin: RUU KKS Disiapkan untuk Perkuat Ketahanan Ruang Siber Nasional Menurutnya, awareness tersebut harus didukung dengan ketersediaan infrastruktur, tools, platform, serta mekanisme enforcement yang terintegrasi langsung dalam operasional harian. “Kalau kita berikan awareness tapi tidak kita sediakan tools dan platform, awareness-nya akan kehilangan makna. Mari kita teruskan awareness, namun juga kita siapkan framework dan platform yang sesuai dan mendukung awareness tersebut,” ujar Edwin dikutip Rabu, 16 September 2026. Edwin juga menekankan pentingnya penerapan security by design untuk menghadapi kondisi ketika pekerja berada dalam situasi yang mendesak. Menurutnya, sistem perlu dirancang agar tetap memiliki lapisan perlindungan meskipun dalam kondisi tertentu terdapat proses yang harus dilewati, sehingga keamanan tidak hanya bergantung pada kepatuhan individu terhadap prosedur. Dia menjelaskan, diPeruripendekatan ini diimplementasikan secara ketat sejak tahap awal pengembangan (security by design). Setiap talent digital maupun mitra wajib menjalani proses onboarding, menandatangani Pakta Integritas, serta melalui tahap analisis risiko sebelum diberikan akses terbatas sesuai peran (risk-based access). Selain itu, setiap sistem wajib lolos pengujian bertahap, mulai dari QA Test, Function Test, hingga Security Test sebelum masuk ke tahap produksi (go-to-production). BUMN ini juga mulai mengadopsiteknologimutakhir seperti Large Risk Model (LRM) dan Kecerdasan Buatan (Artificial Intelligence/AI) untuk membantu mendeteksi serta memprediksi celah keamanan pada kode pemrograman secara otomatis. Langkah ini menjadi bagian dari strategi untuk mengantisipasi human factor atau kesalahan prosedur akibat tingginya dinamika dan urgensi pekerjaan. Melalui sinergi pemahaman pekerja terhadap keamanansiber, pemanfaatanteknologiAI, dan tata proses yang terintegrasi,Peruriterus memperkuat fondasi keamanan dalam setiap proses transformasi digital. Upaya tersebut menjadi bagian penting dalam membangun kedaulatan digital yang efektif, dengan memastikanteknologi, data, proses, dan sumber daya manusia Indonesia mampu terlindungi serta dikelola secara aman, andal, dan terpercaya. Dengan demikian, penguatan keamanansibertidak hanya menjadi langkah mitigasi risiko, tetapi juga menjadi fondasi dalam mewujudkan kedaulatan digital Indonesia yang berkelanjutan."
https://www.tribunnews.com/techno/7883409/kamera-iphone-duo-bisa-apa-saja-ini-fitur-unik-dan-batasannya,www.tribunnews.com,teknologi,Kamera iPhone Duo Bisa Apa Saja? Ini Fitur Unik dan Batasannya,2026-09-16 16:05,"TRIBUNNEWS.COM -iPhone Duo hadir dengan desain lipat yang menawarkan pengalaman berbeda dibandingkan liniiPhonelainnya. Desain tersebut tidak hanya memengaruhi tampilan dan cara penggunaan ponsel, tetapi juga membawa sejumlah perubahan pada sistem kameranya. Apple membekaliiPhoneDuo dengan sistem kamera belakangDual Fusionyang terdiri dari kamera utama 48MP dan kamera Ultra Wide 48MP. Meski menawarkan resolusi tinggi dan sejumlah fitur baru, konfigurasi tersebut membuat kemampuan kameraiPhoneDuo tidak selengkap modeliPhone18 Pro daniPhone18 Pro Max. Lantas, apa saja yang bisa dilakukan kameraiPhoneDuo dan fitur apa yang harus dikorbankan karena desainnya? Berikut penjelasannya. Salah satu keunggulan kameraiPhoneDuo justru berasal dari desain lipatnya. Apple menghadirkan sejumlah fitur yang memanfaatkan keberadaan dua layar pada perangkat tersebut. Salah satunya adalahSmart Take, yaitu fitur berbasis kecerdasan buatan (AI) yang membantu menentukan kapan semua orang dalam foto grup sudah berada dalam posisi yang tepat, termasuk pemilikiPhone. Dengan begitu, pengguna tidak perlu mengatur timer lalu berlari masuk ke dalam frame. Bingung Beli iPhone Duo atau iPhone 18 Pro Max? Ini Tips Memilih Sesuai Kebutuhanmu Pengguna cukup meletakkaniPhoneDuo dalam posisi setengah terlipat, kemudian masuk ke dalam bingkai. Kamera akan membantu menentukan momen yang tepat untuk mengambil foto grup. Ada pulaKid Cueyang ditujukan untuk membantu memotret anak-anak. Fitur ini menampilkan animasi pendek dari karakterPeanutsuntuk menarik perhatian anak agar melihat ke arah kamera ketika foto diambil. Sementara itu,Duo Previewmemungkinkan hasil bidikan ditampilkan secara langsung pada kedua layar. Dengan demikian, orang yang sedang difoto dapat melihat pratinjau gambar dan menyesuaikan posisi atau pose sebelum foto diambil."
https://www.tribunnews.com/techno/7883366/jangan-tunggu-rusak-ini-tanda-eartips-airpods-sudah-waktunya-diganti,www.tribunnews.com,teknologi,"Jangan Tunggu Rusak, Ini Tanda Eartips Airpods Sudah Waktunya Diganti",2026-09-16 15:18,"TRIBUNNEWS.COM -AirPods menjadi salah satu perangkat audio yang banyak digunakan untuk menemani aktivitas sehari-hari, mulai dari bekerja, bepergian, hingga berolahraga. Namun, penggunaan rutin juga membuat bagianeartipsatau ujungearphonelebih cepat kotor dan mengalami penurunan kualitas. Eartips yang sudah aus bukan hanya dapat mengurangi kenyamanan saat digunakan, tetapi juga bisa memengaruhi kualitas suara dan kemampuan earbud untuk menempel dengan baik di telinga. Karena itu, penggunaAirPodsperlu mengetahui kapan waktunya mengganti eartips sekaligus cara merawatnya agar tetap bersih dan nyaman digunakan. Tidak ada batas waktu yang benar-benar sama untuk semua pengguna. Masa pakaieartipsAirPodssangat bergantung pada seberapa sering perangkat digunakan dan bagaimana cara pengguna merawatnya. Bagi pengguna yang hanya sesekali memakaiAirPods, misalnya saat perjalanan atau bekerja, eartips dapat bertahan hingga sekitar satu tahun. Sementara itu, pengguna yang hampir setiap hari mengenakannya, terutama ketika berolahraga, mungkin perlu menggantinya lebih cepat. Dalam kondisi penggunaan intensif, tanda-tanda kerusakan dapat mulai terlihat setelah beberapa bulan. Ada beberapa tanda yang bisa menjadi pertimbangan untuk menggantieartipsAirPods. iOS 27 Resmi Dirilis, Ini Deretan Fitur Baru yang Bisa Kamu Coba di iPhone Salah satunya ketika salah satuearbudterasa menghasilkan suara yang berbeda atau tidak seimbang dibandingkan sisi lainnya. Eartipsyang mulai longgar juga menjadi tanda bahwa sudah waktunya diganti, seperti dijelaskanBGR. Jikaearbudlebih sering terlepas dari telinga meski sebelumnya dapat terpasang dengan baik, kondisieartipsmungkin sudah tidak optimal. Perhatikan pula kondisi fisiknya.Eartipsyang terlihat robek, berubah bentuk, mengeras, atau mengalami kerusakan sebaiknya segera diganti. Selain berpotensi mengurangi kenyamanan,eartipsyang sudahrusakjuga tidak lagi memberikan posisi dan isolasi suara yang optimal."
https://www.tribunnews.com/techno/7883330/harga-smartphone-melonjak-gsma-khawatir-miliaran-orang-tertinggal-dari-ai,www.tribunnews.com,teknologi,"Harga Smartphone Melonjak, GSMA Khawatir Miliaran Orang Tertinggal dari AI",2026-09-16 14:38,"TRIBUNNEWS.COM -Organisasi industri telekomunikasi globalGSMAmenyerukan tindakan segera untuk membuatsmartphonelebih terjangkau bagi masyarakat di negara-negara berpenghasilan rendah dan menengah, sehingga semua orang dapat “merasakan manfaat dari revolusi AI”. MengutipEuronews, seruan tersebut disampaikan ketika organisasi itu meluncurkan laporan State of Mobile Internet Connectivity Report 2026, sebuah studi tahunan mengenai konektivitas seluler global. Laporan tersebut menemukan bahwa saat ini 4,8 miliar orang menggunakan internet seluler melalui perangkat milik mereka sendiri. Namun, sebanyak 3,4 miliar orang belum menggunakannya, meskipun 90 persen dari mereka tinggal di wilayah yang telah terjangkau jaringan broadband seluler.GSMAmenyebut kondisi ini sebagai “kesenjangan penggunaan” (usage gap). Pertumbuhan populasi digital dunia juga mulai melambat. Sekitar 160 juta pengguna baru mulai menggunakan internet pada 2025, turun dibandingkan sekitar 190 juta pengguna baru pada 2024. Direktur JenderalGSMAVivek Badrinath mengatakan laporan tersebut menunjukkan pentingnya memperluas akses digital. “Kecerdasan buatan memiliki potensi untuk meningkatkan kehidupan manusia dalam skala yang belum pernah terjadi sebelumnya, tetapi AI tidak ada artinya jika orang-orang bahkan tidak dapat terhubung ke internet sejak awal,” kata Badrinath. “Risiko terbesar bukan hanya kesenjangan AI antarnegara, tetapi juga antara orang-orang yang mampu berpartisipasi dalam ekonomi digital dan mereka yang tidak mampu.” GSMA mengatakan penting untuk “menghindari sebagian besar masyarakat di negara-negara berkembang sepenuhnya tertinggal dari ekonomi digital” dan menyerukan sejumlah langkah untuk mengatasi persoalan tersebut. Sam Altman Akui AI Bisa Berbahaya, Minta Dunia Percaya OpenAI Mampu Menjaga Keamanannya Menurut laporan tersebut, salah satu faktor utama yang mendorong ketimpangan digital global adalah “kenaikan tajam biaya memori dan chipsetsmartphone, yang didorong oleh permintaan global terhadap infrastruktur AI dan pusat data.” Harga komponen memori melonjak dalam beberapa waktu terakhir. Harganya lebih dari dua kali lipat antara kuartal ketiga 2025 dan kuartal pertama 2026, kemudian kembali meningkat sekitar 80-90 persen pada kuartal kedua 2026. Kenaikan biaya komponen tersebut kemudian dibebankan kepada konsumen. Akibatnya, hargasmartphonekelas pemula menjadi tidak terjangkau bagi banyak orang di berbagai belahan dunia. MenurutGSMA, kondisi ini mengancam untuk menghapus kembali “kemajuan yang telah dicapai selama bertahun-tahun dalam mempersempit kesenjangan penggunaan internet seluler.” “Jika kita tidak menjaga keterjangkauansmartphonekelas pemula, miliaran orang berisiko tersisih dari generasi layanan digital berikutnya bahkan sebelum mereka memiliki kesempatan untuk merasakan internet,” ujar Badrinath. Laporan tahun ini menemukan bahwa pada akhir 2025, hargasmartphonekelas pemula setara dengan hingga 44 persen dari rata-rata pendapatan bulanan bagi 20 persen masyarakat termiskin di negara-negara berpenghasilan rendah dan menengah. Di Afrika sub-Sahara, angkanya bahkan mencapai hingga 76 persen.GSMAmemperkirakan hargasmartphonemasih akan terus meningkat."
https://www.tribunnews.com/techno/7883309/oppo-find-x10-pro-max-siap-meluncur-bawa-chip-dimensity-9600-pro-terbaru,www.tribunnews.com,teknologi,"OPPO Find X10 Pro Max Siap Meluncur, Bawa Chip Dimensity 9600 Pro Terbaru",2026-09-16 14:12,"TRIBUNNEWS.COM -OPPO mulai membuka informasi mengenaiponselflagshipterbarunya, OPPO Find X10 Pro Max, menjelangpeluncurannya. Smartphoneini dijadwalkan akan diperkenalkan bersama Find X10 dan Find X10 E di China pada 22 September 2026. Selain itu, OPPO Find X10 Pro Max disebut akan menjadi salah satu perangkat pertama yang menggunakanchipsetterbaru MediaTek, Dimensity 9600 Pro. Tak hanya untuk pasar China, OPPO juga telah mengonfirmasi bahwa OPPO Find X10 Pro Max akan dipasarkan secara global. Namun, jadwalpeluncuraninternasionalnya disebut akan berlangsung terpisah dan diperkirakan digelar pada bulan berikutnya. Saat ini, OPPO Find X10 Pro Max telah tercantum di toko OPPO China dalam beberapa pilihan kapasitas, yakni 12GB/256GB, 12GB/512GB, 16GB/512GB, dan 16GB/1TB, namun harga resminya belum diumumkan, dikutip dari lamanOPPO. Salah satu daya tarik utama Find X10 Pro Max adalah penggunaan Dimensity 9600 Pro. Chipset ini merupakan platform terbaru MediaTek yang dibangun menggunakan proses fabrikasi 2nm TSMC N2P. MediaTek mengklaim chipset tersebut membawa peningkatan performa sekaligus efisiensi daya dibandingkan generasi sebelumnya. Bocoran Oppo Find X10 Pro Max, Bawa 3 Kamera 200 MP dan Baterai Jumbo 8.000 mAh CPU-nya disebut mampu memberikan peningkatan performa hingga 15 persen pada pengujian multi-core, sedangkan performa GPU meningkat hingga 27 persen. Untuk kebutuhan kecerdasan buatan atau AI, NPU pada Dimensity 9600 Pro juga diklaim memiliki performa INT4 hingga dua kali lipat dibandingkan NPU pada Dimensity 9500. Sementara dari sisi efisiensi, konsumsi daya CPU pada beban kerja multi-core disebut dapat berkurang hingga 61 persen. Chipset tersebut menggunakan dua inti Arm C2-Ultra dengan kecepatan hingga 4,55GHz, ditemani konfigurasi inti C2 Pro. OPPO juga bekerja sama dengan MediaTek mengembangkanLaminar Flow Engine,teknologi yang dirancang untuk menjaga respons sistem tetap cepat sekaligus menekan penggunaan daya, seperti dijelaskanGSM Arena. Di sektor fotografi, Find X10 Pro Max disebut membawa konfigurasi yang cukup agresif dengan tiga kamera beresolusi 200MP."
https://www.tribunnews.com/techno/7883276/kode-redeem-genshin-impact-terbaru-rabu-16-september-2026-klaim-hadiahnya-gratis,www.tribunnews.com,teknologi,"Kode Redeem Genshin Impact Terbaru Rabu, 16 September 2026, Klaim Hadiahnya Gratis",2026-09-16 13:17,"TRIBUNNEWS.COM- Koderedeemjadi incaran para pemainGenshin Impactsetiap harinya. Pada hari ini, Rabu (16/9/2026), terdapat beberapa koderedeembaru yang masih aktif. Klaim koderedeemGenshin Impactsecaraonlinedapat dilakukan digenshin.hoyoverse.com. Koderedeematau ""redeem code""adalah sebuah kode atau kombinasi huruf dan angka unik, yang dapat ditukarkan hadiah, diskon, atau keuntungan lainnya. Klaim koderedeemdan dapatkanprimogems, hero, voucer, bonusdan berbagai hadiah menarik lainnya secara gratis. Hadiah yang telah ditukar darigameGenshin Impact bisa langsung digunakan saat bermaingame. Apabila kode redeem Genshin Impact tidak dapat ditukar, artinya kode sudah tidak berlaku lagi. Kode Redeem FF Terbaru Rabu, 16 September 2026: Dapatkan 50 Diamond dan Skin Gratis Kode RedeemGenshin Impactpada Rabu, 16 September 2026, dikutip dariesports.iddanhoyolab.com: YOAL3V36XHS7: Mora ×10000, Adventurer's Experience ×10, Fine Enhancement Ore ×5, Jueyun Chili Chicken ×5, Stir-Fried Fish Noodles ×5 Kode Redeem Genshin Impact Terbaru Selasa, 15 September 2026, Klaim Hadiahnya Gratis 19 Kode Redeem FF Terbaru 15 September 2026, Buruan Klaim Reward Skin Free Fire Gratis Game atau permainanGenshin Impacttermasuk dalam permainan populer hingga saat ini. Game ini dikembangkan perusahaan asal China, Mihoyo. PermainanGenshin Impacttermasuk dalamgame roleplaying (RPG). Kualitas grafisGenshin Impactsangat tinggi. Game ini tersedia di berbagai platform, mulai dari Android, iOS, PS4, dan PC. Dikutip darihoyoverse.com,game ini dapat dimainkan oleh para pemain di seluruh dunia dengan menyediakan pengalaman dunia virtual yang imersif. Jika Anda berhasil melakukan penukarankode redeemGenshin Impact, hadiahnya juga dapat langsung digunakan untuk bermain digameini. (Tribunnews.com/Oktavia WW)"
https://www.tribunnews.com/techno/7883163/kode-redeem-ff-terbaru-rabu-16-september-2026-dapatkan-50-diamond-dan-skin-gratis,www.tribunnews.com,teknologi,"Kode Redeem FF Terbaru Rabu, 16 September 2026: Dapatkan 50 Diamond dan Skin Gratis",2026-09-16 10:11,"TRIBUNNEWS.COM -Daftarkode redeemFF atauFree Firehari ini, Rabu (16/9/2026). Sebagai informasi,kode redeemFree Fireataukode redeemFF merupakan kode khusus berisi kombinasi huruf dan angka (biasanya 12 karakter) yang bisa ditukarkan oleh pemainFree Fireuntuk mendapatkan hadiah gratis di dalamgame. Terdapat banyakkode redeemFree Fireyang bisa diklaim untuk dimanfaatkan sebagai booster bermain bersama teman. Adanya kode Redeem FF hari ini membantu mendapatkan hadiah secara cuma-cuma. Banyak item baru yang bisa dapat asal jangan kalah cepat dari yang lainnya. Berkatkode redeem, pemain FF tidak perlu mengeluarkan uang secara langsung ataudiamonduntuk membeli item dalamgame. Dengan adanya klaim kode redeem FF hari ini, maka pemain Free Fire akan memperoleh beberapa keuntungan seperti diamond, senjata atau weapon, bahkan sampai skin gratis. Untuk pemberitahuan penting berikutnya, Kode Redeemption ataukode redeemini memiliki 12/16 karakter, kombinasi antara huruf kapital dan angka. Lalu, hadiah item akan muncul di [In-game Mail] ; Gold dan Diamond akan ditambahkan secara otomatis. Pemain juga harus tahu tentang tanggal kadaluarsa kode redeem Free Fire. Kode Redeem FC Mobile Terbaru 16 September 2026 Klaim Kartu Pemain Zlatan Ibrahimović OVR 117 Kode redeem FF yang sudah kadaluwarsa tidak bisa dipakai. Perlu diingat juga, pemain tidak dapat me-redeem hadiah dengan akun guest. Silakan bind akun ke Facebook atau VK untuk menerima hadiah. Berikut kumpulan Kode ReedemFree Fireterlengkap untuk hari ini, berikut inikode redeemyang bisa kamu klaim untuk hari ini: BUNDL3GRATIS – Bundle Random selama 7 hari"
https://www.tribunnews.com/techno/7883136/tuai-kontroversi-meta-hilangkan-fitur-kamera-di-rilisan-smart-glasses-edisi-berikutnya,www.tribunnews.com,teknologi,"Tuai Kontroversi, Meta Hilangkan Fitur Kamera di Rilisan Smart Glasses Edisi Berikutnya",2026-09-16 09:10,"TRIBUNNEWS.COM -Perusahaan teknologiMetaPlatforms dikabarkan bersiap meluncurkankacamata pintar(smart glasses) terbaru mereka dengan penghilangan fitur kamera Kacamata pintar ini rencananya akan dirilis pada musim gugur tahun ini. Langkah strategis ini diambil di tengah meningkatnya pengawasan dan kritik tajam terhadap produkkacamata pintarmereka yang saat ini telah beredar luas. Adapun protes terhadap perusahaan yang membawahi Facebook ini terjadi akibat maraknya kasus perekaman tanpa izin menggunakankacamata pintaryang mereka buat. Beberapa waktu lalu,Metabahkan melakukan pembaruan secara paksa untukkacamata pintarmereka agar fitur perekaman tak bisa digunakan lagi apabila lampu perekaman diubah oleh penggunanya secara paksa. Berdasarkan laporan dari media The Information yang dirilis pada Senin waktu setempat di (14/9/2026), perangkat baru tersebut saat ini menggunakan nama sandi internal ""Luna"". Perangkat ini menandai perubahan arah yang cukup signifikan dari lini Ray-BanMetasebelumnya yang telah sukses menjual sekitar 7 juta unit. Dengan menghapus fitur kamera secara total,Metatampaknya berupaya merespons ketidaknyamanan yang kian membesar di kalangan konsumen serta regulator. Laporan tersebut juga mengungkapkan bahwa perangkat ""Luna"" akan dibekali dengan enam mikrofon internal yang memungkinkan para pengguna berinteraksi dengan chatbot kecerdasan buatan (AI) milikMeta. Selain itu, kamera pintar baru ini juga akan dibekali oleh agen AI terbaru mereka yang dinamai Muse. Setelah Gemini AI, Google Siapkan Aplikasi Lainnya untuk Diakses Mac Di kacamata terbaru ini, sebuah tombol khusus di bagian samping bingkai kacamata akan menyediakan akses cepat keMetaAI. Sementara itu sistem pengeras suaranya dikabarkan masih sebanding dengan model yang ada saat ini. Meta dijadwalkan akan memperkenalkan produk ini pada konferensi pengembang tahunan mereka yang berlangsung pada 23 hingga 24 September mendatang. Adapun produk ini disebut mulai dijual ke publik pada bulan Oktober mendatang."
https://www.tribunnews.com/techno/7883108/kode-redeem-fc-mobile-terbaru-16-september-2026-klaim-kartu-pemain-zlatan-ibrahimovi-ovr-117,www.tribunnews.com,teknologi,Kode Redeem FC Mobile Terbaru 16 September 2026 Klaim Kartu Pemain Zlatan Ibrahimović OVR 117,2026-09-16 08:11,"TRIBUNNEWS.COM -Kabar menarik kembali hadir untuk para Manager dan CoachFC Mobileyang sedang berusaha meningkatkan kekuatan skuad. Kode redeemFC Mobileterbaru16 September2026 menjadi salah satu informasi yang patut dicek karena menawarkan sejumlah reward yang dapat menambah koleksi pemain, item, hingga resource di dalam akun. Kode redeemFC Mobilemerupakan kombinasi huruf dan angka yang dapat ditukarkan pemain untuk memperoleh hadiah tertentu. Kode seperti ini juga menjadi salah satu bentuk apresiasi bagi komunitasFC Mobiledi berbagai negara. Reward yang tersedia kali ini cukup beragam. Tidak hanya berisi item pendukung,kode redeemtersebut juga menawarkan pemain dengan rating tinggi yang dapat menjadi tambahan bagi skuad. Salah satu hadiah yang mencuri perhatian adalah Zlatan Ibrahimović dengan Overall Rating (OVR) 117. Bagi Manager yang sedang mencari pemain baru untuk memperkuat starting XI, kehadiran kartu dengan OVR tinggi tentu bisa menjadi tambahan menarik. Dari seluruh hadiah tersebut, Zlatan Ibrahimović OVR 117 menjadi salah satu item yang paling menarik perhatian. Pemain dengan rating tersebut dapat dipertimbangkan untuk memperkuat posisi tertentu atau menjadi bagian dari perubahan komposisi starting XI. Selain pemain, berbagai resource seperti Rank Up Points, Star Shards, Gems, dan Rankup Tokens juga dapat membantu perjalanan Manager dalam meningkatkan kemampuan tim. Setiap resource dapat dimanfaatkan sesuai kebutuhan masing-masing akun. Menlu Iran akan Kunjungi China, Temui Wang Yi Bahas Perang hingga Persaingan AI Tidak hanya kartu pemain dan resource, FC Draft Voucher juga menjadi salah satu hadiah yang patut diperhatikan darikode redeemFC Mobileterbaru16 September2026. Bagi Manager yang terbaru mengikuti berbagai aktivitas diFC Mobile, tambahan voucher dapat menjadi bonus untuk mendukung perjalanan membangun skuad. Setelah proses penukaran kode berhasil, hadiah akan dikirimkan ke in-game mailbox. Manager dapat membuka kotak pesan di dalam permainan untuk memeriksa reward yang berhasil diklaim."
https://www.tribunnews.com/techno/7883020/robot-perawat-dan-keamanan-cerdas-aimoga-curi-perhatian-pengunjung-ifa-2026-berlin,www.tribunnews.com,teknologi,Robot Perawat dan Keamanan Cerdas AiMOGA Curi Perhatian Pengunjung IFA 2026 Berlin,2026-09-15 21:37,"TRIBUNNEWS.COM, BERLIN —Robot Keamanan CerdasdanRobot Perawatbikinan AiMOGA Robotics mengejutkan pengunjung pameran dagang dan teknologi terbesar di dunia, Innovation for All (IFA) 2026,yang berlangsung di Berlin, Jerman. IFA mempertemukan pelaku industri elektronik konsumen, peralatan rumah tangga, dan teknologi masa depan. Di pameran tersebut, AiMOGA juga menampilkan robot humanoid Mornine, serta robot quadruped Argos. Kehadiran Intelligent Security Robot dan Robotic Nurse di event ini merupakan strategi AiMOGA yang terus mengembangkan produk robotik yang mengacu pada skenario dan kebutuhan nyata. Perusahaan Tiongkok tersebut merancang kedua jenis robot untuk mendukung berbagai kebutuhan di bidang keamanan publik dan layanan kesehatan. DiIFA 2026, AiMOGA juga menjaring calon pembeli dan mitra bisnis di Eropa dan mengeksplorasi peluang kolaborasi dan komersialisasi di kawasan tersebut. Robot Keamanan Cerdas diklaim sudah digunakan di 30 kota di Tiongkok untuk mendukung berbagai tugas  layanan keamanan dan pengaturan ketertiban. Sementara, Robot Perawat berfokus pada kebutuhan layanan kesehatan seperti untuk mengarahkan dan mengatur pasien, bantuan informasi serta layanan lainnya di lingkungan rumah sakit. Agresif, AiMOGA Sudah Kirim 2.000 Unit Robot Humanoid Mornine ke 60 Negara Skenario penggunaan kedua robot ini akan membentuk arah pengembangan produk dan penerapannya secara berkelanjutan mendorong kemajuan teknologi. Di pasar Eropa, AiMOGA berupaya melokalisasi produk robotnya dengan mengeksplorasi cara robot beradaptasi dengan berbagai bahasa, budaya, dan lingkungan layanan. Robotic Nurse telah menarik minat sejumlah calon mitra di Eropa dan sudah ada diskusi awal terkait skenario penerapan dan peluang kerja sama di masa datang. Di IFA 2026, robot Mornine turut tampil dalam program resmi IFA bertajuk “Robots on the Runway”. Robot humanoid ini berinteraksi dengan pengunjung melalui sesi perkenalan diri dan presentasi di atas panggung. Robot AI AiMOGA Unjuk Keterampilan Layanan Publik di World Robot Conference 2026 Mornine tampil bersama robot Argos di ajang ini. Sejauh ini, perusahaan produsen robot AiMOGA Robotics telah mengirimkan 3.000 unit robot secara global di 60 negara dan wilayah dengan 100 skenario penerapan di dunia nyata. Zhang Guibing, Presiden Chery Internasional sekaligus Presiden AiMOGA Robotics mengatakan,IFA 2026menjadi titik awal baru membangun koneksi di Eropa serta mengeksplorasi lebih banyak penerapan robot bersama pelanggan dan mitra industri setempat. ""Kami berpegang pada prinsip bahwa skenario nyata menentukan arah produk, sedangkan produk yang telah diterapkan mendorong kemajuan teknologi secara berkelanjutan,” kata Zhang Guibing."
https://www.tribunnews.com/techno/7882913/platform-geotsat-perkuat-earth-intelligence-untuk-pantau-karhutla-dan-asesmen-pascabencana,www.tribunnews.com,teknologi,Platform GeoTSat Perkuat Earth Intelligence untuk Pantau Karhutla dan Asesmen Pascabencana,2026-09-15 17:43,"TRIBUNNEWS.COM, JAKARTA — Perkembangan teknologi satelit membuat kondisi permukaan bumi dapat dipantau semakin cepat dan detail. Namun, nilai dari data satelit tidak hanya terletak pada gambar yang dihasilkan, melainkan pada bagaimana data tersebut diolah menjadi informasi yang lebih mudah dipahami dan dimanfaatkan. Telkomsat, anak usaha Telkom Indonesia yang bergerak di bisnis satelit, saat ini mengembangkan kapabilitasEarth Intelligenceuntuk membantu pengguna memahami kondisi dan perubahan suatu wilayah dari data satelit melalui platformGeoTSat. Direktur Pengembangan Telkomsat, Anggoro K. Widiawan mengatakan, pemanfaatannya dapat dikembangkan untuk berbagai kebutuhan, mulai dari pemantauan bencana, kebakaran hutan dan lahan (karhutla), lingkungan, pertanian, aktivitas maritim, pertambangan, hingga perencanaan wilayah. ""Dengan pendekatan tersebut, pengguna tidak hanya melihat suatu area dari atas, tetapi juga dapat memperoleh informasi mengenai dimana perubahan terjadi, seberapa luas wilayah yang terdampak, bagaimana kondisi terkini suatu area, hingga bagaimana perubahannya dari waktu ke waktu,"" ungkapnya dikutip Selasa, 15 September 2026. Salah satu penerapanEarth Intelligenceini adalahKarhutlaGeoTSat, yang menampilkan persebaran titik panas di berbagai wilayah Indonesia melalui dashboard berbasis data satelit. KarhutlaGeoTSatmemanfaatkan data dari NASA Fire Information for Resource Management System (FIRMS) untuk menampilkan informasi hotspot dan aktivitas termal. Data tersebut kemudian disajikan dalam bentuk visualisasi geospasial sehingga pengguna dapat melihat wilayah yang membutuhkan perhatian secara lebih mudah. Asap Pekat dari Karhutla di Kalimantan Tertangkap Citra Satelit NASA, Lahan Gambut Jadi Sorotan Platform ini juga dilengkapi Fire AI Assistant berbasis Generative AI untuk membantu pengguna berinteraksi dan memahami informasi yang tersedia pada dashboard. Informasi hotspot tersebut dapat menjadi langkah awal untuk mengetahui area yang perlu diperhatikan lebih lanjut. Ketika dibutuhkan gambaran yang lebih detail, pemantauan dapat dilanjutkan menggunakan citra satelit beresolusi tinggi. Untuk kebutuhan tersebut, Telkomsat berkolaborasi dengan STAR.VISION dalam pemanfaatan citra satelit resolusi tinggi hingga 50 cm. Pengambilan citra dapat diarahkan secara khusus pada lokasi yang ingin dipantau, sehingga kondisi area tertentu dapat terlihat lebih jelas dan lebih sesuai dengan kebutuhan analisis. Salah satu penerapannya dilakukan pada kawasan Bromo, Jawa Timur, untuk melihat kondisi wilayah pascakebakaran. Data Nasional Titik Panas Karhutla Turun, Konsentrasi Tertinggi Masih di Kalteng Citra satelit beresolusi 50 cm digunakan untuk melihat area terdampak secara lebih detail. Setelah diolah dan dianalisis, citra tersebut tidak hanya menjadi gambar, tetapi dapat dikembangkan menjadi informasi mengenai lokasi, persebaran, dan estimasi luas area yang terindikasi terdampak kebakaran. Dari area sampel yang dianalisis, diperoleh estimasi wilayah yang terindikasi terdampak sekitar 1.325 hektare. Pendekatan ini menunjukkan bagaimanaEarth Intelligencedapat membantu membangun proses pemantauan yang lebih lengkap.GeoTSatmembantu melihat indikasi hotspot secara luas, citra resolusi tinggi membantu melihat area tertentu lebih dekat, lalu analisis geospasial mengubah data tersebut menjadi informasi yang lebih terukur. Anggoro K. Widiawan menjelaskan, pemanfaatan data satelit saat ini semakin berkembang dari sekadar menghadirkan gambar menjadi informasi yang memiliki nilai lebih bagi pengguna."
https://www.tribunnews.com/techno/7882897/setelah-gemini-ai-google-siapkan-aplikasi-lainnya-untuk-diakses-mac,www.tribunnews.com,teknologi,"Setelah Gemini AI, Google Siapkan Aplikasi Lainnya untuk Diakses Mac",2026-09-15 17:19,"TRIBUNNEWS.COM -Google tampaknya sedang menyiapkan aplikasi mandiri baru untuk komputer Mac, komputer buatan Apple yang menggunakan sistem operasi macOS. Dugaan ini muncul setelah ditemukan referensi yang mengarah pada aplikasiGoogleuntuk macOS dalam pembaruanGooglePlay Services terbaru. Temuan tersebut berasal dari Android Authority yang menemukan label internal“MAC_GOOGLE_APP”padaGooglePlay Services versi 26.36.30. Meski masih berupa referensi dalam kode, kemunculannya menjadi indikasi awal bahwaGooglemungkin tengah mengembangkan aplikasiGooglekhusus untuk macOS, menurut laporanAndroid Authority. Jika benar dirilis, aplikasi ini akan menjadi tambahan baru dalam ekosistem desktopGoogledi perangkat Apple. Sebelumnya,Googletelah lebih dulu menghadirkan aplikasi Gemini secara mandiri untuk Mac. Sementara sebagian besar layanan konsumenGooglesepertiGooglePhotos, Drive, Sheets, dan Docs sudah tersedia di iPhone dan iPad. Dugaan kehadiran aplikasiGoogledi macOS muncul beberapa bulan setelahGooglemeluncurkan aplikasiGooglekhusus Windows. Aplikasi tersebut awalnya diperkenalkan melalui eksperimen Search Labs pada 2025 dan kemudian tersedia secara lebih luas pada April 2026. Di Windows, aplikasi Google dirancang sebagai pintasan pencarian langsung dari desktop. Krisis RAM, Google Wajibkan Pengembang Program Pangkas Penggunaan Memori Aplikasi di Ponsel Pengguna dapat membukanya menggunakan kombinasi tombolAlt + Space, kemudian melakukan pencarian web maupun mengakses AI Mode tanpa harus terlebih dahulu membuka browser. Aplikasi tersebut juga membawa sejumlah kemampuan lain, termasuk pencarian berdasarkan tampilan layar serta akses terhadap file lokal. Kehadiran versi Windows ini membuat kemungkinanGooglemembawa pengalaman serupa ke Mac menjadi lebih masuk akal. Meski begitu, pengguna Mac sebaiknya tidak terlalu berharap dulu. ReferensiMAC_GOOGLE_APPyang ditemukan dalam kode belum menunjukkan bahwa aplikasi tersebut sudah benar-benar berfungsi atau siap dirilis."
https://www.tribunnews.com/techno/7882876/ios-27-resmi-dirilis-ini-deretan-fitur-baru-yang-bisa-kamu-coba-di-iphone,www.tribunnews.com,teknologi,"iOS 27 Resmi Dirilis, Ini Deretan Fitur Baru yang Bisa Kamu Coba di iPhone",2026-09-15 16:46,"TRIBUNNEWS.COM -Apple resmi merilisiOS 27sebagai pembaruan sistem operasi terbaru untukiPhone. Tak hanya membawa peningkatan berbasisApple Intelligence,pembaruan ini juga menghadirkan sejumlah fitur baru yang membuat berbagai aktivitas diiPhonemenjadi lebih praktis. Mulai dari Siri yang semakin pintar, fitur baru di aplikasi Foto dan Pesan, hingga pengaturan Layar Kunci yang lebih fleksibel, ada banyak hal yang bisa kamu coba setelah memasangiOS 27. Berikut sejumlah fitur menarik yang hadir diiOS 27, dirangkum dari Mac Rumors danThe New York Times. Siri kini semakin memahami konteks dari apa yang sedang kamu lihat diiPhone. Kamu bisa memilih teks atau menekan lama gambar di aplikasi, kemudian meminta Siri menjelaskan atau merangkum informasi tersebut. Fitur ini juga bisa digunakan untuk menerjemahkan menu, mencari tahu lokasi pengambilan foto, hingga menjelaskan informasi dalam grafik. Menariknya, kemampuan tersebut juga dapat digunakan di aplikasi pihak ketiga. iOS 27 membawa mode Siri baru di aplikasi Kamera yang memanfaatkan Visual Intelligence. KameraiPhonedapat mengenali berbagai objek seperti tumbuhan, hewan, makanan, dan benda lain yang berada di dalam bingkai. Kamu juga bisa menggunakannya untuk menerjemahkan teks, mengenali informasi dari brosur acara, hingga membantu memasukkan tanggal acara ke Kalender. iOS 27 Rilis 14 September 2026, Berikut Cara Mudah Lakukan Update di iPhone MembuatShortcutkini tidak lagi harus dilakukan dengan menyusun berbagai tindakan secara manual. Kamu cukup menjelaskan kepadaiPhoneapa yang ingin dilakukan, kemudian Apple Intelligence akan menyusun pintasan yang sesuai. Misalnya, kamu bisa memintaiPhonemembuat rutinitas pagi yang menampilkan jadwal rapat, cuaca, dan pengingat. Pintasan tersebut juga dapat dibuat untuk menjalankan beberapa tindakan sekaligus."
https://www.tribunnews.com/techno/7882801/menekraf-bidik-aplikasi-lokal-kuasai-pasar-global-investasi-tembus-rp54-triliun,www.tribunnews.com,teknologi,"Menekraf Bidik Aplikasi Lokal Kuasai Pasar Global, Investasi Tembus Rp54 Triliun",2026-09-15 15:09,"TRIBUNNEWS.COM, TANGERANG—Kementerian Ekonomi Kreatifmemproyeksikan industri aplikasi nasional mampu menembus pasar internasional seiring dengan pesatnya pertumbuhan investasi di sektor digital. Subsektor aplikasi mencatatkan realisasi investasi sebesar Rp54,18 triliun sepanjang 2025, menjadikannya penyumbang terbesar dari total investasi ekonomi kreatif nasional yang mencapai Rp183,01 triliun dengan nilai ekspor USD31,94 miliar. Capaian tersebut ditegaskan Menteri Ekonomi Kreatif Teuku Riefky Harsya saat membuka ajang Indonesia Application Summit (IN-Apps) 2026 di ICE BSD, Tangerang, Banten. Rangkaian acara yang menjadi bagian dari World Conference on Creative Economy (WCCE) 2026 ini dirancang sebagai ruang kolaborasi untuk memperkuat ekosistem aplikasi sekaligus mendorong pertumbuhan ekonomi kreatif digital Indonesia. Dalam sambutannya, Teuku Riefky menyampaikan bahwa tolok ukur keberhasilan industri digital nasional terletak pada sejauh mana produk lokal mampu bersaing di tingkat global. Menurutnya, pertumbuhan sebuah aplikasi tidak hanya berdampak pada performa perusahaan, tetapi juga membuka lapangan kerja baru, menarik investasi, dan meningkatkan daya saing bangsa. Sebagai langkah konkret memperkuat ekosistem digital,Kementerian Ekonomi Kreatifbersama Sinar Mas Land menandatangani Kesepahaman Bersama (MoU) terkait dukungan pengembangan ekonomi kreatif di Kawasan Ekonomi Khusus (KEK) Edukasi, Teknologi, dan Kesehatan Internasional Banten. Kemitraan ini diharapkan dapat menjembatani talenta lokal dengan fasilitas bertaraf internasional. Pesta Rakyat Malam Merdeka HUT ke-81 RI Gratis, Ekraf: Anggaran Efisien dan Diawasi LKPP Ajang IN-Apps 2026 juga menjadi momentum apresiasi bagi para pelaku industri melalui penganugerahan IN-Apps Digital Award 2026 kepada 13 pegiat dan perusahaan aplikasi digital unggulan. Penilaian dilakukan secara ketat berdasarkan enam aspek utama oleh dewan juri profesional. Sejumlah platform ternama berhasil memboyong penghargaan dalam ajang tersebut, di antaranya BCA Mobile untuk kategori Aplikasi Perbankan, Sentuh Tanahku untuk Pelayanan Publik, Shopee untuk E-Commerce, Halodoc untuk Kesehatan Digital, Dicoding untuk Ed-Tech, dan Kompas.com untuk Media Siber. Sementara itu, Gojek dinobatkan sebagai Startup Mapan, Rekosistem sebagai Startup New Rookie, dan GoPay untuk kategori E-Wallet. Penghargaan juga diberikan kepada SatuSehat Mobile untuk Pendukung Program Prioritas Nasional, Peris.ai untuk Keamanan Siber, Apple Inc. sebagai Perusahaan Global Pendukung Ekosistem Nasional, serta OneSmile untuk kategori Private Sector Innovation. Menanggapi penganugerahan ini, Head of Public Policy and Government Relations Gojek, Rangga D. Fadillah, mengapresiasi peran aktif pemerintah. Ia menilai kehadiranKementerian Ekonomi Kreatifmemberikan dorongan positif yang sangat dibutuhkan bagi keberlanjutan dan kemajuan industri digital nasional ke depan."
https://www.tribunnews.com/techno/7882691/kode-redeem-genshin-impact-terbaru-selasa-15-september-2026-klaim-hadiahnya-gratis,www.tribunnews.com,teknologi,"Kode Redeem Genshin Impact Terbaru Selasa, 15 September 2026, Klaim Hadiahnya Gratis",2026-09-15 12:36,"TRIBUNNEWS.COM- Koderedeemjadi incaran para pemainGenshin Impactsetiap harinya. Pada hari ini, Selasa (15/9/2026), terdapat beberapa koderedeembaru yang masih aktif. Tukar koderedeemGenshin Impactsecaraonlinedapat dilakukan digenshin.hoyoverse.com. Koderedeematau ""redeem code""adalah sebuah kode atau kombinasi huruf dan angka unik, yang dapat ditukarkan hadiah, diskon, atau keuntungan lainnya. Klaim koderedeemdan dapatkanprimogems, hero, voucer, bonusdan berbagai hadiah menarik lainnya secara gratis. Hadiah yang telah ditukar darigameGenshin Impact bisa langsung digunakan saat bermaingame. Jika kode redeem Genshin Impact tidak dapat ditukar, artinya kode sudah tidak berlaku lagi. Kode Redeem FC Mobile Selasa 15 September 2026: Klaim 1.000.000 Coins dan 500 Pass Points Kode Redeem Genshin Impact pada Selasa, 15 September 2026, dikutip dariesports.id: Kode Redeem FC Mobile Aktif 14 September 2026, Klaim Reward FC Draft Voucher & 100 Rank Up Points 19 Kode Redeem FF Terbaru 15 September 2026, Buruan Klaim Reward Skin Free Fire Gratis Game atau permainanGenshin Impacttermasuk dalam permainan populer hingga saat ini. Game ini dikembangkan perusahaan asal China, Mihoyo. PermainanGenshin Impacttermasuk dalamgame roleplaying (RPG). Kualitas grafisGenshin Impactsangat tinggi. Game ini tersedia di berbagai platform, mulai dari Android, iOS, PS4, dan PC. Dikutip darihoyoverse.com,game ini dapat dimainkan oleh para pemain di seluruh dunia dengan menyediakan pengalaman dunia virtual yang imersif. Jika Anda berhasil melakukan penukarankode redeemGenshin Impact, hadiahnya juga dapat langsung digunakan untuk bermain di gameini. (Tribunnews.com/Oktavia WW)"
https://www.tribunnews.com/techno/7882564/kode-redeem-fc-mobile-selasa-15-september-2026-klaim-1000000-coins-dan-500-pass-points,www.tribunnews.com,teknologi,Kode Redeem FC Mobile Selasa 15 September 2026: Klaim 1.000.000 Coins dan 500 Pass Points,2026-09-15 08:35,"TRIBUNNEWS.COM -Kode redeemFC Mobilekembali hadir menyapa para pemain hari ini, Selasa (15/9/2026). Sebagai informasi,FC Mobilemerupakan video game virtual yang mengontrol sebuah permainan sepak bola. Sementarakode redeemFC Mobileadalah kode acak yang dapat digunakan untuk meng-klaim beragam hadiah gratis yang disediakan oleh game. Lewatkode redeemFC Mobileterbaru, Selasa, 15 September 2026, pemain bisa mendapatkan hadiah-hadiah spesial dariEA Sports. Selain itu juga ada hadiah berupa gemsh dan rank up. Pemain dengan OVR tinggi di FC Mobile berguna untuk memperkuat squad dengan kedalaman yang maksimal. Bagi para manajer virtual yang ingin membangun tim impian tanpa harus top-up, segera klaimkode redeemFC Mobileterbaru. Kode redeem dapat ditukarkan langsung melalui situs resmi EA di redeem.fcm.ea.com dengan login akunFC Mobilemasing-masing. Berikut kode redeem FC Mobile terbaru hari ini, Selasa, 15 September 2026, dilansir dari berbagai sumber: 19 Kode Redeem FF Terbaru 15 September 2026, Buruan Klaim Reward Skin Free Fire Gratis (Tribunnews.com/Ika Wahyuningsih)"
https://www.tribunnews.com/techno/7882539/19-kode-redeem-ff-terbaru-15-september-2026-buruan-klaim-reward-skin-free-fire-gratis,www.tribunnews.com,teknologi,"19 Kode Redeem FF Terbaru 15 September 2026, Buruan Klaim Reward Skin Free Fire Gratis",2026-09-15 07:49,"TRIBUNNEWS.COM -Memasuki 15 September 2026, informasi mengenaikode redeemFree Fire(FF) terbaru kembali menjadi salah satu hal yang banyak dicari para Survivor. Kesempatan memperoleh berbagai item gratis tentu menarik, khususnya bagi pemain yang ingin memperkaya koleksi akun tanpa perlu mengurangi persediaan diamond. Kode redeem FF bisa menjadi alternatif bagi Survivor untuk mendapatkan reward secara cuma-cuma. Kesempatan ini terbuka bagi pemain baru yang sedang mengumpulkan berbagai item maupun pemain veteran yang sudah lama berjuang mendapatkan Booyah. Selama kode masih aktif dan memenuhi ketentuan yang berlaku, hadiah dapat diklaim melalui proses penukaran. Kode redeem FF 15 September 2026 menawarkan peluang bagi Survivor untuk memperoleh sejumlah reward menarik. Salah satu item yang menjadi perhatian adalah Evolution Stone (Item Mythic). Selain Evolution Stone, terdapat pula kesempatan mendapatkan Incubator Voucher hingga Emote Goyang 19.8. Berbagai hadiah tersebut tentunya bisa menjadi tambahan koleksi yang menarik tanpa harus menggunakan diamond. Reward darikode redeemFF juga dapat berupa skin senjata. Item tersebut dapat membuat tampilan senjata menjadi lebih menarik ketika digunakan dalam permainan. Pada jenis skin tertentu, terdapat pula efek atau statistik pendukung yang dapat memberikan pengalaman berbeda saat bermain. AI Mulai Masuk ke Produksi Film Pendek, 10 Karya Kreator Indonesia Tampil di Layar Lebar Survivor juga berpeluang memperoleh bundle karakter dengan berbagai tampilan. Bundle tersebut bisa dimanfaatkan untuk mengubah penampilan karakter, baik ketika berada di lobby maupun saat memasuki pertandingan. Hal penting yang perlu diperhatikan sebelum melakukan redeem adalah masa berlaku kode.Kode yang sudah kedaluwarsa tidak dapat digunakan kembali sehingga kesempatan memperoleh hadiah bisa terlewat. Survivor juga sebaiknya memasukkan kombinasi huruf dan angka dengan teliti."
https://www.tribunnews.com/techno/7882460/xiaomi-usung-baterai-10000-mah-di-redmi-note-17-pro-max-5g-kuat-nonton-youtube-34-jam-tanpa-cas,www.tribunnews.com,teknologi,"Xiaomi Usung Baterai 10.000 mAh di Redmi Note 17 Pro Max 5G, Kuat Nonton YouTube 34 Jam Tanpa Cas",2026-09-14 21:14,"TRIBUNNEWS.COM, SENTUL- Kebutuhan akan gawai yang mampu menunjang aktivitas maraton konten, vlogging, hingga navigasi tanpa henti akhirnya terjawab. Xiaomi Indonesia mengonfirmasi kehadiran Redmi Note 17 Pro Max 5G—ponsel pertama mereka di Indonesia yang dibekali baterai monster 10.000 mAh namun tetap mempertahankan bodi yang nyaman digenggam. Ketergantungan anak muda dan penglaju harian terhadap powerbank yang berat kerap menjadi beban tersendiri saat bepergian. Melalui liniRedmi Note 17 Series,Xiaomisecara khusus menyasar Gen Z yang membutuhkan perangkat tangguh untuk mengekspresikan diri seharian penuh tanpa terintimidasi indikator baterai merah. ""Baterai 10.000 mAh ini bisa digunakan oleh pengguna dengan penggunaan normal itu bisa hingga tiga harian, sehingga sangat awet dan inilah yang dibutuhkan teman-teman Gen Z,"" ujar Abee Hakim, Head of PRXiaomi Indonesiasaat memamerkan lini terbaru tersebut di Sentul. Pengujian internalXiaomimenunjukkan angka performa daya yang luar biasa untuk Redmi Note 17 Pro Max 5G: Jika perangkat lain kehabisan daya,Redmi Note 17 Seriesjuga dapat bertindak sebagai powerbank berjalan berkat fitur Reverse Charging hingga 27W untuk mengisi daya ponsel teman maupun aksesori audio. Meski menggendong baterai raksasa, kejutan langsung terasa saat memegang Redmi Note 17 Pro Max 5G secara langsung. Bodi belakangnya tidak terasa tebal secara berlebihan. Modul kameranya tampil modern dengan bentuk sudut melengkung dan dua lingkaran lensa tegas yang tersusun vertikal. Sisi estetika semakin menonjol pada pilihan warna Cloud Blush. Menggunakan material penutup belakang fiberglass khusus, bodi ponsel ini mampu menghadirkan efek gradasi warna layaknya bunglon saat terkena paparan sinar matahari langsung, berpindah dari nuansa lembut menjadi warna peach orange yang hangat. Menurut Xiaomi, desain ini terinspirasi langsung dari warna sunset yang romantis untuk melengkapi gaya berbusana penggunanya. Xiaomi Pad 9 Pro Max Bakal Punya Layar 3,4K, Bisa Jadi Monitor PC Bagi para pembuat konten,Redmi Note 17 Seriesmenyediakan fleksibilitas perekaman tingkat lanjut. Kehadiran fitur Underwater Mode pada varian Pro dan Pro Max memanfaatkan ketahanan air tingkat tinggi untuk pengambilan foto serta video di dalam kolam renang tanpa memerlukan casing tambahan. Seluruh varian juga dibekali fitur Dual Video, memungkinkan pengambil konten merekam momen melalui kamera depan dan belakang secara bersamaan—fitur ideal untuk vlogging reaksi atau wawancara kasual. Proses penyuntingan akhir pun semakin ringkas berkat integrasi AI Creativity Assistant, seperti AI Glare Remover untuk menghapus pantulan kaca dan AI Erase Pro untuk menghilangkan objek yang mengganggu foto dalam sekali ketuk. Detail harga resmi serta konfigurasi memori untuk pasar Indonesia siap diumumkan secara lengkap pada peluncuran resminya, 16 September 2026."
https://www.tribunnews.com/techno/7882448/xiaomi-umumkan-redmi-note-17-series-di-indonesia-usung-ketahanan-fisik-ekstrem-dan-garansi-3-tahun,www.tribunnews.com,teknologi,"Xiaomi Umumkan Redmi Note 17 Series di Indonesia, Usung Ketahanan Fisik Ekstrem dan Garansi 3 Tahun",2026-09-14 20:51,"TRIBUNNEWS.COM, SENTUL-XiaomiIndonesia siap menetapkan standar baru durabilitas ponsel pintar di tanah air melalui peluncuranRedmi Note 17 Series. Mengusung filosofi REDMI Titan Quality, lini ini dirancang untuk menjawab keluhan pengguna akan gawai yang mudah rusak dan mengalami penurunan performa baterai dalam waktu singkat. Di tengah tren berganti ponsel yang semakin cepat,Xiaomijustru mengambil langkah berani dengan merilis lini perangkat yang dirancang untuk bertahan lama. Dalam sesihands-onyang digelar di Sentul, Bogor,Xiaomimenegaskan bahwaRedmi Note 17 Serieshadir tidak hanya untuk memajang spesifikasi teknis di atas kertas, melainkan memberi kepastian daya tahan fisik hingga bertahun-tahun mendatang. Filosfi rancangan REDMI Titan Structure menjadi pondasi utama pada varian tertingginya, yakni Redmi Note 17 Pro 5G dan Redmi Note 17 Pro Max 5G. Kedua model ini mengantongi sertifikasi ketahanan cuaca dan air ekstrem hingga IP69K. Tak tanggung-tanggung, perangkat ini telah divalidasi mampu bertahan saat terendam air hingga kedalaman dua meter selama 72 jam, serta tahan terhadap benturan fisik berat berkat proteksi kaca Corning Gorilla Glass Victus 2. Untuk varian standar dan 5G dasar, Xiaomi tetap menyematkan sertifikasi IP65 dan Gorilla Glass 7i untuk perlindungan terhadap debu dan percikan air harian. Xiaomi 18 Fold Debut dengan XRING O3, Chipset Flagship Buatan Xiaomi Masalah klasik yang sering dikeluhkan pengguna—kesehatan baterai (battery health) yang merosot tajam setelah satu atau dua tahun—dijawab lewat REDMI Titan Battery System. Baterai pada seri ini mengadopsi sistem pengelolaan cerdas berlisensi TÜV SÜD. Xiaomi mengklaim bahwa sel daya padaRedmi Note 17 Seriesmampu mempertahankan kapasitas efektifnya di atas 80 persen bahkan setelah melalui 1.600 kali siklus pengisian daya secara penuh. Angka tersebut setara dengan penggunaan normal selama kurang lebih enam tahun. Pengisian dayanya pun didukung teknologiHyperChargehingga 100W pada varian Pro Max (serta 67W pada varian Pro dan 45W pada varian standar) yang dipadukan dengan chipset pengelolaan daya Surge P3 untuk menjaga suhu perangkat tetap stabil saat diisi kilat. PendekatanBuilt for Yearsini disempurnakan dengan jaminan purnajual yang belum pernah ada sebelumnya di kelasnya. Xiaomi memberikan jaring pengaman ekstra bagi calon pemilikRedmi Note 17 Seriesuntuk menepis keraguan masalah kerusakan fisik: Seluruh jajaranRedmi Note 17 Series—yang mencakup versi standar, 5G, Pro 5G, hingga Pro Max 5G—dijadwalkan meluncur secara resmi di Indonesia pada 16 September 2026."
https://www.tribunnews.com/sport/7883595/ribuan-atlet-adu-strategi-di-turnamen-domino-samarinda-olahraga-asah-otak-makin-bergeliat,www.tribunnews.com,olahraga,"Ribuan Atlet Adu Strategi di Turnamen Domino Samarinda, Olahraga Asah Otak Makin Bergeliat",2026-09-16 21:58,"Ribuan Atlet Adu Strategi diTurnamenDomino Samarinda, Olahraga Asah Otak Makin Bergeliat  TRIBUNNEWS.COM -Domino mulai didorong untuk tidak lagi sekadar dipandang sebagai permainan pengisi waktu luang. Melalui kompetisi yang digelar di berbagai daerah, olahraga ini dikembangkan sebagai aktivitas yang memiliki aturan, pembinaan, serta jalur kompetisi bagi pemain yang ingin mengasah kemampuan. Salah satu ajang yang menjadi bagian dari upaya tersebut adalah HGI Samarinda Domino Tournament 2026 yang berlangsung pada 12–13 September kemarin. Turnamen tersebut diikuti ribuan atlet dan menjadi ruang bagi para pemain untuk menguji kemampuan melawan peserta dari berbagai daerah. Perwakilan Higgs Games Island (HGI), Ray Fan, mengatakan kompetisi dibutuhkan untuk memberikan ruang bagi pemaindominoyang ingin membawa kemampuan mereka ke tingkat yang lebih serius. “Kami ingin buka lebih banyak kesempatan bagi para pemaindominountuk membawa kemampuan yang mereka miliki ke jenjang kompetisi yang lebih serius,” ujar Ray, dikutip Rabu (16/9/2026). Menurut dia, penyelenggaraan turnamen bersama Pengurus Besar Perkumpulan Olahraga Domino Indonesia (PB PORDI) dilakukan di sejumlah kota untuk memperluas kesempatan kompetisi bagi pemain. Ketua Umum PB PORDI Andi Jamaro Dulung mengatakan kompetisi menjadi salah satu cara untuk mengubah pandangan negatif yang masih melekat pada permainandomino. Menurutnya,dominomemiliki unsur keterampilan yang menuntut pemain berkonsentrasi, membaca situasi, menyusun strategi, serta mengambil keputusan dalam waktu relatif cepat. “Stigma itu yang ingin kami ubah. Kami ingin menunjukkan bahwadominojuga bisa menjadi olahraga yang dimainkan dengan serius. Ada aturan, ada kompetisinya, ada pembinaannya, dan ada atlet yang berlatih untuk berprestasi,” kata Andi. Ia menilai pertandingan dengan peserta dari berbagai daerah dapat menciptakan suasana kompetitif sekaligus mendorong pemain untuk meningkatkan kemampuan secara berkelanjutan. “Ketika seseorang datang untuk bertanding, berlatih dengan serius, bertemu pemain dari daerah lain, lalu berusaha menjadi yang terbaik, di situlah kita melihatdominosebagai olahraga asah otak,” ujarnya. Kompetisi seperti di Samarinda menjadi bagian dari rangkaian kegiatan PB PORDI untuk memperluas ekosistem olahragadomino. Selain pertandingan, pengembangan olahraga juga membutuhkan pembinaan pemain dan penyelenggaraan kompetisi dengan aturan yang jelas."
https://www.tribunnews.com/sport/7883576/tiga-debutan-tunggal-putra-indonesia-siap-unjuk-gigi-di-asian-games-aichi-nagoya-2026,www.tribunnews.com,olahraga,Tiga Debutan Tunggal Putra Indonesia Siap Unjuk Gigi di Asian Games Aichi-Nagoya 2026,2026-09-16 21:04,"Tiga Debutan Tunggal Putra Indonesia Siap Unjuk Gigi di Asian Games Aichi-Nagoya 2026 Laporan Wartawan Tribunnews.com, Abdul Majid TRIBUNNEWS.COM, JAKARTA- Tiga dari empat tunggal putra Indonesia yang dipersiapkan untuk Asian Games Aichi-Nagoya 2026 akan merasakan atmosfer Pesta Olahraga Asia untuk pertama kalinya. Mereka adalahAlwi Farhan, Moh Zaki Ubaidillah, dan Muhammad Yusuf. Ketiganya membawa misi berbeda, tetapi memiliki tekad yang sama untuk memaksimalkan kesempatan dan memberikan kemampuan terbaik bagi Indonesia. Bagi Alwi dan Zaki Ubaidillah, Asian Games memang menjadi pengalaman pertama. Namun, keduanya tidak sepenuhnya asing dengan ketatnya persaingan di ajang multievent. Mereka sebelumnya telah memperkuat Indonesia di SEA Games, Piala Sudirman, hingga Piala Thomas. Pengalaman tersebut menjadi modal penting sebelum menghadapi persaingan di level Asian Games. “Pastinya kami bersyukur dan senang juga bisa mewakili Indonesia di Asian Games. Kami ingin memaksimalkan kesempatan yang ada,” ucap Alwi. “Ini Asian Games pertama dan dengan hasil kemarin di SEA Games untuk saya danUbedcukup meyakinkan, jadi ada modal bagus untuk ke multievent yang levelnya lebih tinggi,” sambungnya. Hal senada disampaikan Zaki Ubaidillah. Pebulutangkis yang akrab disapaUbeditu memastikan persiapan individu maupun bersama tim berjalan sesuai rencana. “Persiapan individunya sejauh ini alhamdulillah cukup lancar. Persiapan bersama tim pun juga berjalan dengan baik. Kami siap untuk bertanding di minggu depan,” ujarUbed. Situasi berbeda dirasakan Muhamad Yusuf. Asian Games menjadi salah satu panggung besar pertama yang akan dijalani pemain muda tersebut."
https://www.tribunnews.com/e-sport/7883551/favian-belum-tentu-jadi-solusi-rrq-hoshi-ganti-jungler-dinilai-tak-banyak-ubah-performa,www.tribunnews.com,olahraga,"Favian Belum Tentu Jadi Solusi RRQ Hoshi, Ganti Jungler Dinilai Tak Banyak Ubah Performa",2026-09-16 20:09,"TRIBUNNEWS.COM -PerformaRRQ HoshidiMPL IndonesiaSeason 18 masih jauh dari harapan hingga membuat posisi mereka di zona playoff semakin terancam. Raja dari Segala Raja saat ini menempati posisi ke-8 dari sembilan tim dengan koleksi dua kemenangan dan enam kekalahan. Dengan kompetisi yang masih menyisakan empat pekan,RRQ Hoshidituntut segera bangkit agar tidak semakin tertinggal dalam persaingan menuju playoff. Manajemen RRQ kemudian melakukan perubahan dengan mendatangkan jungler baru,Favian, yang pernah menjuarai MPL ID S14 bersama Team Liquid ID. Namun, analis sekaligus pengamatMobile Legends, Timothy Krismawan, menilai kehadiranFavianbelum tentu langsung mengubah performaRRQ Hoshisecara signifikan. Menurut Timothy, persoalan utama RRQ bukan hanya terletak pada komposisi pemain, tetapi pada koneksi antara roamer dan midlaner. Perbandingan Demonkite danFavian KedatanganFavianjuga berpotensi membuat Demonkite lebih sering berada di bangku cadangan. Timothy menilai Demonkite sebenarnya memiliki kekuatan ketikaRRQ Hoshimampu bermain secara objektif dan mengandalkan koordinasi tim. ""Kalau Demonkite ini, sudah banyak yang spoiler juga dan memang kalau diikuti secara historikal datanya, playernya memang player yang kuat kalau memang timnya juga bermain secara tim yang objektif,"" ujar Timothy. 7 Penggawa Sakit, Dewa United Klarifikasi Soal Ditundanya Laga MPL ID S18 Namun, Timothy melihat masih ada kekurangan dari sisi kemampuan mekanik individual Demonkite. ""Kalau memang bermain secara mekanikal, player Demonkite ini menurutku biasa saja dan masih banyak pesaingnya,"" lanjutnya. Menurut Timothy, kemampuan mekanik menjadi salah satu faktor penting dalam persainganMobile Legendsdi level kompetitif Indonesia. Karena itu, kehadiranFaviandapat memberikan tambahan kekuatan bagiRRQ Hoshi, terutama dari sisi tersebut. ""Favian ini memang kita kenal lebih ke arah mechanical things ketimbang Demonkite,"" kata Timothy."
https://www.tribunnews.com/sport/7883535/hasil-voli-asian-games-2026-jepang-korea-selatan-dan-thailand-menang-vietnam-paling-superior,www.tribunnews.com,olahraga,"Hasil Voli Asian Games 2026: Jepang, Korea Selatan dan Thailand Menang, Vietnam Paling Superior",2026-09-16 19:35,"TRIBUNNEWS.COM- HasilvoliputriAsian Games 2026, Rabu (16/9/2026), diwarnai dengan kemenangan yang diraihJepang,Korea Selatan,VietnamdanThailand. Sementara itu, Filipina harus mengawali perjuangannya diAsian Games 2026dengan kekalahan setelah dihantam China. Jepang menjadi salah satu tim yang tampil meyakinkan pada laga pembuka. Bermain di hadapan publik sendiri,Jepangmenang telak 3-0 atas Nepal di Komaki, Aichi. Jepang langsung menguasai pertandingan sejak set pertama. Setelah sempat tertinggal,Jepangberbalik unggul 9-2 dan terus memperlebar jarak hingga akhirnya menang 25-8. DominasiJepangberlanjut pada set kedua. Serangan yang dipimpin Sato Yoshino, Wada Yukiko, dan Akimoto Miku membuatJepangkembali menang 25-12. Pada set ketiga,Jepangsemakin jauh meninggalkan Nepal. Mereka sempat unggul 17-4 sebelum menutup pertandingan dengan kemenangan 25-11. Jepang pun menang 3-0 di laga pembuka dengan skor 25-8, 25-12, 25-11. Asian Games 2026 menjadi ajang penting bagiJepangyang membidik medali emas. Mereka mengincar emas pertama di Asian Games sejak 1978. Hasil positif juga diraihKorea Selatanyang membuka perjalanan diAsian Games 2026dengan kemenangan. Korea Selatan menjadi salah satu tim yang mampu mengawali fase grup dengan hasil sempurna, sekaligus menjaga persaingan di papan atas grupnya. Mereka mengalahkan Hong Kong dengan skor 3-0. Sempat kekat di set pertama dengan berakhir 25-23,Korea Selatandominan di dua set berikutnya dan menang 25-12, 25-12. Kemenangan tersebut membuatKorea Selatanberada dalam posisi positif untuk menghadapi pertandingan berikutnya di fase grup. SelanjutnyaKorea Selatanakan menantang Qatar yang di laga pertama dihajarVietnamdengan skor telak. Vietnam juga tampil dominan saat menghadapi Qatar pada laga perdana. Mereka menang 3-0 dengan skor 25-3, 25-8, dan 25-14. Pada set pertama,Vietnamlangsung menekan Qatar melalui servis dan serangan.Vietnamunggul 8-2, kemudian melaju hingga 18-2 sebelum menutup set dengan skor telak 25-3."
https://www.tribunnews.com/sport/7883507/juara-umum-popprov-dki-2026-atlet-pelajar-jakarta-barat-dapat-apresiasi-dan-bonus,www.tribunnews.com,olahraga,"Juara Umum Popprov DKI 2026, Atlet Pelajar Jakarta Barat Dapat Apresiasi dan Bonus",2026-09-16 18:28,"Juara Umum Popprov DKI 2026, Atlet Pelajar Jakarta Barat Dapat Apresiasi dan Bonus Abdul Majid/Tribunnews.com TRIBUNNEWS.COM, JAKARTA- KontingenatletpelajarJakarta Barat (Jakbar) mengukir sejarah dengan menjadi juara umum Pekan Olahraga Pelajar Provinsi (Popprov) DKI Jakarta 2026. Atas pencapaian tersebut, Anggota DPRD DKI Jakarta dari Fraksi PDI Perjuangan, Hardiyanto Kenneth, memberikan apresiasi berupa bonus kepada paraatletpelajarJakarta Barat yang berhasil meraih medali emas. Penyerahan bonus berlangsung di Kantor Walikota Administrasi Jakarta Barat dan disaksikan Wali Kota Jakarta Barat Iin Mutmainnah, Selasa (15/9/2026). Popprov DKI Jakarta 2026 berlangsung pada 31 Agustus hingga 5 September 2026 di Hall A Gelanggang Mahasiswa Soemantri Brodjonegoro, Jakarta Selatan. Jakarta Barat keluar sebagai juara umum untuk pertama kalinya dengan mengoleksi tujuh medali emas, dua perak, dan tujuh perunggu. Perolehan tersebut mengungguli Jakarta Timur yang meraih lima emas. Tujuh medali emas Jakarta Barat berasal dari sejumlah cabang olahraga. Rinciannya, bola basket beregu putri U-15, bulu tangkis beregu putra U-15 dan U-18, sepak bola beregu putra U-15 dan U-18, serta sepak takraw beregu putra dan putri U-18. Sebagai bentuk penghargaan, Kenneth memberikan bonus dengan nominal yang disesuaikan berdasarkan jumlahatletpelajardalam masing-masing cabang olahraga. Tim sepak bola mendapatkan bonus terbesar sebesar Rp 18 juta. Selanjutnya, bola basket memperoleh Rp 14  juta, sepak takraw Rp 6 juta, dan bulu tangkis Rp 5 juta. ""Kenapa saya sangat mengapresiasi olahraga dan kepemudaan? Karena kebetulan saya suka olahraga. Saya masih main basket dan menjabat sebagai ketua umum catur DKI Jakarta (Percasi). Sayang sekali tim basket putranya gagal mendapatkan emas, cuma putri,"" ujar Kenneth. Pria yang akrab disapa Bang Kent tersebut berharap bonus yang diberikan dapat menjadi tambahan motivasi bagi paraatletpelajaruntuk meningkatkan prestasi. ""Ini adalah sebuah awal. Yang paling berat itu adalah mempertahankan, harus diingat itu. Dan harapan saya tim basket putra tahun depan bisa mendapatkan medali emas,"" ucapnya. Kenneth memastikan dukungan terhadapatletpelajarakan terus diberikan apabila dirinya kembali memiliki kesempatan. Bahkan, ia membuka peluang menambah bonus jika Jakarta Barat mampu kembali menjadi juara umum. ""Tradisi ini akan terus saya pertahankan dan konsisten akan terus saya berikan kalau ada kesempatan. Kalau memang bisa diulangi kembali menjadi juara umum akan saya tambahkan lagi bonusnya tahun depan,"" lanjutnya."
https://www.tribunnews.com/sport/7883442/kekalahan-menyakitkan-janice-tjen-di-16-besar-guadalajara-open,www.tribunnews.com,olahraga,Kekalahan Menyakitkan Janice Tjen di 16 Besar Guadalajara Open,2026-09-16 16:55,"TRIBUNNEWS.COM -Petenis putri asal Indonesia,Janice Tjen, harus mengakhiri perjalanannya di ajangGuadalajaraOpen pada Rabu (16/9/2026) pagi. Tjen tumbang secara dramatis saat berhadapan dengan petenis asal Amerika Serikat, Sloane Stephens. Ia kandas dua set langsugn dengan skor 7-6 tie break 4 dan 7-6 tie break 3 atas lawannya tersebut. Sebenarnya Tjen punya peluang besar memperpanjang pertandingan hingga set ketiga. Hal itu lantaran pada set kedua ia sempat unggul jauh dengan skor gim 5-2 atas Stephens. Pun demikian saat memasuki set gim kedelapan, Tjen bisa unggul telak dengan skor 40-15. Namun dari itu Stephens bangkit dan langsung mengejar ketertinggalan. Ia bisa merebut gim itu dengan kemenangan dan melanjutkan momentum. Pada akhirnya Stephens menyeret pertandingan hingga memasuki tie break dan mengamankan kemenangan. Kekalahan ini membuatJanice Tjenharus menunggu lebih lama untuk bisa tampil di babak perempat final sebuah turnamen tenis bergengsi. Kali terakhir ia bisa tampil di 8 besar terjadi saat dirinya berkompetisi di Chennai Open pada Oktober 2025 lalu. Sementara itu, ranking terbaru dari WTA tak berimbas cukup baik bagi petenis putri Indonesia,Janice Tjen. Tjen sebelumnya sudah terlempar dari 50 besar ranking tenis dunia. Tak tanggung-tanggung, ia mengalami kemerosotan 15 peringkat di ranking terbarunya usai US Open akhir pekan kemarin. Dan kini setelah gagal di turnamen terbaru, peringkat 51 dunia dengan 1.090 poin yang saat ini dimiliki, diprediksi bakal kembali turun."
https://www.tribunnews.com/sport/7883404/menuju-prestasi-internasional-koni-pusat-pacu-pembinaan-kickboxing-di-daerah,www.tribunnews.com,olahraga,"Menuju Prestasi Internasional, KONI Pusat Pacu Pembinaan Kickboxing di Daerah",2026-09-16 15:59,"TRIBUNNEWS.COM -Komite Olahraga Nasional Indonesia (KONI) Pusat mendorong penguatan pembinaankickboxingmelalui kesinambungan jalur atlet amatir dan profesional untuk mendukung prestasi Indonesia di ajang internasional. Sekretaris JenderalKONIPusat TB Ade Lukman mengatakan, cabangolahragabela diri selama ini menjadi salah satu kontributor medali bagi Indonesia dalam sejumlah multi-event, termasukSEA Games. “KONI Pusat berharapkickboxingsebagai salah satu cabangolahragabela diri di Indonesia yang sangat populer, pada saat multi-event sepertiSEA Games, cabangolahragabela diri merupakan kontributor medali emas terbanyak,"" ungkap TB Ade Lukman. Pernyataan tersebut disampaikan TB Ade Lukman saat pelantikan Pengurus Pusat Kickboxing Indonesia (PP KBI) periode 2026–2030 di GedungKONIPusat, Senayan, Jakarta, Rabu (16/9/2026). Menurut Ade,kickboxingmenjadi salah satu dari 18 cabangolahragabela diri yang berada di bawah naunganKONIPusat. Ia berharap KBI dapat berkontribusi terhadap perolehan medali Indonesia dalam kompetisi internasional. ""Dari 18 cabang olahraga bela diri yang ada, kami yakin di bawah kepemimpinan Ketua Umum Pak Ngatino beserta jajaran juga akan menjadi bagian daripada kontributor medali-medali emas di event-event internasional,” ujarnya. Laga Pemanasan Floyd Mayweather sebelum Duel Lawan Manny Pacquiao, Money Tantang Legenda Kickboxing Sementara itu, Ketua UmumKONIPusat Marciano Norman meminta pengurus baru melakukan evaluasi terhadap kinerja kepengurusan sebelumnya sebagai dasar penyusunan program pembinaan berikutnya. ""Saya berharap bahwa Pak Ngatino dengan jajaran pengurus yang baru saja dilantik dan dikukuhkan, pertama melakukan evaluasi atas kinerja pengurus masa bakti sebelumnya untuk dijadikan modal di dalam melakukan pembinaan prestasi para atlet-atletnya di masa bakti yang akan datang ini,"" ujar Marciano. Marciano juga menyoroti skema transisi atlet dari kategori amatir menuju profesional yang disiapkan KBI. Ia menilai perpindahan tersebut perlu dilakukan melalui tahapan pembinaan dan pengalaman kompetisi yang memadai. ""Tadi dilaporkan bahwakickboxingini juga ada pembinaan amatir dan profesionalnya. Saya harapkan jenjang itu bisa dilalui dengan baik. Persiapkan atlet-atlet yang masuk ke profesional itu adalah juara-juara di amatir. Sehingga mereka yang sudah jam terbangnya tinggi di kompetisi amatir bisa masuk ke profesional, karena di sana lawannya juga lebih tangguh dan dari sisi kesiapan atlet juga harus jauh lebih baik. Tapi dengan pembinaan yang baik, saya yakin Indonesia ke depan juga akan melahirkan atlet-atletkickboxingyang bisa kita banggakan,"" jelas Marciano. Marciano turut menyebut kontribusi kickboxing dalam perolehan medali Indonesia di SEA Games serta hasil yang dicapai pada kejuaraan di Tashkent sebagai bagian dari catatan prestasi cabang olahraga tersebut. Polemik Kickboxing, NOC Indonesia Pastikan Semua Langkah Sesuai Aturan: Tidak Ada Intimidasi Sementara itu, Ketua Umum PP KBI Ngatino kembali memimpin organisasi tersebut untuk periode ketiga. Dalam sambutannya, ia menyebut evaluasi dan pembenahan organisasi menjadi bagian dari agenda kepengurusan baru. ""Kepercayaan yang diberikan kepada saya untuk kembali memimpin Kickboxing Indonesia untuk periode ketiga merupakan sebuah kehormatan sekaligus amanah yang sangat besar. Apa yang telah kita lalui selama ini harus menjadi bahan evaluasi untuk melakukan perbaikan dan pembenahan ke depan. Kita harus membangun KBI yang semakin solid, profesional, transparan, modern dan mampu menjawab tantangan perkembanganolahraganasional maupun internasional,"" ujar Ngatino dalam sambutannya. Untuk agenda jangka pendek, PP KBI akan menggelar rapat pleno setelah pelantikan untuk membahas sejumlah program organisasi. Salah satunya adalah Kejuaraan Nasional (Kejurnas) yang direncanakan berlangsung pada awal November sebagai pengganti PON Bela Diri di Solo yang ditunda."
https://www.tribunnews.com/sport/7883305/hasil-klasemen-voli-asian-games-2026-3-poin-vietnam-diwarnai-panen-skor-afrika-filipina-ko,www.tribunnews.com,olahraga,"Hasil Klasemen Voli Asian Games 2026 - 3 Poin Vietnam Diwarnai Panen Skor Afrika, Filipina KO",2026-09-16 14:04,"TRIBUNNEWS.COM- Update hasil dan klasemenvoliputri indoor padaAsian Games 2026.Vietnampanen skor Afrika. Per Rabu (16/9/2026) siang WIB, dua dari enam pertandingan yang dijadwalkan telah rampung berlangsung. Dua wakil Asia Tenggara (ASEAN) menorehkan hasil berbeda pada laga pertama mereka. Vietnam, misalnya. Tran Thi Thanh Thuy dan kolega sukses meraih kemenangan meyakinkan atas Qatar. Siapa sangka, timnasvoliputriVietnammampu menggasak Qatar tiga set langsung. Hebatnya, ketiga set tersebut berakhir dengan skor Afrika. Dalam olahraga, istilah skor Afrika merujuk pada kemenangan dengan selisih angka yang sangat jauh. Kondisi tersebut tersaji dalam kemenangan telakVietnamatas Qatar. Vietnam langsung menunjukkan dominasinya dengan menggulung Qatar 25-3 pada set pertama. Alih-alih bangkit, Qatar justru dibuat tak berkutik setelahVietnamkembali menggasaknya 25-8 pada set kedua. Pada set penentuan, Qatar bahkan tidak diberi kesempatan mencapai dua digit angka.Vietnamakhirnya menutup pertandingan dengan kemenangan 25-9. Hasil tersebut membuatVietnamuntuk sementara memuncaki klasemen Pool D dengan koleksi tiga poin. Sementara itu, Qatar yang memiliki rasio set 0,257 duduk di posisi keempat alias juru kunci tanpa mengoleksi poin. Adapun Korea Selatan dan Hong Kong yang baru akan berlaga pada pukul 14.00 WIB menempati posisi kedua dan ketiga. Bergeser ke Pool B, China juga tidak menemui kesulitan berarti untuk menggulung Filipina. Jadwal Voli Putri Asian Games 2026: Mulai 16 September, Jepang vs Nepal, Indonesia Menonton Dulu Bertanding di Okazaki Chuo Sogo Park Gymnasium,Chinayang turun dengan kekuatan yang tidak sepenuhnya lengkap membuka set pertama dengan kemenangan 25-18. Filipina memberikan perlawanan alot pada set kedua, tetapiChinatetap mampu mengamankan kemenangan 25-22."
https://www.tribunnews.com/e-sport/7883291/sosok-ketum-pb-esi-jenderal-muhammad-herindra-prajurit-elite-kopassus-kini-pimpin-esports-indonesia,www.tribunnews.com,olahraga,"Sosok Ketum PB ESI Jenderal Muhammad Herindra, Prajurit Elite Kopassus Kini Pimpin Esports Indonesia",2026-09-16 13:41,"TRIBUNNEWS.COM-Pengurus Besar Esports Indonesia (PB ESI)kini dipimpin sosok dengan latar belakang panjang di dunia militer dan pemerintahan. Jenderal TNI (Purn.)Muhammad Herindraresmi dikukuhkan sebagai Ketua UmumPB ESImasa bakti 2026-2030 di Jakarta, Selasa (15/9/2026). Pengukuhan tersebut dihadiri Ketua Umum KONI Pusat Letjen TNI (Purn.) Marciano Norman dan Wakil Menteri Pemuda dan Olahraga (Wamenpora) Taufik Hidayat. Herindra bukan sosok baru dalam jajaran strategis pemerintahan Indonesia. Pria kelahiran Magelang, Jawa Tengah, 30 November 1964, itu merupakan lulusan Akademi Militer (Akmil) 1987 dan tercatat sebagai penerima Adhi Makayasa, penghargaan bagi lulusan terbaik Akmil. Karier militernya kemudian banyak dibangun di lingkungan Komando Pasukan Khusus (Kopassus). Ia pernah dipercaya menjadi Wakil Komandan JenderalKopassus, kemudian menjabat Komandan JenderalKopassuspada 2015-2016. Setelah dariKopassus, Herindra dipercaya memimpin Kodam III/Siliwangi pada 2016-2017. Kariernya berlanjut ke sejumlah posisi strategis di Mabes TNI. Ia pernah menjabat Inspektur Jenderal TNI hingga Kepala Staf Umum TNI pada 2020. Lintasan karier Herindra kemudian bergeser dari struktur militer ke pemerintahan. Esports Indonesia Makin Berkembang, Kompetisi Daerah Jadi Bagian Ekosistem Pada akhir 2020, Herindra dilantik sebagai Wakil Menteri Pertahanan mendampingi Prabowo Subianto. Jabatan tersebut diembannya hingga 2024. Pada 21 Oktober 2024, Herindra dilantik sebagai Kepala Badan Intelijen Negara (BIN). Jabatan tersebut menempatkannya sebagai pimpinan lembaga pemerintah nonkementerian yang menjalankan fungsi intelijen dan berada langsung di bawah serta bertanggung jawab kepada Presiden. Karier panjang tersebut membuat Herindra memiliki pengalaman di sejumlah sektor strategis, mulai dari pasukan khusus, komando kewilayahan, struktur pimpinan TNI, pertahanan hingga intelijen."
https://www.tribunnews.com/sport/7883250/motogp-austria-2026-jadi-ujian-jorge-martin-arm-pump-bisa-berujung-operasi-sebelum-tur-asia,www.tribunnews.com,olahraga,"MotoGP Austria 2026 Jadi Ujian Jorge Martin, Arm Pump Bisa Berujung Operasi sebelum Tur Asia",2026-09-16 12:33,"TRIBUNNEWS.COM-Jorge Martinmenghadapi situasi krusial jelangMotoGP Austriasetelah kondisiarm pumpyang mengganggunya di Misano akan dievaluasi untuk menentukan apakah pembalapApriliatersebut membutuhkanoperasi. Untuk informasi,arm pumpterjadi ketika otot lengan bekerja terlalu keras membuat terasa kaku dan berat sehingga pembalap kesulitan mengoperasikan motor secara maksimal. Evaluasi terhadap masalah pada lengan Martin dijadwalkan berlangsung pada Rabu sebelum rangkaianMotoGP Austriadimulai di Red Bull Ring akhir pekan ini. Pemeriksaan tersebut menjadi penting karena kondisi fisik Martin berpotensi memengaruhi perjuangannya dalam perebutan gelar juara duniaMotoGP2026. Juara duniaMotoGP2024 itu sebenarnya sempat berada di jalur untuk memenangiMotoGPSan Marino sebelum masalah arm pump membuat kecepatannya menurun. Kondisi tersebut dimanfaatkan Marc Marquez untuk merebut kemenangan kelimanya musim ini sekaligus mengambil alih puncak klasemen dengan koleksi 274 poin. Marco Bezzecchi Tak Mau Larut dalam Kekecewaan Misano, Target Bangkit di MotoGP Austria 2026 Martin kini juga mengoleksi 274 poin, tetapi harus kehilangan posisi teratas karena Marquez unggul dalam jumlah kemenangan pada musim 2026. MenurutMotorsport, Martin akan menjalani pemeriksaan bersama tim medis pada hari ini Rabu (16/9/2026) untuk mengetahui penanganan yang paling tepat. Hasil evaluasi tersebut nantinya akan menentukan apakah Martin perlu menjalanioperasipada lengannya di tengah fase penting persaingan gelar juara dunia. Martin mengakui balapan di Misano tidak berjalan sesuai harapan meskipun dirinya sempat merasakan kecepatan yang cukup untuk bersaing di barisan depan. ""Misano tidak berjalan persis seperti yang kami harapkan,"" ujar Martin melansirMotorsport. Meski demikian, Martin menilai penampilannya di Misano punya itme balapan yang bagus sebelum masalah pada lengannya mulai muncul. Martin menyebut keputusan mengenai penanganan masalah fisiknya baru akan dibahas lebih lanjut setelah dirinya menjalaniMotoGP Austria. ""Setelah Austria, kami akan mengevaluasi bagaimana cara menangani masalah fisik ini dan memeriksa solusi yang mungkin dilakukan,"" tutur Martin. Di tengah kondisi tersebut, Martin tetap memberikan apresiasi kepadaApriliayang terus membantunya menemukan kembali rasa percaya diri di atas motor."
https://www.tribunnews.com/sport/7883217/an-se-young-capai-100-pekan-di-ranking-1-dunia-butuh-19-minggu-lagi-pecahkan-rekor,www.tribunnews.com,olahraga,"An Se-young Capai 100 Pekan di Ranking 1 Dunia, Butuh 19 Minggu Lagi Pecahkan Rekor",2026-09-16 11:45,"TRIBUNNEWS.COM- An Se-young resmi menembus 100 pekan beruntun sebagai pemain nomor satu dunia sektor tunggal putri dan kini mulai mendekati rekorLi Xuerui(China) sebagai pemegang catatan terlama di era peringkat dunia BWF. Capaian tersebut modal penting An Se-young menjelangAsian Games 2026di Aichi-Nagoya, Jepang, yang akan menjadi penampilan keduanya dalam ajang multi-event terbesar di Asia. An Se-young hanya membutuhkan 19 pekan lagi hingga 26 Januari 2027 untuk menyamai catatan Li. Peluangnya memecahkan rekor tersebut pada 2 Februari 2027 sebagai pemain tunggal putri dengan jumlah pekan terbanyak di peringkat satu dunia pada era BWF World Ranking. Di tengah pencapaian tersebut, An Se-young memilih pendekatan yang lebih santai ketika berbicara mengenaiAsian Games 2026karena ingin menikmati setiap pertandingan. ""Saya tahu para penggemar memiliki ekspektasi yang besar terhadap saya, dan saya juga merasa percaya diri,"" kata An seperti dikutipKorea JoongAng Daily. Mimpi Tomoka Miyazaki Menuju Debut Asian Games 2026, Hadapi An Se-young Lagi di Final An Se-young datang ke Aichi-Nagoya dengan misi mempertahankan dua medali emas yang diraihnya tiga tahun lalu. Tepatnya saat membantu Korea menjadi juara beregu putri sekaligus merebut emas tunggal putri pada Asian Games Hangzhou 2022. ""Jelas, sebagai seorang atlet, selalu menyenangkan untuk memenangkan medali emas."" ""Tetapi saya akan berusaha untuk tidak memberikan tekanan tambahan kepada diri sendiri dan hanya mencoba memainkan permainan saya serta menikmati pengalaman ini semaksimal mungkin,"" ujarnya. Menariknya, An Se-young mengakui bahwa dirinya justru tidak terlalu percaya diri ketika tampil pada Asian Games tiga tahun lalu meskipun mampu membawa pulang dua medali emas. Kondisi tersebut membuatnya belum menikmati sepenuhnya momen keberhasilannya di Hangzhou karena masih dibayangi tekanan dan keraguan terhadap permainan sendiri. ""Sekarang saya lebih berpengalaman dan lebih memahami apa yang harus saya lakukan untuk memastikan bisa menikmati diri sendiri,"" tutur An Se-young. ""Saya merasa lebih rileks sekarang ketika berada di lapangan dibandingkan sebelumnya,"" lanjutnya. Status sebagai pemain nomor satu dunia selama 100 pekan secara beruntun tampaknya turut memberikan ketenangan bagi An Se-young dalam menghadapi berbagai tantangan."
https://www.tribunnews.com/sport/7883199/kabar-terbaru-ai-ogura-jelang-motogp-austria-2026-trackhouse-ungkap-syarat-comeback,www.tribunnews.com,olahraga,"Kabar Terbaru Ai Ogura Jelang MotoGP Austria 2026, Trackhouse Ungkap Syarat Comeback",2026-09-16 11:07,"TRIBUNNEWS.COM-Ai Ogurabersiap kembali mengaspal bersama TrackhouseMotoGPpadaMotoGP Austria 2026di Spielberg setelah melewati masa pemulihan akibat cedera patah ibu jari kiri yang membuatnya absen dalam dua seri terakhir. Kepastian tersebut disampaikan Trackhouse dengan menyebut Ogura akan melakukan perjalanan menuju Austria untuk melanjutkan perjuangannya di kejuaraan duniaMotoGP2026. ""TrackhouseMotoGPdengan senang hati mengumumkan bahwaAi Ogura, setelah menjalani operasi menjelang akhir pekan balapan Aragon tiga pekan lalu dan rehabilitasi intensif di Barcelona,"" tulis Trackhouse. ""Kini Ogura akan melakukan perjalanan ke Austria untuk melanjutkan perjuangannya di kejuaraan."" Meski demikian, Ogura belum sepenuhnya dipastikan dapat mengikuti balapan karena harus terlebih dahulu menjalani pemeriksaan medis pada Kamis (17/9/2026). ""Dengan syarat dia lolos pemeriksaan medis yang diperlukan pada Kamis, dia akan kembali mengendarai RS-GP26 dan siap menemukan kembali kecepatannya seperti biasa setelah jeda selama satu bulan,"" lanjut pernyataan Trackhouse. MotoGP San Marino 2026: Ai Ogura Masuk Daftar Sementara, Lampu Hijau Dokter Dinanti Cedera tersebut dialami Ogura pada akhir Agustus ketika pembalap asal Jepang itu menjalani latihan motocross di negara asalnya dan mengalami patah pada ibu jari kiri. Ogura kemudian melakukan perjalanan menuju Barcelona untuk menjalani operasi sebelum menjalani program rehabilitasi intensif demi memulihkan kondisinya. Cedera memaksa Ogura melewatkan balapanMotoGPAragon dan Misano sehingga kehilangan kesempatan untuk menambah koleksi poin dalam persaingan klasemen musim 2026. Sebelumnya, Ogura menempati P2 klasemen sementara dan berada dalam persaingan di papan atas. Tapi dua seri tanpa poin membuat posisinya mengalami penurunan. Ketika Ogura menepi, persaingan di tiga besar bergejolak setelah Marc Marquez dan Marco Bezzecchi melesat pada seri Aragon dan mulai memberikan tekanan kepada Jorge Martin. Situasi tersebut kembali berubah padaMotoGPMisano setelah Bezzecchi mengalami kecelakaan sehingga gagal mengamankan poin penuh dari balapan utama. Hasil tersebut membuat Marquez dan Martin kini sama-sama mengoleksi 274 poin, tetapi Baby Alien berhak menempati posisi puncak karena unggul dalam jumlah kemenangan. Perubahan peta persaingan itu turut berdampak terhadap Ogura yang harus rela turun dari posisi kedua hingga terlempar dari lima besar klasemen sementara. Fabio Di Giannantonio dan Pedro Acosta menjadi dua pembalap yang berhasil menyalip Ogura selama dirinya absen dalam dua seri balapan."
https://www.tribunnews.com/sport/7883183/mengenal-sistem-pertandingan-beregu-badminton-asian-games-2026-mirip-thomas-dan-uber-cup,www.tribunnews.com,olahraga,"Mengenal Sistem Pertandingan Beregu Badminton Asian Games 2026, Mirip Thomas dan Uber Cup",2026-09-16 10:43,"TRIBUNNEWS.COM-BadmintonAsian Games 2026akan lebih dulu mempertandingkan nomor beregu putra dan putri dengan format yang mempertemukan kekuatan sektor tunggal serta ganda dalam pertandingan beregu. Nomor beregu menggunakan format tiga pertandingan tunggal dan dua pertandingan ganda, sehingga tim harus mengamankan setidaknya tiga kemenangan untuk memastikan kemenangan atas lawannya. Format tersebut membuat kedalaman skuad menjadi penting karena kemenangan tidak hanya ditentukan oleh pemain tunggal, tetapi juga pasangan ganda yang diturunkan. Sistem itu bukan sesuatu asing dalam kompetisi badminton beregu karena memiliki kemiripan dengan Thomas Cup dan Uber Cup yang menjadi kejuaraan beregu dunia. Dokumen regulasi Asian Games yang diterbitkanOlympic Council of Asia (OCA)menyebut daftar pemain untuk nomor beregu badminton mengikuti urutan yang diatur dalam regulasi Thomas dan Uber Cup yang berada di bawahBWF. Jadwal Padat Badminton Asian Games 2026 Bak Tantangan Nyata Perburuan Medali Emas Sementara itu, laman resmiAichi-Nagoya 2026memastikan setiap pertandingan badminton dimainkan dengan formatbest of three games. Atau lebih mudahnya, di mana pemain atau pasangan yang lebih dulu memenangkan dua gim akan menjadi pemenang. Kemiripan denganThomas dan Uber Cupjuga terlihat dari kemungkinan seorang pemain berkontribusi di dua sektor berbeda yakni turun pada nomor tunggal sekaligus ganda. RegulasiThomas dan Uber CupBWFsecara tegas mengatur bahwa seorang pemain tidak boleh tampil lebih dari satu pertandingan tunggal dan satu pertandingan ganda dalam satu tie, sehingga pemain yang diturunkan rangkap tetap memiliki batas. Aturan tersebut membuat pemain spesialis ganda tetap dapat membantu tim pada sektor lain apabila dibutuhkan. Akan tetapi tidak dapat memainkan dua pertandingan tunggal atau dua pertandingan ganda dalam satu pertemuan. Dalam praktiknya, kondisi seperti ini membuat pelatih harus menyusun komposisi berdasarkan kekuatan pemain, pasangan ganda, serta urutan pertandingan. BWF menyediakan beberapa kemungkinan urutan pertandingan dalamThomas dan Uber Cup, sehingga komposisi pemain tidak sekadar ditentukan berdasarkan urutan tunggal dan ganda secara kaku. Contoh Order of Play Nomor Beregu Putra/Putri Dengan format tersebut, satu negara pada akhirnya tidak cukup hanya mengandalkan satu atau dua pemain unggulan karena setiap tie dapat berlangsung hingga lima pertandingan."
https://www.tribunnews.com/sport/7883165/bezzecchi-crash-martin-gagal-podium-marquez-berhasil-mainkan-psikologis-rival,www.tribunnews.com,olahraga,"Bezzecchi Crash, Martin Gagal Podium: Marquez Berhasil Mainkan Psikologis Rival",2026-09-16 10:11,"TRIBUNNEWS.COM- Juara dunia MotoGP 7 kali, Marc Marquez dinilai berhasil memainkan tekanan psikologis terhadap para rivalnya hingga berujung pada akhir pekan sempurna diMotoGP San Marino 2026. Pembalap Ducati Lenovo Team tersebut menyapu bersih dua balapan yang digelar di Sirkuit Misano, Rimini, Italia, akhir pekan lalu. The Baby Alien menjadi pemenang sprint race sekaligus balapan utama pada seri ke-14MotoGP 2026. Namun, kemenangan itu tidak diraih dengan mudah. Marquez harus menghadapi persaingan ketat, terutama dari duo Aprilia, Marco Bezzecchi dan Jorge Martin, yang tampil kompetitif sepanjang rangkaian MotoGP San Marino 2026. Bezzecchi bahkan mengawali balapan dari posisi terdepan setelah merebut pole position pada sesi kualifikasi. Pembalap jebolan VR46 Riders Academy milik Valentino Rossi tersebut unggul 0,198 detik atas Marquez yang menempati posisi kedua. Kendati demikian, keunggulan tersebut tidak mampu dipertahankan Bezzecchi dalam sprint race. Pembalap Italia itu harus puas finis di posisi kedua, tepat di belakang Marquez. Jorge Martin juga menunjukkan performa solid dengan mengamankan posisi ketiga pada sprint race. Duet Aprilia itu pun terlihat menjadi ancaman serius bagi Marquez. Situasi berubah drastis pada balapan utama. Marquez kembali menunjukkan kecepatannya dan berhasil mengatasi tekanan dari para pembalap Aprilia. Martin harus keluar dari zona podium setelah finis di posisi kelima. Marco Bezzecchi Tak Mau Larut dalam Kekecewaan Misano, Target Bangkit di MotoGP Austria 2026 Sementara itu, nasib Bezzecchi jauh lebih buruk. Pembalap Italia tersebut mengalamicrashketika balapan bahkan belum menyelesaikan satu putaran. Hasil tersebut membawa Marquez kembali ke puncak klasemenMotoGP 2026. Ia kini mengoleksi 274 poin, sama denganJorge Martin."
https://www.tribunnews.com/sport/7883146/mimpi-tomoka-miyazaki-menuju-debut-asian-games-2026-hadapi-an-se-young-lagi-di-final,www.tribunnews.com,olahraga,"Mimpi Tomoka Miyazaki Menuju Debut Asian Games 2026, Hadapi An Se-young Lagi di Final",2026-09-16 09:32,"TRIBUNNEWS.COM- Tunggal putri JepangTomoka Miyazakimembawa mimpi ke Asian Games Aichi-Nagoya 2026 dapat berkontribusi untuk Jepang di nomor beregu sekaligus melangkah jauh pada nomor perorangan hingga kembali menantang An Se-young (Korea). Tomoka yang kini menempati peringkat ketujuh dunia menjadi salah satu andalan Jepang di balik Akane Yamaguchi dan memiliki peluang menghadapi An Se-young yang berstatus unggulan pertama. Keinginan tersebut tidak terlepas dari pertemuan terbaru keduanya pada final China Masters 2026 level Super 750 ketika Tomoka menyingkirkan Wang Zh Yi di semifinal namun harus puas menjadi runner-up setelah gagal mengalahkan An Se-young. Badminton Spirit JapanmenujuAsian Games 2026membahas perkembangan dari Tomoka pemain kelahiran 2006 tersebut. Tomoka memang tengah menunjukkan peningkatan signifikan sepanjang tahun ini hingga menembus peringkat ketujuh dunia. Perjalanan tersebut dimulai dari keberhasilannya mencapai perempat final All England Open level Super 1000, delapan besar Kejuaraan Asia, Singapore Open Super 750, dan Indonesia Open Super 1000. Sering Tertipu Permainan An Se-young, Tomoka Miyazaki Kebingungan di Final China Masters 2026 Tomoka kemudian meraih posisi ketiga pada China Open Super 1000 pada Juli, sebelum membuat kejutan lebih besar di China Masters dengan mengalahkan pemain nomor dua dunia asal China, Wang. Kemenangan tersebut mengantarkan Miyazaki ke final dan kembali mempertemukannya dengan An Se-young, tetapi perjuangan sengit itu berakhir dengan posisi runner-up. Menjelang Asian Games yang akan menjadi pengalaman pertamanya, Tomoka mengakui kemungkinan merasakan tekanan berbeda. Sebab multi-event tersebut digelar di Jepang sebagai kandangnya, tetapi kondisi permainannya membuatnya tetap optimistis. ""Karena ini kompetisi pertama saya, saya pikir saya akan gugup karena digelar di Jepang,"" buka Tomoka sebagaimana dilansir media Jepang tersebut. ""Tetapi kondisi saya membaik dengan kecepatan yang baik, jadi saya berharap bisa menunjukkan kemampuan saya sepenuhnya."" Tomoka menegaskan keinginannya untuk memberikan kontribusi bagi Jepang sebelum mengejar target pribadi. ""Saya ingin berkontribusi untuk Jepang dan tim di nomor beregu, saya juga memiliki keinginan untuk melaju jauh di nomor perorangan,"" ujarnya. Perkembangan pemain 20 tahun itu juga membuat Jepang terkejut setelah pencapaiannya sebagai runner-up China Masters."
https://www.tribunnews.com/sport/7883131/jadwal-voli-putri-asian-games-2026-mulai-16-september-jepang-vs-nepal-indonesia-menonton-dulu,www.tribunnews.com,olahraga,"Jadwal Voli Putri Asian Games 2026: Mulai 16 September, Jepang vs Nepal, Indonesia Menonton Dulu",2026-09-16 08:59,"TRIBUNNEWS.COM- Jadwal voli putri padaAsian Games 2026mulai bergulir hari ini, Rabu (16/9/2026). Sebanyak enam pertandingan akan berlangsung. Venue pertandingan voli indoor putriAsian Games 2026terbagi di dua tempat, yakni Okazaki Central Park General Gymnasium dan Park Arena Komaki. Laga dibuka lewat sepasang pertandingan yang dimulai di waktu sama, yakni pukul 11.00 WIB, mempertemukan China vs Filipina dan Vietnam vs Qatar. Kemudian pada jam 14.00 WIB, Korea Selatan akan menghadapi HongKong, sedangkan tim voli putri terkuat di ASEAN, Thailad berjumpa Mongolia. Dua pertandingan terakhir hari pertama ditutup lewat duel China Taipei vs Kirgistan, danJepangvsNepal. KhususJepangdanNepalmerupakan tim yang segrup denganTimnas Voli Putri Indonesiadi Pool A. Timnas Voli Putri Indonesia akan memulai perjuangannya di fase grupAsian Games 2026pada Kamis (17/9/2026). Garuda Pertiwi dijadwalkan menghadapiNepalpada laga perdana yang berlangsung pukul 17.20 WIB. Sehari berselang, Indonesia kembali bertanding dengan menghadapi tuan rumahJepang, pada waktu yang sama. Dua pertandingan tersebut menjadi penentu langkah Indonesia untuk melaju ke babak perempat final cabang olahraga bola voli putriAsian Games 2026. Peluang Indonesia untuk mengamankan tiket ke delapan besar cukup terbuka. Syaratnya, skuad Garuda Pertiwi mampu memetik kemenangan atasNepalpada pertandingan pertama. Hasil positif tersebut akan menjadi modal penting bagi Indonesia sebelum menghadapi Jepang. Apes Timnas Voli Putri Vietnam sebelum Tanding di Asian Games 2026, Dibawa ke Hotel yang Salah Dengan posisi lebih nyaman, para pemain bisa tampil lebih lepas saat melawan tuan rumah yang diperkirakan menjadi lawan terberat di fase grup. Selain Indonesia, sejumlah kekuatan utama Asia juga akan menjalani persaingan ketat untuk merebut tiket ke fase gugur. China dan Thailand menjadi beberapa tim yang harus bekerja keras demi menjaga peluang mereka melangkah jauh sekaligus memburu medali."
https://www.tribunnews.com/sport/7883115/aaron-chiatee-kai-wun-duet-baru-malaysia-bawa-misi-akhiri-puasa-emas-20-tahun-asian-games-2026,www.tribunnews.com,olahraga,Aaron Chia/Tee Kai Wun Duet Baru Malaysia Bawa Misi Akhiri Puasa Emas 20 Tahun Asian Games 2026,2026-09-16 08:25,"TRIBUNNEWS.COM- Ganda putra baruMalaysiaAaron Chia/Tee Kai Wunmembawa misi besar untuk mengakhiri penantian 20 tahun medali emas bulu tangkis Asian Games. Aaron Chia yang sebelumnya sukses meraih gelar juara dunia bersamaSoh Wooi Yikpada 2022 kini mendapat pasangan baru. Tetapi perubahan tersebut tidak dianggap sebagai kerugian menjelang persainganAsian Games 2026. Aaron menilai status mereka sebagai pasangan baru justru dapat menjadi keuntungan. Sebab pasangan papan atas belum mengetahui secara mendalam pola permainan yang mereka miliki. ""Kami tentu berharap bisa meraih medali untuk Malaysia, kami datang sebagai pasangan baru, jadi mungkin pasangan lain akan mendapat tekanan lebih besar daripada kami dan saya pikir itu bisa menjadi keuntungan,"" kata Aaron melansirNST. Rachel/Febi Dapat Suntikan Positif dari Ganda Jepang, Bekal Menuju Asian Games 2026 Pemain berusia 29 tahun tersebut juga melihat status sebagai pasangan baru membuat mereka dapat bermain lebih tenang. Mereka tidak membawa ekspektasi sebesar pasangan-pasangan yang sudah mapan di kancah internasional. ""Saya pikir menjadi pasangan baru adalah keuntungan karena beberapa pasangan top mungkin belum mengetahui gaya permainan kami,"" ujar Aaron. Keyakinan tersebut diperkuat oleh pengalamanMalaysiapada Asian Games Doha 2006. Kala itu pasangan baru Koo Kien Keat/Tan Boon Heong mampu merebut medali emas dan mengakhiri persaingan sebagai juara. Aaron/Tee memang berangkat dengan status pasangan yang belum banyak memiliki pengalaman bersama. Namun mereka tidak ingin menjadikan kondisi tersebut sebagai alasan untuk mengecilkan target. ""Kami datang ke Asian Games sebagai underdog, menurut saya hal itu membuat kami bisa bermain lebih tenang dan dengan tekanan yang lebih sedikit, jadi semoga kami bisa membuat terobosan di sana,"" kata Aaron. Satu-satunya pengalaman internasional Aaron/Tee sebagai pasangan terjadi pada Thomas Cup di Horsens, Denmark."
https://www.tribunnews.com/sport/7883082/marco-bezzecchi-tak-mau-larut-dalam-kekecewaan-misano-target-bangkit-di-motogp-austria-2026,www.tribunnews.com,olahraga,"Marco Bezzecchi Tak Mau Larut dalam Kekecewaan Misano, Target Bangkit di MotoGP Austria 2026",2026-09-16 07:04,"TRIBUNNEWS.COM-Marco Bezzecchi membawa tekad kuat untuk segera bangkit dari kesalahan fatal di Misano dengan menjadikan seri Austria sebagai kesempatan mengubah kekecewaan menjadi determinasi. Kesalahan tersebut terasa semakin pahit bagi Bezzecchi karena terjadi di hadapan pendukungnya sendiri. Imbasnya, kesalahan itu membuat pembalap Aprilia tertinggal 33 poin dari pemimpin klasemen sementara. Meski demikian, Bezzecchi memilih tidak berlarut-larut memikirkan insiden tersebut. Murid Valentino Rossi ingin segera kembali mengendarai RS-GP untuk mengejar hasil yang lebih baik pada seri berikutnya. ""Setelah melakukan kesalahan, penting untuk kembali mengendarai motor sesegera mungkin."" ""Saya menyesali kecelakaan tersebut, tetapi kami membawa beberapa hal yang sangat positif seperti pole position dan hasil sprint,"" ujar Bezzecchi melansirMotosan. Marco Bezzecchi Bicara Tekanan Gelar MotoGP: Kalau Tak Mau, Saya Kerja di Bengkel Ayah Hasil tersebut menjadi modal bagi Bezzecchi untuk menatapMotoGP Austriadengan yakin. Keyakinan itu ada karena Aprilia masih memiliki kecepatan yang mampu bersaing dengan motor-motor Ducati dalam berbagai kondisi. Kekecewaan dari Misano belum sepenuhnya hilang, tetapi Bezzecchi ingin menjadikannya sebagai bahan bakar untuk tampil lebih kuat ketika bersaing di Red Bull Ring, Austria. ""Jelas kesalahan di Misano terasa menyakitkan, tetapi kami akan mencoba mengubah rasa sakit itu menjadi determinasi untuk Austria,"" tegas Bezzecchi. Kepercayaan diri tersebut tidak terlepas dari performa RS-GP yang sebelumnya mampu menunjukkan kecepatan kompetitif di Misano. Termasuk ketika Bezzecchi mengamankan pole position sebelum akhirnya gagal memaksimalkan peluang pada balapan utama. Bagi pembalap asal Noale tersebut, Red Bull Ring menjadi tempat yang tepat untuk segera meninggalkan hasil buruk di Misano. Pasalnya karakter sirkuit Austria menuntut akselerasi dan stabilitas motor sejak sesi latihan bebas pertama."
https://www.tribunnews.com/sport/7883077/rachelfebi-dapat-suntikan-positif-dari-ganda-jepang-bekal-menuju-asian-games-2026,www.tribunnews.com,olahraga,"Rachel/Febi Dapat Suntikan Positif dari Ganda Jepang, Bekal Menuju Asian Games 2026",2026-09-16 06:34,"TRIBUNNEWS.COM- Ganda putriIndonesia, Rachel Allessya Rose/Febi Setianingrum mendapat suntikan modal berharga menjelang Asian Games Aichi-Nagoya 2026 setelah menjalani latih tanding bersama sejumlah ganda putri Jepang dari NTT East Badminton Club, Selasa (15/9/2026). Latih tanding tersebut menjadi bagian dari pemusatan latihan tim bulu tangkisIndonesiasekaligus memberikan kesempatan bagi para pemain untuk menguji kesiapan permainan dengan menghadapi karakter lawan yang berbeda. Bagi Rachel/Febi, sesi latihan bersama pemain Jepang terasa lebih menarik karena mereka biasanya berjumpa sebagai lawan dalam turnamen. ""Seru tadi bisa latih tanding dengan ganda-ganda Jepang, biasanya jadi lawan, tapi hari ini bisa latihan bersama, positif sekali hawanya dan ada suasana baru,"" kata Rachel, melansir rilisPBSIyang dikutipDjarum Badminton. Suasana latihan tersebut sekaligus memberikan gambaran kepada Rachel/Febi mengenai karakter permainan ganda putri Jepang yang dikenal memiliki daya juang tinggi dan permainan dengan tenaga yang kuat. Febi menilai kesempatan menghadapi ganda Jepang menjadi pengalaman penting karena salah satu pasangan yang mereka hadapi, Hinata Suzuki/Nao Yamakita, sudah cukup sering tampil dalam turnamen BWF World Tour. Perubahan Skuad Bulu Tangkis China di Asian Games 2026: Chen Bo Yang Out Gegara Sakit, He Ji Ting In ""Ganda Jepang terkenal ulet dan tenaganya cukup kencang, tadi juga adaHinata Suzuki/Nao Yamakitayang sudah sering ikut World Tour Series, ini jadi tambahan modal kami ke Asian Games nanti,"" ujar Febi. Kesempatan menjalani latih tanding tersebut menjadi bagian dari persiapan Rachel/Febi untuk menghadapiAsian Games 2026. Pasangan tersebut ingin memanfaatkan seluruh rangkaian persiapan yang tersedia untuk meningkatkan permainan setelah menjadikan hasil pada Kejuaraan Dunia sebagai bahan evaluasi. ""Hasil dari Kejuaraan Dunia jadi evaluasi bagi kami, di sini kami harus lebih maksimal, tidak mau kalahnya ditingkatkan lagi, senang bisa dipercaya main Asian Games,"" kata Febi. Rachel yang menjadi pasangan Febi juga menyampaikan tekad serupa untuk memberikan penampilan terbaik dalam kesempatan pertama mereka tampil di Asian Games. Bagi keduanya, pengalaman menghadapi pasangan Jepang dalam sesi latihan diharapkan dapat memperkaya persiapan. Latih tanding bersama NTT East Badminton Club pun menjadi salah satu bagian dari rangkaian persiapan timIndonesiauntuk menghadapiAsian Games 2026. Asian Games Aichi-Nagoya 2026 sendiri akan resmi dibuka pada 19 September, sedangkan cabang olahraga bulu tangkis mulai dipertandingkan sehari setelahnya untuk nomor beregu. Pertandingan nomor beregu dijadwalkan berlangsung pada 20-24 September, sebelum persaingan nomor perorangan digelar pada 25-29 September. Dengan Asian Games yang semakin dekat, Rachel/Febi kini memiliki kesempatan mematangkan permainan melalui berbagai sesi persiapan, termasuk pengalaman berlatih tanding menghadapi ganda putri Jepang. Modal tersebut diharapkan dapat membantu Rachel/Febi tampil lebih siap ketika akhirnya turun untuk menjalani debut mereka di panggung Asian Games Aichi-Nagoya 2026. (Tribunnews.com/Niken)"
https://www.tribunnews.com/sport/7883075/media-china-soroti-chen-yu-fei-menanti-duel-ulang-dengan-an-se-young-di-asian-games-2026,www.tribunnews.com,olahraga,"Media China Soroti Chen Yu Fei, Menanti Duel Ulang dengan An Se-young di Asian Games 2026",2026-09-16 06:28,"TRIBUNNEWS.COM- Misi revansChen Yu Feikepada An Se-young menjadi salah satu sorotan media China menjelangAsian Games 2026. Tunggal putri Korea Selatan tersebut dua kali mengalahkan wakil tuan rumah pada edisi Hangzhou tiga tahun lalu. China Youth Networkmelaporkan bahwaChen Yu Feisudah menantikan kesempatan kembali berhadapan dengan An Se-young pada turnamen kali ini dan ingin menampilkan performa terbaiknya. ""PertemuanChen Yu Feidan An Se-young memang memiliki sejarah kuat di Asian Games Hangzhou, keduanya bertemu dua kali dan menghasilkan dua kemenangan untuk An Se-young dalam nomor beregu putri serta tunggal putri,"" tulis media China. Pada final beregu putri Asian Games 2023, An Se-young tampil sebagai pemain pertama Korea Selatan dan menghadapiChen Yu Feiyang merupakan peraih medali emas tunggal putri Olimpiade Tokyo 2020 yang digelar pada 2021. An Se-young saat itu menang dua gim langsung 21-12, 21-13 atas Chen Yu Fei. Asian Games 2026: An Se-young Disebut Tak Punya Rival Seimbang, Emas Kedua di Depan Mata Korea Selatan akhirnya mengalahkan China dengan skor 3-0 untuk merebut medali emas nomor beregu putri Asian Games untuk pertama kalinya dalam 29 tahun. Kedua pemain kemudian kembali bertemu pada final tunggal putri, denganChen Yu Feisempat bangkit setelah kehilangan gim pertama dan memaksakan pertandingan hingga gim penentuan. Namun,Chen Yu Feiakhirnya harus mengakui keunggulan An Se-young dengan skor 21-18, 17-21, 21-8, dalam pertandingan yang juga diwarnai cedera lutut kanan An Se-young. Hasil itu membuatChen Yu Feiharus puas membawa pulang dua medali perak dari Asian Games yang berlangsung di hadapan publik China. Tiga tahun setelah duel di Hangzhou, kesempatan untuk mengulang pertemuan tersebut kembali terbuka ketika Asian Games digelar di Aichi-Nagoya, Jepang, pada 2026. Chen disebutChina Youth Networkmenantikan pertandingan ulang tersebut, tetapi tantangan yang akan dihadapinya kini datang dari An Se-young dengan performa yang semakin kuat. An Se-young baru saja meraih gelar juara dunia setelah mengalahkan wakil Jepang Akane Yamaguchi dengan skor 2-0 pada final Kejuaraan Dunia. Kemenangan tersebut sekaligus memperpanjang catatan An Se-young sebagai pemain nomor satu dunia hingga mencapai 101 pekan secara beruntun menjelang persaingan diAsian Games 2026. Tidak berhenti di Kejuaraan Dunia, An Se-young juga menunjukkan performa impresif pada turnamen BWF World Tour China Masters level Super 750 yang berlangsung sebelum Asian Games."
